# WaveFront *.obj file (generated by Autodesk ATF)

mtllib body4_visual.mtl

g Body4

v 0.350000 -0.580000 3.200000
v 0.350000 -0.568287 3.283009
v 0.350000 -0.534063 3.359537
v 0.350000 -0.480000 3.423607
v 0.350000 -0.480000 2.875000
v 0.350000 -0.452977 2.739147
v 0.350000 -0.376023 2.623977
v 0.350000 -0.260853 2.547023
v 0.350000 -0.125000 2.520000
v 0.350000 0.125000 2.520000
v 0.350000 0.260853 2.547023
v 0.350000 0.376023 2.623977
v 0.350000 0.452977 2.739147
v 0.350000 0.480000 2.875000
v 0.350000 0.480000 3.423607
v 0.350000 0.534063 3.359537
v 0.350000 0.568287 3.283009
v 0.350000 0.580000 3.200000
v 0.350000 0.580000 2.875000
v 0.350000 0.557731 2.734397
v 0.350000 0.493103 2.607558
v 0.350000 0.392442 2.506897
v 0.350000 0.265603 2.442269
v 0.350000 0.125000 2.420000
v 0.350000 -0.125000 2.420000
v 0.350000 -0.265603 2.442269
v 0.350000 -0.392442 2.506897
v 0.350000 -0.493103 2.607558
v 0.350000 -0.557731 2.734397
v 0.350000 -0.580000 2.875000
v 0.250000 0.125000 2.520000
v 0.250000 0.260853 2.547023
v 0.250000 0.376023 2.623977
v 0.250000 0.452977 2.739147
v 0.250000 0.480000 2.875000
v 0.250000 -0.125000 2.520000
v 0.250000 -0.480000 2.875000
v 0.250000 -0.452977 2.739147
v 0.250000 -0.376023 2.623977
v 0.250000 -0.260853 2.547023
v 0.250000 0.480000 3.200000
v 0.273607 0.480000 3.300000
v 0.303866 0.480000 3.356358
v 0.303866 -0.480000 3.356358
v 0.273607 -0.480000 3.300000
v 0.250000 -0.480000 3.200000
v -1.329693 0.000000 3.360000
v -1.329693 -0.130156 3.387665
v -1.329693 -0.237806 3.465878
v -1.329693 -0.304338 3.581115
v -1.329693 -0.318247 3.713449
v -1.329693 -0.277128 3.840000
v -1.329693 -0.188091 3.938885
v -1.329693 -0.066532 3.993007
v -1.329693 0.066532 3.993007
v -1.329693 0.188091 3.938885
v -1.329693 0.277128 3.840000
v -1.329693 0.318247 3.713449
v -1.329693 0.304338 3.581115
v -1.329693 0.237806 3.465878
v -1.329693 0.130156 3.387665
v -6.329693 0.320000 3.680000
v -6.329693 0.292335 3.810156
v -6.329693 0.214122 3.917806
v -6.329693 0.098885 3.984338
v -6.329693 -0.033449 3.998247
v -6.329693 -0.160000 3.957128
v -6.329693 -0.258885 3.868091
v -6.329693 -0.313007 3.746532
v -6.329693 -0.313007 3.613468
v -6.329693 -0.258885 3.491909
v -6.329693 -0.160000 3.402872
v -6.329693 -0.033449 3.361753
v -6.329693 0.098885 3.375662
v -6.329693 0.214122 3.442194
v -6.329693 0.292335 3.549844
v -3.829693 0.320000 3.680000
v -3.829693 -0.033449 3.361753
v -3.829693 0.098885 3.375662
v -3.829693 -0.160000 3.402872
v -3.829693 -0.258885 3.491909
v -3.829693 -0.313007 3.613468
v -3.829693 -0.313007 3.746532
v -3.829693 -0.258885 3.868091
v -3.829693 -0.160000 3.957128
v -3.829693 -0.033449 3.998247
v -3.829693 0.098885 3.984338
v -3.829693 0.214122 3.917806
v -3.829693 0.292335 3.810156
v -3.829693 0.292335 3.549844
v -3.829693 0.214122 3.442194
v 0.772657 0.320000 2.589018
v 0.696221 0.306272 2.536320
v 0.626295 0.266158 2.488115
v 0.568963 0.203106 2.448592
v 0.529191 0.122600 2.421178
v 0.510373 0.031583 2.408206
v 0.514117 -0.062229 2.410787
v 0.540133 -0.150697 2.428719
v 0.586152 -0.226143 2.460441
v 0.648177 -0.282093 2.503199
v 0.720959 -0.313802 2.553376
v 0.798206 -0.318481 2.606633
v 0.873210 -0.295730 2.658347
v 0.939506 -0.247557 2.704059
v 0.991481 -0.178035 2.739898
v 1.024629 -0.093080 2.762756
v 1.036020 -0.000000 2.770611
v 1.029615 0.070131 2.766194
v 1.010713 0.136850 2.753160
v 0.950104 0.236428 2.711367
v 0.862902 0.300600 2.651240
v 0.318452 -0.000000 2.642109
v -1.022442 0.000000 3.338931
v -0.720942 0.000000 3.276118
v -0.430839 0.000000 3.172737
v -0.157564 -0.000000 3.030724
v 0.093769 -0.000000 2.852737
v 0.338710 0.130156 2.660951
v 0.395979 0.237806 2.714218
v 0.480359 0.304338 2.792701
v 0.577258 0.318247 2.882829
v 0.669922 0.277128 2.969017
v 0.742328 0.188091 3.036364
v 0.781958 0.066532 3.073225
v 0.781958 -0.066532 3.073225
v 0.742328 -0.188091 3.036364
v 0.669922 -0.277128 2.969017
v 0.577258 -0.318247 2.882829
v 0.480359 -0.304338 2.792701
v 0.395979 -0.237806 2.714218
v 0.338710 -0.130156 2.660951
v -1.018665 -0.130156 3.366337
v -1.007989 -0.237806 3.443818
v -0.992259 -0.304338 3.557976
v -0.974195 -0.318247 3.689072
v -0.956920 -0.277128 3.814438
v -0.943422 -0.188091 3.912398
v -0.936034 -0.066532 3.966013
v -0.936034 0.066532 3.966013
v -0.943422 0.188091 3.912398
v -0.956920 0.277128 3.814438
v -0.974195 0.318247 3.689072
v -0.992259 0.304338 3.557976
v -1.007989 0.237806 3.443818
v -1.018665 0.130156 3.366337
v -0.713460 -0.130156 3.302753
v -0.692308 -0.237806 3.378051
v -0.661142 -0.304338 3.488992
v -0.625351 -0.318247 3.616395
v -0.591126 -0.277128 3.738230
v -0.564382 -0.188091 3.833430
v -0.549744 -0.066532 3.885535
v -0.549744 0.066532 3.885535
v -0.564382 0.188091 3.833430
v -0.591126 0.277128 3.738230
v -0.625351 0.318247 3.616395
v -0.661142 0.304338 3.488992
v -0.692308 0.237806 3.378051
v -0.713460 0.130156 3.302753
v -0.419792 -0.130156 3.198101
v -0.388558 -0.237806 3.269807
v -0.342540 -0.304338 3.375456
v -0.289694 -0.318247 3.496781
v -0.239158 -0.277128 3.612803
v -0.199669 -0.188091 3.703462
v -0.178056 -0.066532 3.753081
v -0.178056 0.066532 3.753081
v -0.199669 0.188091 3.703462
v -0.239158 0.277128 3.612803
v -0.289694 0.318247 3.496781
v -0.342540 0.304338 3.375456
v -0.388558 0.237806 3.269807
v -0.419792 0.130156 3.198101
v -0.143157 -0.130156 3.054343
v -0.102428 -0.237806 3.121114
v -0.042419 -0.304338 3.219492
v 0.026493 -0.318247 3.332468
v 0.092394 -0.277128 3.440506
v 0.143889 -0.188091 3.524926
v 0.172072 -0.066532 3.571130
v 0.172072 0.066532 3.571130
v 0.143889 0.188091 3.524926
v 0.092394 0.277128 3.440506
v 0.026493 0.318247 3.332468
v -0.042419 0.304338 3.219492
v -0.102428 0.237806 3.121114
v -0.143157 0.130156 3.054343
v 0.111264 -0.130156 2.874168
v 0.160727 -0.237806 2.934755
v 0.233603 -0.304338 3.024021
v 0.317292 -0.318247 3.126532
v 0.397324 -0.277128 3.224563
v 0.459860 -0.188091 3.301163
v 0.494087 -0.066532 3.343088
v 0.494087 0.066532 3.343088
v 0.459860 0.188091 3.301163
v 0.397324 0.277128 3.224563
v 0.317292 0.318247 3.126532
v 0.233603 0.304338 3.024021
v 0.160727 0.237806 2.934755
v 0.111264 0.130156 2.874168
v 0.200000 4.600000 -2.100000
v 0.200000 4.600000 2.100000
v 0.200000 4.580423 2.223607
v 0.200000 4.523607 2.335114
v 0.200000 4.435114 2.423607
v 0.200000 4.323607 2.480423
v 0.200000 4.200000 2.500000
v 0.200000 0.125000 2.500000
v 0.200000 0.240881 2.518354
v 0.200000 0.345419 2.571619
v 0.200000 0.428381 2.654581
v 0.200000 0.481646 2.759119
v 0.200000 0.500000 2.875000
v 0.200000 0.500000 3.900000
v 0.200000 5.750000 3.900000
v 0.200000 5.845671 3.880970
v 0.200000 5.926777 3.826777
v 0.200000 5.980970 3.745671
v 0.200000 6.000000 3.650000
v 0.200000 6.000000 -3.650000
v 0.200000 5.980970 -3.745671
v 0.200000 5.926777 -3.826777
v 0.200000 5.845671 -3.880970
v 0.200000 5.750000 -3.900000
v 0.200000 -5.750000 -3.900000
v 0.200000 -5.845671 -3.880970
v 0.200000 -5.926777 -3.826777
v 0.200000 -5.980970 -3.745671
v 0.200000 -6.000000 -3.650000
v 0.200000 -6.000000 3.650000
v 0.200000 -5.980970 3.745671
v 0.200000 -5.926777 3.826777
v 0.200000 -5.845671 3.880970
v 0.200000 -5.750000 3.900000
v 0.200000 -0.500000 3.900000
v 0.200000 -0.500000 2.875000
v 0.200000 -0.481646 2.759119
v 0.200000 -0.428381 2.654581
v 0.200000 -0.345419 2.571619
v 0.200000 -0.240881 2.518354
v 0.200000 -0.125000 2.500000
v 0.200000 -4.200000 2.500000
v 0.200000 -4.323607 2.480423
v 0.200000 -4.435114 2.423607
v 0.200000 -4.523607 2.335114
v 0.200000 -4.580423 2.223607
v 0.200000 -4.600000 2.100000
v 0.200000 -4.600000 -2.100000
v 0.200000 -4.580423 -2.223607
v 0.200000 -4.523607 -2.335114
v 0.200000 -4.435114 -2.423607
v 0.200000 -4.323607 -2.480423
v 0.200000 -4.200000 -2.500000
v 0.200000 4.200000 -2.500000
v 0.200000 4.323607 -2.480423
v 0.200000 4.435114 -2.423607
v 0.200000 4.523607 -2.335114
v 0.200000 4.580423 -2.223607
v 0.060000 -4.000000 -2.360000
v 0.060000 -4.000000 2.360000
v 0.060000 -3.500000 2.360000
v 0.060000 -3.500000 -2.360000
v -0.000000 -4.000000 -2.300000
v -0.000000 -4.000000 2.300000
v 0.060000 4.000000 2.360000
v 0.060000 4.000000 -2.360000
v 0.060000 3.500000 -2.360000
v 0.060000 3.500000 2.360000
v 0.500000 2.662100 -1.500000
v 0.500000 2.640383 -1.418950
v 0.500000 2.581050 -1.359617
v 0.500000 2.500000 -1.337900
v 0.500000 2.418950 -1.359617
v 0.500000 2.359617 -1.418950
v 0.500000 2.337900 -1.500000
v 0.500000 2.359617 -1.581050
v 0.500000 2.418950 -1.640383
v 0.500000 2.500000 -1.662100
v 0.500000 2.581050 -1.640383
v 0.500000 2.640383 -1.581050
v -0.000000 2.662100 -1.500000
v -0.000000 2.640383 -1.581050
v -0.000000 2.581050 -1.640383
v -0.000000 2.500000 -1.662100
v -0.000000 2.418950 -1.640383
v -0.000000 2.359617 -1.581050
v -0.000000 2.337900 -1.500000
v -0.000000 2.359617 -1.418950
v -0.000000 2.418950 -1.359617
v -0.000000 2.500000 -1.337900
v -0.000000 2.581050 -1.359617
v -0.000000 2.640383 -1.418950
v -0.000000 4.000000 -2.300000
v -0.000000 4.125000 -2.300000
v 0.060000 4.125000 -2.360000
v 0.060000 4.200000 -2.360000
v 0.060000 -4.200000 -2.360000
v 0.060000 -4.125000 -2.360000
v -0.000000 -4.125000 -2.300000
v -0.000000 -3.500000 -2.300000
v -0.000000 -3.375000 -2.300000
v 0.060000 -3.375000 -2.360000
v 0.060000 -2.875000 -2.360000
v -0.000000 -2.875000 -2.300000
v -0.000000 -2.125000 -2.300000
v 0.060000 -2.125000 -2.360000
v 0.060000 -1.625000 -2.360000
v -0.000000 -1.625000 -2.300000
v -0.000000 -1.500000 -2.300000
v 0.060000 -1.500000 -2.360000
v 0.060000 -1.000000 -2.360000
v -0.000000 -1.000000 -2.300000
v -0.000000 -0.875000 -2.300000
v 0.060000 -0.875000 -2.360000
v 0.060000 -0.375000 -2.360000
v -0.000000 -0.375000 -2.300000
v -0.000000 -0.250000 -2.300000
v 0.060000 -0.250000 -2.360000
v 0.060000 0.250000 -2.360000
v -0.000000 0.250000 -2.300000
v -0.000000 0.375000 -2.300000
v 0.060000 0.375000 -2.360000
v 0.060000 0.875000 -2.360000
v -0.000000 0.875000 -2.300000
v -0.000000 1.000000 -2.300000
v 0.060000 1.000000 -2.360000
v 0.060000 1.500000 -2.360000
v -0.000000 1.500000 -2.300000
v -0.000000 1.625000 -2.300000
v 0.060000 1.625000 -2.360000
v 0.060000 2.125000 -2.360000
v -0.000000 2.125000 -2.300000
v -0.000000 2.875000 -2.300000
v 0.060000 2.875000 -2.360000
v 0.060000 3.375000 -2.360000
v -0.000000 3.375000 -2.300000
v -0.000000 3.500000 -2.300000
v -0.000000 4.000000 2.300000
v -0.000000 4.125000 2.300000
v 0.060000 4.125000 2.360000
v 0.060000 4.200000 2.360000
v 0.060000 4.299498 2.340209
v 0.060000 4.383848 2.283848
v 0.060000 4.440209 2.199498
v 0.060000 4.460000 2.100000
v 0.060000 4.460000 -2.100000
v 0.060000 4.440209 -2.199498
v 0.060000 4.383848 -2.283848
v 0.060000 4.299498 -2.340209
v -0.000000 2.875000 2.300000
v -0.000000 2.125000 2.300000
v -0.000000 2.662100 1.500000
v -0.000000 2.640383 1.581050
v -0.000000 2.581050 1.640383
v -0.000000 2.500000 1.662100
v -0.000000 2.418950 1.640383
v -0.000000 2.359617 1.581050
v -0.000000 2.337900 1.500000
v -0.000000 2.359617 1.418950
v -0.000000 2.418950 1.359617
v -0.000000 2.500000 1.337900
v -0.000000 2.581050 1.359617
v -0.000000 2.640383 1.418950
v 0.500000 2.662100 1.500000
v 0.500000 2.640383 1.581050
v 0.500000 2.581050 1.640383
v 0.500000 2.500000 1.662100
v 0.500000 2.418950 1.640383
v 0.500000 2.359617 1.581050
v 0.500000 2.337900 1.500000
v 0.500000 2.359617 1.418950
v 0.500000 2.418950 1.359617
v 0.500000 2.500000 1.337900
v 0.500000 2.581050 1.359617
v 0.500000 2.640383 1.418950
v 0.060000 -0.375000 2.360000
v 0.060000 -0.875000 2.360000
v -0.000000 -0.375000 2.300000
v -0.000000 -0.250000 2.300000
v 0.060000 -0.250000 2.360000
v 0.060000 0.250000 2.360000
v -0.000000 0.250000 2.300000
v -0.000000 0.375000 2.300000
v 0.060000 0.375000 2.360000
v 0.060000 0.875000 2.360000
v -0.000000 0.875000 2.300000
v -0.000000 1.000000 2.300000
v 0.500000 -2.337900 1.500000
v 0.500000 -2.359617 1.581050
v 0.500000 -2.418950 1.640383
v 0.500000 -2.500000 1.662100
v 0.500000 -2.581050 1.640383
v 0.500000 -2.640383 1.581050
v 0.500000 -2.662100 1.500000
v 0.500000 -2.640383 1.418950
v 0.500000 -2.581050 1.359617
v 0.500000 -2.500000 1.337900
v 0.500000 -2.418950 1.359617
v 0.500000 -2.359617 1.418950
v -0.000000 -2.337900 1.500000
v -0.000000 -2.359617 1.418950
v -0.000000 -2.418950 1.359617
v -0.000000 -2.500000 1.337900
v -0.000000 -2.581050 1.359617
v -0.000000 -2.640383 1.418950
v -0.000000 -2.662100 1.500000
v -0.000000 -2.640383 1.581050
v -0.000000 -2.581050 1.640383
v -0.000000 -2.500000 1.662100
v -0.000000 -2.418950 1.640383
v -0.000000 -2.359617 1.581050
v 0.500000 -2.337900 -1.500000
v 0.500000 -2.359617 -1.418950
v 0.500000 -2.418950 -1.359617
v 0.500000 -2.500000 -1.337900
v 0.500000 -2.581050 -1.359617
v 0.500000 -2.640383 -1.418950
v 0.500000 -2.662100 -1.500000
v 0.500000 -2.640383 -1.581050
v 0.500000 -2.581050 -1.640383
v 0.500000 -2.500000 -1.662100
v 0.500000 -2.418950 -1.640383
v 0.500000 -2.359617 -1.581050
v -0.000000 -2.337900 -1.500000
v -0.000000 -2.359617 -1.581050
v -0.000000 -2.418950 -1.640383
v -0.000000 -2.500000 -1.662100
v -0.000000 -2.581050 -1.640383
v -0.000000 -2.640383 -1.581050
v -0.000000 -2.662100 -1.500000
v -0.000000 -2.640383 -1.418950
v -0.000000 -2.581050 -1.359617
v -0.000000 -2.500000 -1.337900
v -0.000000 -2.418950 -1.359617
v -0.000000 -2.359617 -1.418950
v 1.300000 5.750000 -3.990000
v 1.290000 5.750000 -4.000000
v 1.290000 5.883939 -3.973358
v 1.290000 5.997487 -3.897487
v 1.290000 6.073358 -3.783939
v 1.290000 6.100000 -3.650000
v 1.300000 6.090000 -3.650000
v 1.300000 6.064119 -3.780112
v 1.300000 5.990416 -3.890416
v 1.300000 5.880112 -3.964119
v 1.300000 -5.750000 -3.990000
v 1.290000 -5.750000 -4.000000
v 1.300000 -6.090000 -3.650000
v 1.290000 -6.100000 -3.650000
v 1.290000 -6.073358 -3.783939
v 1.290000 -5.997487 -3.897487
v 1.290000 -5.883939 -3.973358
v 1.300000 -5.880112 -3.964119
v 1.300000 -5.990416 -3.890416
v 1.300000 -6.064119 -3.780112
v 1.300000 -6.090000 3.650000
v 1.290000 -6.100000 3.650000
v 1.300000 -5.750000 3.990000
v 1.290000 -5.750000 4.000000
v 1.290000 -5.883939 3.973358
v 1.290000 -5.997487 3.897487
v 1.290000 -6.073358 3.783939
v 1.300000 -6.064119 3.780112
v 1.300000 -5.990416 3.890416
v 1.300000 -5.880112 3.964119
v 1.300000 5.750000 3.990000
v 1.290000 5.750000 4.000000
v 1.300000 6.090000 3.650000
v 1.290000 6.100000 3.650000
v 1.290000 6.073358 3.783939
v 1.290000 5.997487 3.897487
v 1.290000 5.883939 3.973358
v 1.300000 5.880112 3.964119
v 1.300000 5.990416 3.890416
v 1.300000 6.064119 3.780112
v 0.300000 5.750000 4.000000
v 0.300000 0.500000 4.000000
v 0.690000 0.500000 4.000000
v 0.844508 0.475528 4.000000
v 0.983893 0.404508 4.000000
v 1.094508 0.293893 4.000000
v 1.165528 0.154508 4.000000
v 1.190000 -0.000000 4.000000
v 1.165528 -0.154508 4.000000
v 1.094508 -0.293893 4.000000
v 0.983893 -0.404508 4.000000
v 0.844508 -0.475528 4.000000
v 0.690000 -0.500000 4.000000
v 0.300000 -0.500000 4.000000
v 0.300000 -5.750000 4.000000
v 0.300000 6.100000 3.650000
v 0.300000 6.073358 3.783939
v 0.300000 5.997487 3.897487
v 0.300000 5.883939 3.973358
v 0.300000 6.100000 -3.650000
v 0.220000 -0.480000 3.891716
v 0.220000 -0.480000 2.875000
v 0.308284 -0.480000 3.980000
v 0.308284 0.480000 3.980000
v 0.690000 0.480000 3.980000
v 0.690000 -0.480000 3.980000
v 0.838328 0.456507 3.980000
v 0.972137 0.388328 3.980000
v 1.078328 0.282137 3.980000
v 1.146507 0.148328 3.980000
v 1.170000 -0.000000 3.980000
v 1.146507 -0.148328 3.980000
v 1.078328 -0.282137 3.980000
v 0.972137 -0.388328 3.980000
v 0.838328 -0.456507 3.980000
v 0.220000 0.480000 3.891716
v 0.220000 -0.125000 2.520000
v 0.220000 -0.452977 2.739147
v 0.220000 -0.376023 2.623977
v 0.220000 -0.260853 2.547023
v 0.220000 0.480000 2.875000
v 0.220000 0.125000 2.520000
v 0.220000 0.260853 2.547023
v 0.220000 0.376023 2.623977
v 0.220000 0.452977 2.739147
v -0.000000 -2.125000 2.300000
v -0.000000 -2.875000 2.300000
v 0.300000 5.750000 -4.000000
v 0.300000 5.883939 -3.973358
v 0.300000 5.997487 -3.897487
v 0.300000 6.073358 -3.783939
v 0.300000 -5.750000 -4.000000
v -0.000000 -3.500000 2.300000
v -0.000000 -3.375000 2.300000
v -0.000000 -4.125000 2.300000
v -0.000000 -1.500000 2.300000
v -0.000000 -1.625000 2.300000
v -0.000000 -0.875000 2.300000
v -0.000000 -1.000000 2.300000
v -0.000000 1.500000 2.300000
v -0.000000 1.625000 2.300000
v -0.000000 3.375000 2.300000
v -0.000000 3.500000 2.300000
v 0.060000 3.375000 2.360000
v 0.060000 2.875000 2.360000
v 0.060000 1.000000 2.360000
v 0.060000 1.500000 2.360000
v 0.060000 -1.000000 2.360000
v 0.060000 -1.500000 2.360000
v 0.060000 -2.125000 2.360000
v 0.060000 -1.625000 2.360000
v 0.060000 -4.460000 2.100000
v 0.060000 -4.440209 2.199498
v 0.060000 -4.383848 2.283848
v 0.060000 -4.299498 2.340209
v 0.060000 -4.200000 2.360000
v 0.060000 -4.125000 2.360000
v 0.060000 -4.299498 -2.340209
v 0.060000 -4.383848 -2.283848
v 0.060000 -4.440209 -2.199498
v 0.060000 -4.460000 -2.100000
v 0.060000 1.625000 2.360000
v 0.060000 2.125000 2.360000
v 0.060000 -3.375000 2.360000
v 0.060000 -2.875000 2.360000
v 0.300000 -6.100000 -3.650000
v 0.300000 -5.883939 -3.973358
v 0.300000 -5.997487 -3.897487
v 0.300000 -6.073358 -3.783939
v 0.300000 -6.100000 3.650000
v 0.300000 -6.073358 3.783939
v 0.300000 -5.997487 3.897487
v 0.300000 -5.883939 3.973358
v 0.757963 0.345873 2.610314
v 0.649019 0.319545 2.535145
v 0.556660 0.244569 2.471420
v 0.494948 0.132360 2.428840
v 0.473278 0.000000 2.413888
v 0.494948 -0.132360 2.428840
v 0.556660 -0.244569 2.471420
v 0.649019 -0.319545 2.535145
v 0.757963 -0.345873 2.610314
v 0.866907 -0.319545 2.685483
v 0.959265 -0.244569 2.749208
v 1.020977 -0.132360 2.791787
v 1.042648 -0.000000 2.806739
v 1.020977 0.132360 2.791787
v 0.959265 0.244569 2.749208
v 0.866907 0.319545 2.685483
v 0.757963 0.350002 2.610314
v 0.647718 0.323360 2.534248
v 0.554257 0.247489 2.469762
v 0.491808 0.133940 2.426674
v 0.469879 0.000000 2.411543
v 0.491808 -0.133940 2.426674
v 0.554257 -0.247489 2.469762
v 0.647718 -0.323360 2.534248
v 0.757963 -0.350003 2.610314
v 0.868208 -0.323360 2.686380
v 0.961669 -0.247489 2.750866
v 1.024117 -0.133940 2.793954
v 1.046046 -0.000000 2.809084
v 1.024117 0.133940 2.793954
v 0.961669 0.247489 2.750866
v 0.868208 0.323360 2.686380
v 0.200000 -0.460000 3.900000
v 0.200000 -0.460000 2.875000
v 0.300000 0.460000 4.000000
v 0.690000 0.460000 4.000000
v 0.690000 -0.460000 4.000000
v 0.847329 0.432259 4.000000
v 0.985682 0.352380 4.000000
v 1.088372 0.230000 4.000000
v 1.143012 0.079878 4.000000
v 1.143012 -0.079878 4.000000
v 1.088372 -0.230000 4.000000
v 0.985682 -0.352380 4.000000
v 0.847329 -0.432259 4.000000
v 0.300000 -0.460000 4.000000
v 0.200000 0.460000 3.900000
v 0.200000 -0.125000 2.540000
v 0.200000 -0.434500 2.746801
v 0.200000 -0.361881 2.638119
v 0.200000 -0.253199 2.565500
v 0.200000 0.125000 2.540000
v 0.200000 0.460000 2.875000
v 0.200000 0.253199 2.565500
v 0.200000 0.361881 2.638119
v 0.200000 0.434500 2.746801
v 0.300000 -0.370000 4.000000
v 0.200000 -0.370000 3.900000
v 0.300000 0.370000 4.000000
v 0.690000 0.370000 4.000000
v 0.816547 0.347686 4.000000
v 0.927831 0.283436 4.000000
v 1.010429 0.185000 4.000000
v 1.054379 0.064250 4.000000
v 1.054379 -0.064250 4.000000
v 1.010429 -0.185000 4.000000
v 0.927831 -0.283436 4.000000
v 0.816547 -0.347686 4.000000
v 0.690000 -0.370000 4.000000
v 0.308284 -0.350000 3.980000
v 0.220000 -0.350000 3.891716
v 0.220000 0.350000 3.891716
v 0.308284 0.350000 3.980000
v 0.200000 0.370000 3.900000
v 0.690000 0.350000 3.980000
v 0.690000 -0.350000 3.980000
v 0.823939 0.323358 3.980000
v 0.937487 0.247487 3.980000
v 1.013358 0.133939 3.980000
v 1.040000 -0.000000 3.980000
v 1.013358 -0.133939 3.980000
v 0.937487 -0.247487 3.980000
v 0.823939 -0.323358 3.980000
v 0.220000 -0.350000 2.875000
v 0.200000 -0.370000 2.875000
v 0.220000 -0.332873 2.788896
v 0.220000 -0.284099 2.715901
v 0.220000 -0.211104 2.667127
v 0.220000 -0.125000 2.650000
v 0.200000 -0.125000 2.630000
v 0.200000 -0.218757 2.648650
v 0.200000 -0.298241 2.701759
v 0.200000 -0.351350 2.781243
v 0.220000 0.125000 2.650000
v 0.200000 0.125000 2.630000
v 0.220000 0.211104 2.667127
v 0.220000 0.284099 2.715901
v 0.220000 0.332873 2.788896
v 0.220000 0.350000 2.875000
v 0.200000 0.370000 2.875000
v 0.200000 0.351350 2.781243
v 0.200000 0.298241 2.701759
v 0.200000 0.218757 2.648650
v 0.573722 -0.350000 2.875005
v 0.690000 -0.350000 2.711144
v 0.575900 -0.350000 2.876511
v 0.575174 -0.350002 2.876010
v 0.574448 -0.350002 2.875509
v 0.690000 0.350000 2.711144
v 0.690779 0.349999 2.710390
v 0.691830 0.349995 2.710140
v 0.694001 0.349977 2.710426
v 0.698207 0.349903 2.711553
v 0.706845 0.349591 2.714144
v 0.723325 0.348406 2.719241
v 0.757429 0.343440 2.729842
v 0.821297 0.324422 2.749726
v 0.934155 0.250712 2.784877
v 0.979076 0.197307 2.798870
v 1.012387 0.136210 2.809246
v 1.032865 0.070282 2.815625
v 1.040000 -0.000000 2.817847
v 1.032865 -0.070282 2.815625
v 1.012387 -0.136210 2.809246
v 0.979076 -0.197307 2.798870
v 0.934155 -0.250712 2.784877
v 0.821297 -0.324422 2.749726
v 0.757429 -0.343440 2.729842
v 0.723325 -0.348406 2.719241
v 0.706845 -0.349591 2.714144
v 0.698207 -0.349903 2.711553
v 0.694001 -0.349977 2.710426
v 0.691830 -0.349995 2.710140
v 0.690779 -0.349999 2.710390
v 0.573722 0.350000 2.875005
v 0.574448 0.350002 2.875509
v 0.575174 0.350002 2.876010
v 0.575900 0.350000 2.876511
v 0.573887 -0.350000 2.874641
v 0.573879 -0.349999 2.874218
v 0.573553 -0.349995 2.873439
v 0.572622 -0.349981 2.872049
v 0.570573 -0.349930 2.869411
v 0.566285 -0.349731 2.864114
v 0.557838 -0.349003 2.853862
v 0.540454 -0.346022 2.832883
v 0.507114 -0.334615 2.793296
v 0.441165 -0.288420 2.720369
v 0.383103 -0.216585 2.669485
v 0.333394 -0.125000 2.650000
v 0.333394 0.125000 2.650000
v 0.382615 0.215831 2.669152
v 0.441500 0.288754 2.720703
v 0.506472 0.334338 2.792545
v 0.540205 0.345965 2.832583
v 0.557746 0.348992 2.853749
v 0.566184 0.349730 2.864002
v 0.570563 0.349929 2.869387
v 0.572593 0.349980 2.872013
v 0.573555 0.349995 2.873441
v 0.573876 0.349999 2.874210
v 0.573887 0.350000 2.874637
v 0.305350 -0.000000 2.650000
v 3.000000 5.378407 2.051407
v 3.000000 5.361296 2.135626
v 3.000000 5.313915 2.207267
v 3.000000 5.242642 2.254552
v 3.000000 5.158313 2.271299
v 3.000000 5.074261 2.254650
v 3.000000 5.002772 2.206759
v 3.000000 4.954831 2.135779
v 3.000000 4.938606 2.051513
v 3.000000 4.955086 1.967159
v 3.000000 5.002997 1.895942
v 3.000000 5.074284 1.847853
v 3.000000 5.158220 1.831275
v 3.000000 5.242575 1.848292
v 3.000000 5.313902 1.895727
v 3.000000 5.361298 1.967278
v 3.030000 5.408407 2.051407
v 3.030000 5.383016 2.160368
v 3.030000 5.314052 2.247439
v 3.030000 5.231203 2.290330
v 3.030000 5.146576 2.301074
v 3.030000 5.064480 2.283070
v 3.030000 4.992252 2.237945
v 3.030000 4.934419 2.163447
v 3.030000 4.908635 2.053178
v 3.030000 4.933338 1.942301
v 3.030000 5.005556 1.853809
v 3.030000 5.107707 1.806095
v 3.030000 5.203024 1.805591
v 3.030000 5.286942 1.836925
v 3.030000 5.349696 1.890617
v 3.030000 5.390700 1.960081
v 3.015000 4.946289 2.153527
v 3.015000 4.926092 2.086618
v 3.015000 4.946710 1.949119
v 3.015000 5.041092 1.847774
v 3.015000 5.175775 1.817057
v 3.015000 5.369635 2.153631
v 3.015000 5.304858 2.235560
v 3.015000 5.210658 2.280253
v 3.015000 5.106064 2.280628
v 3.015000 5.040994 2.254757
v 3.015000 4.986017 2.211050
v 3.015000 4.926216 2.016408
v 3.015000 4.986272 1.891670
v 3.015000 5.106011 1.821841
v 3.015000 5.244225 1.832812
v 3.015000 5.304978 1.867548
v 3.015000 5.369733 1.949501
v 2.554358 0.092784 -2.612761
v 2.525412 0.054153 -2.629473
v 2.510236 0.008328 -2.638236
v 2.510400 -0.039945 -2.638141
v 2.525888 -0.085666 -2.629199
v 2.525888 -0.085666 -3.742236
v 2.508608 -0.023891 -3.744349
v 2.518714 0.039453 -3.743114
v 2.554358 0.092784 -3.738755
v 2.500000 -5.462515 -2.644145
v 2.500000 -5.684611 -2.644145
v 2.500000 -5.739847 -2.639759
v 2.500000 -5.793700 -2.626710
v 2.500000 -5.844818 -2.605326
v 2.500000 -5.844818 -3.597520
v 2.500000 -5.825097 -3.671200
v 2.500000 -5.771200 -3.725097
v 2.500000 -5.697520 -3.744818
v 2.500000 -5.462502 -3.744818
v 2.500000 -5.462506 -3.744500
v 2.500000 -5.462509 -3.744182
v 2.500000 -5.462510 -3.743863
v 2.500000 -5.462513 -3.743545
v 2.310467 6.044544 -3.597520
v 2.313661 6.017979 -3.730225
v 2.314783 5.942734 -3.842734
v 2.313661 5.830225 -3.917979
v 2.310467 5.697520 -3.944544
v 1.300000 5.750476 -3.997500
v 1.300000 5.883348 -3.971103
v 1.300000 5.995917 -3.895917
v 1.300000 6.071103 -3.783348
v 1.300000 6.097500 -3.650476
v 2.310467 -5.411188 -3.944544
v 2.310467 -5.697520 -3.944544
v 1.300000 -5.750476 -3.997500
v 2.310467 4.969091 -3.944544
v 2.601053 4.681030 -3.929315
v 2.852634 4.358345 -3.916130
v 3.061123 4.006278 -3.905203
v 3.223134 3.630550 -3.896713
v 3.336032 3.237265 -3.890796
v 3.397984 2.832814 -3.887549
v 3.407984 2.423768 -3.887025
v 3.365869 2.016772 -3.889232
v 3.272323 1.618441 -3.894135
v 3.128866 1.235245 -3.901653
v 2.937829 0.873411 -3.911665
v 2.702316 0.538818 -3.924008
v 2.426153 0.236902 -3.938481
v 2.358613 0.146762 -3.942020
v 2.323200 0.039837 -3.943876
v 2.323584 -0.072799 -3.943856
v 2.359724 -0.179480 -3.941962
v 2.591196 -0.673109 -3.929831
v 2.772472 -1.187296 -3.920331
v 2.901758 -1.716950 -3.913555
v 2.977774 -2.256830 -3.909572
v 2.999767 -2.801592 -3.908419
v 2.967521 -3.345843 -3.910109
v 2.881353 -3.884196 -3.914625
v 2.742118 -4.411322 -3.921922
v 2.551192 -4.922004 -3.931928
v 2.313661 -5.830225 -3.917979
v 2.314783 -5.942734 -3.842734
v 2.313661 -6.017979 -3.730225
v 2.310467 -6.044544 -3.597520
v 1.300000 -6.097500 -3.650476
v 1.300000 -6.071103 -3.783348
v 1.300000 -5.995917 -3.895917
v 1.300000 -5.883348 -3.971103
v 2.484525 -5.921957 -2.561054
v 2.442442 -5.985211 -2.511615
v 2.381840 -6.027307 -2.458621
v 2.311106 -6.044509 -2.404050
v 2.310467 -6.044544 -2.403572
v 2.405984 -6.014427 -3.597520
v 2.474924 -5.941780 -3.597520
v 2.405984 -5.697520 -3.914427
v 2.474924 -5.697520 -3.841780
v 2.362501 -5.768213 -3.927126
v 2.363830 -5.853040 -3.896205
v 2.494740 -5.774587 -3.773339
v 2.494774 -5.828025 -3.738155
v 2.362981 -6.019647 -3.695143
v 2.408899 -5.998642 -3.688774
v 2.441043 -5.973793 -3.681247
v 2.474533 -5.931025 -3.668307
v 2.494715 -5.881119 -3.653201
v 2.364128 -5.977019 -3.784307
v 2.409705 -5.958658 -3.772027
v 2.441583 -5.937064 -3.757596
v 2.474773 -5.900011 -3.732850
v 2.494764 -5.856837 -3.704017
v 2.364358 -5.926441 -3.844231
v 2.409866 -5.911366 -3.827986
v 2.441691 -5.893673 -3.808916
v 2.474821 -5.863346 -3.776226
v 2.494695 -5.737846 -3.785378
v 2.474656 -5.795463 -3.821052
v 2.441320 -5.813367 -3.861977
v 2.409312 -5.823800 -3.885795
v 2.363569 -5.832661 -3.905995
v 2.363259 -5.811666 -3.914434
v 2.409095 -5.804196 -3.893725
v 2.441174 -5.795389 -3.869265
v 2.474591 -5.780264 -3.827204
v 2.494727 -5.762620 -3.778147
v 2.474432 -5.748792 -3.836497
v 2.440818 -5.758164 -3.880281
v 2.408562 -5.763611 -3.905693
v 2.409495 -5.842825 -3.876612
v 2.441442 -5.830814 -3.853541
v 2.474710 -5.810213 -3.813928
v 2.494752 -5.786202 -3.767762
v 2.763826 -0.592475 -3.730206
v 2.950711 -1.120248 -3.720756
v 3.084728 -1.663856 -3.713980
v 3.164575 -2.218017 -3.709943
v 3.189477 -2.777347 -3.708684
v 3.159191 -3.336411 -3.710215
v 3.074011 -3.889777 -3.714522
v 2.934766 -4.432070 -3.721563
v 2.742807 -4.958018 -3.731268
v 2.477350 -5.454704 -3.837258
v 2.417723 -5.439398 -3.906532
v 2.362883 -5.424293 -3.934675
v 2.444205 -0.133782 -3.912226
v 2.504689 -0.099633 -3.839526
v 2.515659 -0.377053 -3.927084
v 2.635771 -0.316397 -3.781586
v 2.707680 -0.834059 -3.917037
v 2.832702 -0.785094 -3.771563
v 2.888354 -1.423006 -3.907583
v 3.017991 -1.389087 -3.762133
v 3.017397 -2.147828 -3.900831
v 3.096490 -1.758571 -3.758138
v 3.027577 -3.251087 -3.900299
v 3.182507 -2.886742 -3.753760
v 2.912248 -3.978296 -3.906333
v 3.042494 -4.009699 -3.760886
v 2.715569 -4.645144 -3.916624
v 2.488776 -5.178825 -3.928491
v 2.608203 -5.240911 -3.782989
v 2.617512 -0.326388 -3.834631
v 2.586766 -0.342109 -3.879855
v 2.557649 -0.356573 -3.905496
v 2.813588 -0.793177 -3.824560
v 2.781558 -0.805868 -3.869761
v 2.751286 -0.817538 -3.895409
v 2.616795 -0.603400 -3.921792
v 2.659637 -0.584882 -3.900183
v 2.689362 -0.571804 -3.874538
v 2.720784 -0.557584 -3.829327
v 2.739494 -0.548537 -3.776307
v 2.969629 -1.206485 -3.764594
v 2.949919 -1.212843 -3.817557
v 2.916997 -1.222816 -3.862742
v 2.885923 -1.231981 -3.888395
v 2.841196 -1.244951 -3.910051
v 2.788185 -1.068550 -3.912824
v 2.832467 -1.054057 -3.891180
v 2.863223 -1.043817 -3.865529
v 2.895791 -1.032677 -3.820337
v 2.915264 -1.025579 -3.767361
v 3.076227 -1.762661 -3.811069
v 3.042479 -1.769075 -3.856240
v 3.010663 -1.774963 -3.881897
v 2.964899 -1.783290 -3.903578
v 2.933476 -1.411572 -3.885918
v 2.964833 -1.403492 -3.860263
v 2.998070 -1.394696 -3.815084
v 3.179075 -2.509023 -3.753935
v 3.158450 -2.510019 -3.806846
v 3.124165 -2.511588 -3.852007
v 3.091867 -2.513023 -3.877667
v 3.045428 -2.515047 -3.899364
v 3.063601 -2.142642 -3.879139
v 3.095731 -2.138971 -3.853480
v 3.129830 -2.134969 -3.808316
v 3.150329 -2.132419 -3.755398
v 3.161867 -2.886179 -3.806670
v 3.127560 -2.885303 -3.851831
v 3.095242 -2.884495 -3.877491
v 3.048775 -2.883347 -3.899189
v 3.114037 -3.638774 -3.757245
v 3.093696 -3.635107 -3.810172
v 3.059835 -3.629359 -3.855340
v 3.027917 -3.624082 -3.880998
v 2.982009 -3.616619 -3.902683
v 3.073866 -3.255401 -3.878605
v 3.106057 -3.258450 -3.852945
v 3.140223 -3.261770 -3.807782
v 3.160767 -3.263890 -3.754866
v 3.022466 -4.004505 -3.813831
v 2.989070 -3.996359 -3.859007
v 2.957570 -3.988878 -3.884663
v 2.840793 -4.693584 -3.771151
v 2.821644 -4.685588 -3.824146
v 2.789560 -4.673030 -3.869346
v 2.759241 -4.661485 -3.894994
v 2.807744 -4.370145 -3.911801
v 2.852190 -4.384109 -3.890152
v 2.883062 -4.393977 -3.864501
v 2.915761 -4.404717 -3.819312
v 2.935322 -4.411560 -3.766340
v 2.731661 -4.970287 -3.776705
v 2.712986 -4.961163 -3.829727
v 2.681613 -4.946820 -3.874940
v 2.651934 -4.933629 -3.900584
v 2.609156 -4.914952 -3.922192
v 2.530540 -5.199790 -3.906908
v 2.559495 -5.214596 -3.881268
v 2.590063 -5.230687 -3.836041
v 2.492550 0.166312 -3.909368
v 2.539272 0.113791 -3.836582
v 2.404789 0.124512 -3.932815
v 2.389845 0.091927 -3.933622
v 2.521858 0.058396 -3.787053
v 2.369936 -0.030746 -3.934697
v 2.504460 0.004702 -3.788904
v 2.380473 -0.094956 -3.934129
v 2.425602 -0.082148 -3.912174
v 2.456370 -0.073276 -3.886676
v 2.489279 -0.063541 -3.841429
v 2.508940 -0.057338 -3.788427
v 2.416702 -0.028262 -3.912703
v 2.448622 -0.026551 -3.887197
v 2.482829 -0.024681 -3.841974
v 2.503357 -0.023482 -3.789021
v 2.433517 0.074664 -3.911703
v 2.463269 0.062700 -3.886210
v 2.495043 0.049571 -3.840942
v 2.513936 0.041233 -3.787897
v 2.484102 0.007667 -3.841866
v 2.450144 0.012331 -3.887095
v 2.418447 0.016567 -3.912599
v 2.372001 0.022666 -3.934585
v 2.517644 0.049933 -3.787502
v 2.499322 0.059544 -3.840580
v 2.468406 0.074693 -3.885864
v 2.439419 0.088504 -3.911352
v 2.396838 0.108439 -3.933244
v 2.446128 0.101970 -3.910954
v 2.474243 0.086357 -3.885470
v 2.504184 0.069241 -3.840169
v 2.531744 0.074482 -3.785999
v 2.515584 0.087661 -3.839204
v 2.487937 0.108524 -3.884546
v 2.461873 0.127577 -3.910018
v 2.423463 0.155101 -3.931808
v 2.361882 4.992184 -3.935004
v 2.416755 5.017838 -3.907229
v 2.476638 5.045371 -3.838612
v 2.500000 5.058317 -3.744818
v 2.500000 5.058335 -3.743972
v 2.500000 5.058348 -3.743127
v 2.500000 5.058356 -3.742282
v 2.500006 5.058380 -3.741436
v 2.795764 4.749567 -3.726845
v 3.050549 4.406168 -3.714276
v 3.260355 4.033584 -3.703925
v 3.421884 3.637671 -3.695956
v 3.532595 3.224657 -3.690495
v 3.590747 2.801034 -3.687626
v 3.595427 2.373464 -3.687395
v 3.546561 1.948670 -3.689806
v 3.444917 1.533331 -3.694820
v 3.292093 1.133978 -3.702359
v 3.090493 0.756890 -3.712305
v 2.843285 0.407997 -3.724501
v 2.762476 4.642498 -3.894354
v 2.945129 4.549562 -3.764349
v 3.263317 3.798889 -3.868375
v 3.096912 4.321930 -3.756779
v 3.353458 3.548748 -3.863699
v 3.507757 3.313096 -3.736286
v 3.507087 2.500259 -3.855730
v 3.594126 2.498866 -3.731978
v 3.391914 1.681908 -3.861704
v 3.475651 1.657372 -3.737888
v 3.315549 1.438794 -3.865666
v 3.397100 1.407396 -3.741806
v 2.831876 0.545815 -3.890754
v 2.899630 0.489321 -3.766619
v 2.670193 0.348875 -3.899141
v 2.693959 0.326523 -3.873607
v 2.718925 0.302183 -3.828226
v 2.733338 0.286860 -3.774913
v 2.857266 0.525479 -3.865211
v 2.884035 0.503312 -3.819863
v 3.107857 0.973826 -3.876439
v 3.136010 0.957849 -3.850879
v 3.165852 0.940400 -3.805587
v 3.183479 0.929343 -3.752461
v 3.049939 0.703920 -3.759122
v 3.033270 0.716487 -3.812303
v 3.004874 0.736352 -3.857621
v 2.978019 0.754560 -3.883174
v 3.220622 1.202331 -3.870590
v 3.249901 1.188675 -3.845023
v 3.280999 1.173747 -3.799753
v 3.299462 1.164273 -3.746676
v 3.422904 1.673117 -3.836128
v 3.455912 1.663494 -3.790892
v 3.377931 1.415222 -3.794843
v 3.345776 1.427537 -3.840093
v 3.534646 1.912698 -3.734945
v 3.514479 1.917073 -3.787925
v 3.480829 1.923942 -3.833149
v 3.449266 1.930216 -3.858729
v 3.490637 2.213988 -3.856583
v 3.522613 2.210590 -3.831000
v 3.556727 2.206870 -3.785784
v 3.577205 2.204498 -3.732822
v 3.539228 2.499759 -3.830146
v 3.573526 2.499216 -3.784933
v 3.472097 3.030687 -3.857545
v 3.503889 3.035556 -3.831963
v 3.537795 3.040892 -3.786744
v 3.558132 3.044287 -3.733773
v 3.586997 2.772294 -3.732334
v 3.566449 2.770765 -3.785292
v 3.532229 2.768360 -3.830506
v 3.500157 2.766168 -3.856089
v 3.423125 3.292113 -3.860085
v 3.454427 3.299630 -3.834507
v 3.487786 3.307859 -3.789277
v 3.436098 3.576970 -3.739861
v 3.416646 3.569932 -3.792881
v 3.384065 3.558864 -3.838125
v 3.293024 3.811541 -3.842806
v 3.324600 3.825373 -3.797544
v 3.343382 3.834160 -3.744485
v 3.230008 4.082977 -3.750140
v 3.212044 4.072510 -3.803246
v 3.181695 4.056006 -3.848530
v 3.153090 4.040898 -3.874092
v 3.023684 4.273321 -3.880805
v 3.050996 4.290792 -3.855250
v 3.079904 4.309859 -3.809940
v 2.876109 4.494739 -3.888460
v 2.901944 4.514467 -3.862913
v 2.929208 4.535976 -3.817574
v 2.640771 4.783677 -3.900667
v 2.664243 4.806361 -3.875135
v 2.688886 4.831057 -3.829748
v 2.703085 4.846598 -3.776422
v 2.828258 4.701463 -3.770179
v 2.813170 4.686874 -3.823452
v 2.787171 4.663736 -3.868814
v 2.500000 5.697520 -3.744818
v 2.405984 5.697520 -3.914427
v 2.474924 5.697520 -3.841780
v 2.405984 6.014427 -3.597520
v 2.474924 5.941780 -3.597520
v 2.500000 5.844818 -3.597520
v 2.500000 5.825097 -3.671200
v 2.500000 5.771200 -3.725097
v 2.362633 6.025190 -3.675501
v 2.363968 5.987815 -3.767005
v 2.494733 5.875477 -3.668841
v 2.364005 5.869050 -3.887294
v 2.494774 5.828025 -3.738155
v 2.362839 5.786497 -3.922535
v 2.408799 5.780691 -3.901354
v 2.440976 5.773831 -3.876284
v 2.474503 5.762038 -3.833127
v 2.494709 5.748271 -3.782762
v 2.409618 5.857771 -3.868263
v 2.441525 5.844520 -3.845875
v 2.474747 5.821800 -3.807453
v 2.494759 5.795325 -3.762686
v 2.409592 5.968767 -3.755874
v 2.441507 5.946344 -3.742784
v 2.474739 5.907850 -3.720329
v 2.494757 5.862987 -3.694158
v 2.474821 5.863346 -3.776226
v 2.441691 5.893673 -3.808916
v 2.409866 5.911366 -3.827986
v 2.364358 5.926441 -3.844231
v 2.494747 5.869677 -3.681722
v 2.474687 5.916385 -3.704535
v 2.441391 5.956450 -3.724100
v 2.409418 5.979773 -3.735500
v 2.363719 5.999559 -3.745181
v 2.363413 6.009743 -3.722580
v 2.409203 5.989329 -3.714397
v 2.441247 5.965230 -3.704748
v 2.474623 5.923798 -3.688174
v 2.494700 5.884277 -3.642002
v 2.474460 5.935084 -3.654078
v 2.440880 5.978604 -3.664417
v 2.408655 6.003870 -3.670425
v 2.810467 -6.018340 -2.114897
v 2.810467 -6.018340 3.568618
v 1.300000 -6.097500 3.650000
v 2.810467 6.018340 -2.114897
v 2.310467 6.044544 -2.403572
v 1.300000 6.097500 3.650000
v 2.810467 6.018340 3.568618
v 3.000000 0.979422 -2.240000
v 3.177361 1.349082 -2.249295
v 3.306156 1.738335 -2.256045
v 3.384282 2.140830 -2.260139
v 3.410467 2.550000 -2.261512
v 3.384282 2.959170 -2.260139
v 3.306156 3.361665 -2.256045
v 3.177361 3.750918 -2.249295
v 3.000000 4.120578 -2.240000
v 2.311106 6.044509 -2.404050
v 2.381840 6.027307 -2.458621
v 2.442442 5.985211 -2.511615
v 2.484525 5.921957 -2.561054
v 2.500000 5.844818 -2.605326
v 2.500000 5.684611 -2.644145
v 2.500000 5.058386 -2.644145
v 2.500000 5.793700 -2.626710
v 2.500000 5.739847 -2.639759
v 2.812622 -6.009294 3.647042
v 2.814095 -5.983074 3.720995
v 2.814823 -5.941525 3.786734
v 2.814810 -5.886547 3.841724
v 2.813401 -5.784173 3.898274
v 2.810467 -5.668618 3.918340
v 1.300000 -5.750000 3.997500
v 1.300000 -5.882982 3.971048
v 1.300000 -5.995720 3.895720
v 1.300000 -6.071048 3.782982
v 2.057934 -5.926931 3.881395
v 2.057932 -5.981521 3.826773
v 2.055465 -6.038492 3.724016
v 2.056625 -5.860894 3.923129
v 2.054026 -5.786436 3.949359
v 2.900000 -5.663648 -2.413205
v 2.899236 -5.755747 -2.401519
v 2.892496 -5.844630 -2.367350
v 2.883824 -5.900974 -2.330809
v 2.869704 -5.952922 -2.280037
v 2.846882 -5.996562 -2.210122
v 2.722797 0.266791 -2.515513
v 2.878460 0.452315 -2.425641
v 2.899999 0.480993 -2.413206
v 2.899994 -0.960775 -2.413209
v 2.881078 -0.903650 -2.424130
v 2.719561 -0.487676 -2.517382
v 2.810467 5.668618 3.918340
v 2.813401 5.784175 3.898272
v 2.814810 5.886551 3.841721
v 2.814832 5.940954 3.787466
v 2.814080 5.982444 3.721350
v 2.812594 6.008948 3.646880
v 1.300000 6.071048 3.782982
v 1.300000 5.995720 3.895720
v 1.300000 5.882982 3.971048
v 1.300000 5.750000 3.997500
v 2.057939 5.981021 3.827397
v 2.055478 5.824362 3.938370
v 2.057931 5.926670 3.881603
v 2.056625 6.023129 3.760894
v 2.054026 6.049359 3.686436
v 3.000000 5.818614 -2.114897
v 2.974924 5.915576 -2.114897
v 2.905984 5.988223 -2.114897
v 2.905984 5.988223 3.568618
v 2.974924 5.915576 3.568618
v 3.000000 5.818614 3.568618
v 2.974924 5.915576 -0.220392
v 2.974924 5.915576 1.674113
v 2.905984 5.988223 -0.220392
v 2.905984 5.988223 1.674113
v 2.905984 5.668618 3.888223
v 2.974924 5.668618 3.815576
v 3.000000 5.668618 3.718614
v 3.000000 5.726042 3.707087
v 3.000000 5.774577 3.674590
v 3.000000 5.806914 3.625882
v 2.863590 5.805018 3.879410
v 2.994608 5.709710 3.759423
v 2.994665 5.758726 3.741477
v 2.862987 5.993272 3.667181
v 2.908834 5.972311 3.660805
v 2.940967 5.947499 3.653265
v 2.974416 5.904864 3.640322
v 2.994629 5.855109 3.625211
v 2.864164 5.950199 3.757002
v 2.909661 5.931879 3.744731
v 2.941520 5.910323 3.730302
v 2.974662 5.873398 3.705601
v 2.994678 5.830371 3.676819
v 2.864397 5.899301 3.817195
v 2.909824 5.884253 3.800984
v 2.941629 5.866582 3.781943
v 2.974710 5.836349 3.749360
v 2.994688 5.801132 3.711411
v 2.863857 5.825504 3.869530
v 2.909445 5.815291 3.849984
v 2.941375 5.803277 3.826956
v 2.974598 5.782706 3.787483
v 2.862496 5.740189 3.900781
v 2.908488 5.735568 3.879397
v 2.940735 5.730095 3.854027
v 2.974313 5.720694 3.810384
v 2.994641 5.734825 3.752047
v 2.974476 5.752476 3.800942
v 2.941101 5.767604 3.842859
v 2.909035 5.776428 3.867275
v 2.863273 5.783907 3.887936
v 2.994654 5.746955 3.747151
v 2.974542 5.767819 3.794701
v 2.941250 5.785710 3.835484
v 2.909258 5.796153 3.859259
v 2.905984 -5.668618 3.888223
v 2.974924 -5.668618 3.815576
v 3.000000 -5.668618 3.718614
v 2.974924 3.779079 3.815576
v 2.974924 1.889539 3.815576
v 2.974924 0.000000 3.815576
v 2.974924 -1.889539 3.815576
v 2.974924 -3.779079 3.815576
v 2.905984 3.779079 3.888223
v 2.905984 1.889539 3.888223
v 2.905984 0.000000 3.888223
v 2.905984 -1.889539 3.888223
v 2.905984 -3.779079 3.888223
v 2.905984 -5.988223 3.568618
v 2.974924 -5.915576 3.568618
v 3.000000 -5.818614 3.568618
v 3.000000 -5.806913 3.625883
v 3.000000 -5.774576 3.674592
v 3.000000 -5.726041 3.707088
v 2.863433 -5.983214 3.694940
v 2.994614 -5.858298 3.613954
v 2.864000 -5.961095 3.739593
v 2.994671 -5.836629 3.666815
v 2.994673 -5.767974 3.736317
v 2.862840 -5.758436 3.896174
v 2.908730 -5.752625 3.875040
v 2.940897 -5.745754 3.850010
v 2.974385 -5.733961 3.806989
v 2.994622 -5.720192 3.756778
v 2.864036 -5.841598 3.860545
v 2.909571 -5.830327 3.841559
v 2.941459 -5.817078 3.819213
v 2.974635 -5.794402 3.780927
v 2.864397 -5.899297 3.817199
v 2.909824 -5.884249 3.800987
v 2.941629 -5.866579 3.781947
v 2.974710 -5.836346 3.749363
v 2.994688 -5.801129 3.711413
v 2.909546 -5.942089 3.728466
v 2.941443 -5.919704 3.715373
v 2.974628 -5.881341 3.692950
v 2.994661 -5.843431 3.654212
v 2.974575 -5.889984 3.677012
v 2.941324 -5.929913 3.696565
v 2.909368 -5.953196 3.707976
v 2.863746 -5.972937 3.717661
v 2.909148 -5.962846 3.686747
v 2.941177 -5.938788 3.677079
v 2.974509 -5.897495 3.660500
v 2.994648 -5.849333 3.641158
v 2.974342 -5.908947 3.626072
v 2.940800 -5.952328 3.636446
v 2.908585 -5.977553 3.642485
v 2.862633 -5.998825 3.647582
v 2.905984 -5.988223 -2.114897
v 2.974924 -5.915576 -2.114897
v 3.000000 -5.818614 -2.114897
v 2.974924 -5.915576 1.674113
v 2.974924 -5.915576 -0.220392
v 2.905984 -5.988223 1.674113
v 2.905984 -5.988223 -0.220392
v 2.953209 -5.663648 -2.368558
v 2.987939 -5.663648 -2.308404
v 3.000000 -5.663648 -2.240000
v 3.000000 -5.717565 -2.231558
v 3.000000 -5.766138 -2.206729
v 3.000000 -5.803066 -2.166731
v 3.000000 -5.814389 -2.141851
v 2.997188 -5.742872 -2.257104
v 2.885748 -5.987167 -2.194268
v 2.924343 -5.964262 -2.187258
v 2.951641 -5.939116 -2.179575
v 2.978981 -5.899229 -2.167406
v 2.995437 -5.854142 -2.153642
v 2.902354 -5.950823 -2.254147
v 2.935742 -5.929479 -2.241377
v 2.959093 -5.907386 -2.228179
v 2.982283 -5.873543 -2.207997
v 2.996140 -5.836081 -2.185645
v 2.910299 -5.921704 -2.286923
v 2.941141 -5.902292 -2.271064
v 2.962600 -5.882686 -2.255075
v 2.983828 -5.853107 -2.231003
v 2.996471 -5.820675 -2.204598
v 2.923132 -5.835135 -2.349874
v 2.949792 -5.822177 -2.328455
v 2.968198 -5.809551 -2.307618
v 2.986302 -5.790940 -2.276969
v 2.997021 -5.770837 -2.243845
v 2.926490 -5.789371 -2.370099
v 2.952042 -5.779889 -2.347007
v 2.969656 -5.770731 -2.324737
v 2.986964 -5.757313 -2.292168
v 2.928398 -5.742540 -2.383859
v 2.953318 -5.736594 -2.359669
v 2.970487 -5.730882 -2.336449
v 2.987355 -5.722545 -2.302594
v 2.997301 -5.713591 -2.266222
v 2.957214 0.576975 -2.363623
v 2.989330 0.686015 -2.304449
v 2.999289 0.823453 -2.256844
v 3.000000 -2.739531 -2.240000
v 3.000000 -2.548344 -2.240041
v 3.000001 -2.342591 -2.240636
v 2.999975 -2.127507 -2.243366
v 3.000422 -1.893460 -2.252122
v 2.997418 -1.632541 -2.274728
v 2.984293 -1.376198 -2.317436
v 2.953296 -1.161547 -2.368219
v 2.973203 -0.880055 -2.340003
v 3.000000 5.663648 -2.240000
v 2.987939 5.663648 -2.308404
v 2.953209 5.663648 -2.368558
v 2.900000 5.663648 -2.413205
v 2.899236 5.755747 -2.401519
v 2.892496 5.844630 -2.367350
v 2.883824 5.900974 -2.330809
v 2.869704 5.952922 -2.280037
v 2.846882 5.996562 -2.210122
v 3.000000 5.814389 -2.141851
v 3.000000 5.803066 -2.166731
v 3.000000 5.766138 -2.206729
v 3.000000 5.717565 -2.231558
v 2.996471 5.820675 -2.204598
v 2.928861 5.718143 -2.388489
v 2.953627 5.714035 -2.363942
v 2.970690 5.710094 -2.340405
v 2.987455 5.704349 -2.306115
v 2.997335 5.698182 -2.269293
v 2.927376 5.771744 -2.376060
v 2.952634 5.763595 -2.352487
v 2.970041 5.755743 -2.329802
v 2.987143 5.744258 -2.296676
v 2.997238 5.731911 -2.261045
v 2.918691 5.874754 -2.326016
v 2.946811 5.858779 -2.306639
v 2.966271 5.843031 -2.287557
v 2.985446 5.819641 -2.259260
v 2.996824 5.794252 -2.228518
v 2.910299 5.921704 -2.286923
v 2.941141 5.902292 -2.271064
v 2.962600 5.882686 -2.255075
v 2.983828 5.853107 -2.231003
v 2.898575 5.961501 -2.239610
v 2.933163 5.939540 -2.228235
v 2.957413 5.916528 -2.216328
v 2.981541 5.881011 -2.197978
v 2.995982 5.841515 -2.177558
v 2.880336 5.994519 -2.176460
v 2.920593 5.971617 -2.171138
v 2.949175 5.945919 -2.165173
v 2.977883 5.904650 -2.155606
v 2.995204 5.857669 -2.144705
v 2.899995 4.619019 -2.413208
v 2.878460 4.647685 -2.425641
v 2.697652 4.860796 -2.530031
v 2.708608 -5.037382 -2.523705
v 2.881078 -4.596350 -2.424130
v 2.899997 -4.539214 -2.413207
v 2.999396 4.270751 -2.255545
v 2.990742 4.404740 -2.300147
v 2.959947 4.516857 -2.360068
v 2.943905 -4.381121 -2.378845
v 2.973668 -4.219205 -2.339167
v 2.990549 -4.040880 -2.300903
v 2.997724 -3.831328 -2.270140
v 2.999856 -3.579326 -2.250424
v 3.000022 -3.309252 -2.242151
v 3.000000 -3.021290 -2.240120
v 3.000000 -2.760469 -2.240000
v 3.111072 4.309386 -2.437117
v 3.301342 3.945583 -2.446504
v 3.446511 3.561551 -2.453665
v 3.544476 3.162856 -2.458498
v 3.593816 2.755277 -2.460932
v 3.593816 2.344723 -2.460932
v 3.544476 1.937144 -2.458498
v 3.446511 1.538449 -2.453665
v 3.301342 1.154417 -2.446504
v 3.111072 0.790614 -2.437117
v 3.193249 4.108588 -2.343233
v 3.367350 3.713909 -2.352057
v 3.178256 3.864049 -2.254741
v 3.489626 3.300344 -2.358253
v 3.321462 3.473988 -2.262229
v 3.572153 2.443423 -2.362436
v 3.453345 2.655204 -2.269126
v 3.556548 2.207407 -2.361645
v 3.453522 2.447323 -2.269136
v 3.284304 1.181245 -2.347848
v 3.262506 1.191685 -2.314181
v 3.223171 1.209961 -2.277794
v 3.176060 1.231373 -2.254626
v 3.036557 0.849615 -2.268114
v 3.073378 0.826405 -2.304491
v 3.093710 0.813164 -2.338189
v 3.428698 1.569763 -2.355166
v 3.405789 1.577242 -2.321521
v 3.364551 1.590321 -2.285128
v 3.315240 1.605638 -2.261904
v 3.524393 1.973060 -2.360015
v 3.500747 1.977463 -2.326387
v 3.458250 1.985158 -2.289989
v 3.407483 1.994167 -2.266728
v 3.548139 2.444236 -2.328815
v 3.505014 2.445659 -2.292415
v 3.438479 2.219940 -2.268349
v 3.489735 2.214592 -2.291622
v 3.532654 2.210022 -2.328022
v 3.504836 2.656908 -2.292406
v 3.547958 2.658362 -2.328806
v 3.571970 2.659195 -2.362427
v 3.558107 2.874523 -2.361724
v 3.534201 2.872046 -2.328101
v 3.491261 2.867720 -2.291701
v 3.439982 2.862654 -2.268427
v 3.466248 3.294618 -2.324619
v 3.424208 3.284609 -2.288223
v 3.373970 3.272890 -2.264975
v 3.344914 3.705030 -2.318403
v 3.304484 3.689494 -2.282013
v 3.256108 3.671298 -2.258812
v 3.370871 3.488974 -2.285456
v 3.412193 3.501771 -2.321850
v 3.435152 3.509089 -2.355493
v 3.172152 4.096703 -2.309551
v 3.134017 4.075883 -2.273170
v 3.088297 4.051483 -2.250037
v 3.225401 3.885387 -2.277910
v 3.264766 3.903601 -2.314296
v 3.286581 3.914005 -2.347963
v 3.016575 4.182154 -2.246286
v 3.061158 4.208692 -2.269391
v 3.098311 4.231332 -2.305768
v 3.118835 4.244248 -2.339462
v 3.038323 4.376382 -2.335382
v 3.018418 4.362460 -2.301675
v 3.031456 -1.419258 -2.431733
v 3.132462 -1.946766 -2.436840
v 3.183191 -2.481455 -2.439405
v 3.183191 -3.018545 -2.439405
v 3.132462 -3.553234 -2.436840
v 3.031456 -4.080742 -2.431733
v 3.000000 -2.744780 -2.240000
v 3.000000 -2.750007 -2.240000
v 3.000000 -2.755233 -2.240000
v 2.964419 -1.191262 -2.377561
v 3.105121 -1.816150 -2.384729
v 3.151282 -2.155497 -2.387080
v 3.182109 -2.839394 -2.388651
v 3.104559 -3.688996 -2.384700
v 2.968023 -4.296247 -2.377745
v 3.177000 -2.496990 -2.388391
v 3.157657 -2.497965 -2.340694
v 3.133678 -2.499115 -2.307105
v 3.090574 -2.501125 -2.270700
v 3.039106 -2.503479 -2.247417
v 3.044085 -2.837100 -2.247678
v 3.095599 -2.837932 -2.270962
v 3.138743 -2.838644 -2.307367
v 3.162745 -2.839050 -2.340955
v 3.010549 -3.364516 -2.245923
v 3.061752 -3.370384 -2.269198
v 3.104626 -3.375399 -2.305603
v 3.128470 -3.378264 -2.339195
v 3.147694 -3.380694 -2.386898
v 3.019328 -3.673647 -2.266988
v 3.061864 -3.681113 -2.303392
v 3.085511 -3.685379 -2.336988
v 3.002428 -3.984044 -2.300319
v 3.025800 -3.989698 -2.333920
v 3.044605 -3.994489 -2.381646
v 3.132043 -2.157788 -2.339378
v 3.108183 -2.160489 -2.305787
v 3.065280 -2.165215 -2.269382
v 3.014044 -2.170746 -2.246106
v 3.045083 -1.997975 -2.268330
v 3.087825 -1.991897 -2.304734
v 3.111591 -1.988424 -2.338327
v 3.130746 -1.985478 -2.386034
v 3.086070 -1.819747 -2.337016
v 3.062421 -1.823990 -2.303421
v 3.019880 -1.831414 -2.267017
v 2.996558 -1.490842 -2.300015
v 3.019902 -1.485073 -2.333617
v 3.038683 -1.480185 -2.381344
v 3.003451 -1.335235 -2.379549
v 2.984814 -1.340680 -2.331814
v 3.000000 5.508407 1.044407
v 3.000000 5.481765 0.910468
v 3.000000 5.405894 0.796919
v 3.000000 5.292346 0.721049
v 3.000000 5.158407 0.694407
v 3.000000 5.024468 0.721049
v 3.000000 4.910919 0.796919
v 3.000000 4.835049 0.910468
v 3.000000 4.808407 1.044407
v 3.000000 4.835049 1.178346
v 3.000000 4.910919 1.291894
v 3.000000 5.024468 1.367765
v 3.000000 5.158407 1.394407
v 3.000000 5.292346 1.367765
v 3.000000 5.405894 1.291894
v 3.000000 5.481765 1.178346
v 3.000000 5.508407 2.051407
v 3.000000 5.481765 1.917468
v 3.000000 5.405894 1.803919
v 3.000000 5.292346 1.728049
v 3.000000 5.158407 1.701407
v 3.000000 5.024468 1.728049
v 3.000000 4.910919 1.803919
v 3.000000 4.835049 1.917468
v 3.000000 4.808407 2.051407
v 3.000000 4.835049 2.185346
v 3.000000 4.910919 2.298894
v 3.000000 5.024468 2.374765
v 3.000000 5.158407 2.401407
v 3.000000 5.292346 2.374765
v 3.000000 5.405894 2.298894
v 3.000000 5.481765 2.185346
v 3.000000 5.508407 3.058407
v 3.000000 5.481765 2.924468
v 3.000000 5.405894 2.810919
v 3.000000 5.292346 2.735049
v 3.000000 5.158407 2.708407
v 3.000000 5.024468 2.735049
v 3.000000 4.910919 2.810919
v 3.000000 4.835049 2.924468
v 3.000000 4.808407 3.058407
v 3.000000 4.835049 3.192346
v 3.000000 4.910919 3.305894
v 3.000000 5.024468 3.381765
v 3.000000 5.158407 3.408407
v 3.000000 5.292346 3.381765
v 3.000000 5.405894 3.305894
v 3.000000 5.481765 3.192346
v 3.030000 5.478407 1.044407
v 3.030000 5.450741 1.174563
v 3.030000 5.372529 1.282213
v 3.030000 5.257292 1.348745
v 3.030000 5.124958 1.362654
v 3.030000 4.998407 1.321535
v 3.030000 4.899521 1.232498
v 3.030000 4.845400 1.110939
v 3.030000 4.845400 0.977875
v 3.030000 4.899521 0.856315
v 3.030000 4.998407 0.767279
v 3.030000 5.124958 0.726160
v 3.030000 5.257292 0.740069
v 3.030000 5.372529 0.806600
v 3.030000 5.450741 0.914251
v 3.030000 5.478407 2.051407
v 3.030000 5.450741 1.921251
v 3.030000 5.372529 1.813600
v 3.030000 5.257292 1.747069
v 3.030000 5.124958 1.733160
v 3.030000 4.998407 1.774279
v 3.030000 4.899521 1.863315
v 3.030000 4.845400 1.984875
v 3.030000 4.845400 2.117939
v 3.030000 4.899521 2.239498
v 3.030000 4.998407 2.328535
v 3.030000 5.124958 2.369654
v 3.030000 5.257292 2.355745
v 3.030000 5.372529 2.289213
v 3.030000 5.450741 2.181563
v 3.030000 5.478407 3.058407
v 3.030000 5.450741 3.188563
v 3.030000 5.372529 3.296213
v 3.030000 5.257292 3.362745
v 3.030000 5.124958 3.376654
v 3.030000 4.998407 3.335535
v 3.030000 4.899521 3.246498
v 3.030000 4.845400 3.124939
v 3.030000 4.845400 2.991875
v 3.030000 4.899521 2.870315
v 3.030000 4.998407 2.781279
v 3.030000 5.124958 2.740160
v 3.030000 5.257292 2.754069
v 3.030000 5.372529 2.820600
v 3.030000 5.450741 2.928251
vt -0.763009 0.568287 0.000000
vt -0.903607 0.480000 0.000000
vt -0.680000 0.580000 0.000000
vt -0.355000 0.480000 0.000000
vt -0.355000 0.580000 0.000000
vt -0.214397 0.557731 0.000000
vt -0.219147 0.452977 0.000000
vt -0.087558 0.493103 0.000000
vt -0.103977 0.376023 0.000000
vt 0.013103 0.392442 0.000000
vt -0.027023 0.260853 0.000000
vt 0.077731 0.265603 0.000000
vt 0.000000 0.125000 0.000000
vt 0.100000 0.125000 0.000000
vt 0.100000 -0.125000 0.000000
vt -0.000000 -0.125000 0.000000
vt 0.077731 -0.265603 0.000000
vt -0.027023 -0.260853 0.000000
vt 0.013103 -0.392442 0.000000
vt -0.103977 -0.376023 0.000000
vt -0.087558 -0.493103 0.000000
vt -0.219147 -0.452977 0.000000
vt -0.214397 -0.557731 0.000000
vt -0.355000 -0.480000 0.000000
vt -0.355000 -0.580000 0.000000
vt -0.680000 -0.580000 0.000000
vt -0.903607 -0.480000 0.000000
vt -0.763009 -0.568287 0.000000
vt -0.839537 -0.534063 0.000000
vt -0.839537 0.534063 0.000000
vt -0.132500 0.278816 0.000000
vt -0.232500 0.278816 0.000000
vt -0.132500 0.139408 0.000000
vt -0.232500 0.139408 0.000000
vt -0.132500 0.000000 0.000000
vt -0.232500 0.000000 0.000000
vt -0.132500 -0.139408 0.000000
vt -0.232500 -0.139408 0.000000
vt -0.132500 -0.278816 0.000000
vt -0.232500 -0.278816 0.000000
vt 0.050000 -0.125000 0.000000
vt 0.150000 -0.125000 0.000000
vt 0.050000 0.125000 0.000000
vt 0.150000 0.125000 0.000000
vt -0.132500 0.278816 0.000000
vt -0.232500 0.278816 0.000000
vt -0.132500 0.139408 0.000000
vt -0.232500 0.139408 0.000000
vt -0.132500 -0.000000 0.000000
vt -0.232500 -0.000000 0.000000
vt -0.132500 -0.139408 0.000000
vt -0.232500 -0.139408 0.000000
vt -0.132500 -0.278816 0.000000
vt -0.232500 -0.278816 0.000000
vt 0.200000 -0.515000 0.000000
vt 0.300000 -0.491393 0.000000
vt -0.125000 -0.515000 0.000000
vt -0.125000 -0.415000 0.000000
vt 0.356358 -0.461134 0.000000
vt 0.423607 -0.415000 0.000000
vt -0.423607 -0.415000 0.000000
vt -0.356358 -0.461134 0.000000
vt 0.125000 -0.415000 0.000000
vt -0.300000 -0.491393 0.000000
vt 0.125000 -0.515000 0.000000
vt -0.200000 -0.515000 0.000000
vt 0.000000 0.210267 0.000000
vt -0.065244 0.165885 0.000000
vt 0.000000 0.140178 0.000000
vt -0.108036 0.115912 0.000000
vt 0.000000 0.070089 0.000000
vt -0.141421 0.000000 0.000000
vt 0.000000 0.000000 0.000000
vt 0.325000 0.141421 0.000000
vt -0.000000 0.141421 0.000000
vt 0.325000 -0.000000 0.000000
vt 0.000000 0.000000 0.000000
vt -0.000000 0.636173 0.000000
vt -0.141421 0.636173 0.000000
vt 0.000000 0.508938 0.000000
vt -0.141421 0.477129 0.000000
vt 0.000000 0.381704 0.000000
vt -0.141421 0.318086 0.000000
vt 0.000000 0.254469 0.000000
vt -0.141421 0.159043 0.000000
vt 0.000000 0.127235 0.000000
vt -0.141421 -0.000000 0.000000
vt 0.000000 -0.000000 0.000000
vt 0.125000 0.141421 0.000000
vt -0.125000 0.141421 0.000000
vt 0.125000 -0.000000 0.000000
vt -0.125000 0.000000 0.000000
vt 0.000000 0.636173 0.000000
vt -0.141421 0.636173 0.000000
vt 0.000000 0.508938 0.000000
vt -0.141421 0.477129 0.000000
vt 0.000000 0.381704 0.000000
vt -0.141421 0.318086 0.000000
vt 0.000000 0.254469 0.000000
vt -0.141421 0.159043 0.000000
vt 0.000000 0.127235 0.000000
vt -0.141421 0.000000 0.000000
vt 0.000000 0.000000 0.000000
vt 0.325000 0.141421 0.000000
vt -0.000000 0.141421 0.000000
vt 0.325000 0.000000 0.000000
vt -0.000000 0.000000 0.000000
vt -0.000000 0.210267 0.000000
vt -0.141421 0.210267 0.000000
vt 0.000000 0.140178 0.000000
vt -0.108036 0.094355 0.000000
vt 0.000000 0.070089 0.000000
vt -0.065244 0.044383 0.000000
vt 0.000000 -0.000000 0.000000
vt -0.000000 -0.368614 0.000000
vt -2.500000 -0.469145 0.000000
vt -0.000000 -0.502655 0.000000
vt -2.500000 -0.603186 0.000000
vt -0.000000 -0.636696 0.000000
vt -2.500000 -0.737227 0.000000
vt -0.000000 -0.770737 0.000000
vt -2.500000 -0.871268 0.000000
vt -0.000000 -0.904779 0.000000
vt -2.500000 -1.005310 0.000000
vt -0.000000 -1.038820 0.000000
vt -0.000000 0.971799 0.000000
vt -2.500000 1.005310 0.000000
vt -2.500000 0.871268 0.000000
vt -0.000000 0.837758 0.000000
vt -2.500000 0.737227 0.000000
vt -0.000000 0.703717 0.000000
vt -2.500000 0.603186 0.000000
vt 0.000000 0.569675 0.000000
vt -2.500000 0.469145 0.000000
vt 0.000000 0.435634 0.000000
vt -2.500000 0.335103 0.000000
vt 0.000000 0.301593 0.000000
vt -2.500000 0.201062 0.000000
vt -0.000000 0.167552 0.000000
vt -2.500000 0.067021 0.000000
vt 0.000000 0.033510 0.000000
vt -2.500000 -0.067021 0.000000
vt -0.000000 -0.100531 0.000000
vt -2.500000 -0.201062 0.000000
vt 0.000000 -0.234572 0.000000
vt -2.500000 -0.335103 0.000000
vt -5.000000 0.871268 0.000000
vt -5.000000 1.005310 0.000000
vt -5.000000 -1.005310 0.000000
vt -5.000000 -0.871268 0.000000
vt -5.000000 -0.737227 0.000000
vt -5.000000 -0.603186 0.000000
vt -5.000000 -0.469145 0.000000
vt -5.000000 -0.335103 0.000000
vt -5.000000 -0.201062 0.000000
vt -5.000000 -0.067021 0.000000
vt -5.000000 0.067021 0.000000
vt -5.000000 0.201062 0.000000
vt -5.000000 0.335103 0.000000
vt -5.000000 0.469145 0.000000
vt -5.000000 0.603186 0.000000
vt -5.000000 0.737227 0.000000
vt 0.596727 6.299853 0.000000
vt 0.603186 6.690597 0.000000
vt 0.502542 6.298800 0.000000
vt 0.469145 6.690597 0.000000
vt 0.390657 6.297653 0.000000
vt 0.335103 6.690597 0.000000
vt 0.266030 6.296634 0.000000
vt 0.201062 6.690597 0.000000
vt 0.141407 6.295972 0.000000
vt 0.067021 6.690597 0.000000
vt 0.070705 6.295772 0.000000
vt -0.000000 6.295705 0.000000
vt -0.067021 6.690597 0.000000
vt -0.094445 6.295824 0.000000
vt -0.201062 6.690597 0.000000
vt -0.188800 6.296178 0.000000
vt -0.283049 6.296753 0.000000
vt -0.335103 6.690597 0.000000
vt -0.377222 6.297528 0.000000
vt -0.469145 6.690597 0.000000
vt -0.471461 6.298465 0.000000
vt -0.565740 6.299503 0.000000
vt -0.603186 6.690597 0.000000
vt -0.659993 6.300559 0.000000
vt -0.737227 6.690597 0.000000
vt -0.754168 6.301523 0.000000
vt -0.848400 6.302282 0.000000
vt -0.871268 6.690597 0.000000
vt -0.942681 6.302728 0.000000
vt -1.005310 6.690597 0.000000
vt -1.036944 6.302794 0.000000
vt -1.139351 6.690597 0.000000
vt 0.973675 6.302794 0.000000
vt 0.871268 6.690597 0.000000
vt 0.879493 6.302468 0.000000
vt 0.785269 6.301802 0.000000
vt 0.737227 6.690597 0.000000
vt 0.690991 6.300892 0.000000
vt 0.871268 9.059950 0.000000
vt 1.005310 8.665058 0.000000
vt 1.005310 9.059950 0.000000
vt -1.005310 9.059950 0.000000
vt -1.005310 8.665058 0.000000
vt -0.871268 8.665058 0.000000
vt -0.871268 9.059950 0.000000
vt -0.737227 8.665058 0.000000
vt -0.737227 9.059950 0.000000
vt -0.603186 8.665058 0.000000
vt -0.603186 9.059950 0.000000
vt -0.469145 8.665058 0.000000
vt -0.469145 9.059950 0.000000
vt -0.335103 8.665058 0.000000
vt -0.335103 9.059950 0.000000
vt -0.201062 8.665058 0.000000
vt -0.201062 9.059950 0.000000
vt -0.067021 8.665058 0.000000
vt -0.067021 9.059950 0.000000
vt 0.067021 8.665058 0.000000
vt 0.067021 9.059950 0.000000
vt 0.201062 8.665058 0.000000
vt 0.201062 9.059950 0.000000
vt 0.335103 8.665058 0.000000
vt 0.335103 9.059950 0.000000
vt 0.469145 8.665058 0.000000
vt 0.469145 9.059950 0.000000
vt 0.603186 8.665058 0.000000
vt 0.603186 9.059950 0.000000
vt 0.737227 8.665058 0.000000
vt 0.737227 9.059950 0.000000
vt 0.871268 8.665058 0.000000
vt -1.005310 8.270166 0.000000
vt -0.871268 8.270166 0.000000
vt -0.871268 7.875274 0.000000
vt -0.737227 7.875274 0.000000
vt -0.737227 7.480382 0.000000
vt -0.603186 7.480382 0.000000
vt -0.603186 7.085489 0.000000
vt -0.469145 7.085489 0.000000
vt -1.005310 7.875274 0.000000
vt -0.871268 7.480382 0.000000
vt -0.737227 7.085489 0.000000
vt 1.005310 8.270166 0.000000
vt 0.871268 8.270166 0.000000
vt 1.005310 7.875274 0.000000
vt 0.871268 7.875274 0.000000
vt 1.005310 7.480382 0.000000
vt 0.871268 7.480382 0.000000
vt 1.005310 7.085489 0.000000
vt 0.871268 7.085489 0.000000
vt 1.005310 6.690597 0.000000
vt -1.005310 7.480382 0.000000
vt -0.871268 7.085489 0.000000
vt -1.005310 7.085489 0.000000
vt 0.737227 7.085489 0.000000
vt 0.737227 7.480382 0.000000
vt 0.737227 7.875274 0.000000
vt 0.737227 8.270166 0.000000
vt 0.603186 7.085489 0.000000
vt 0.603186 7.480382 0.000000
vt 0.603186 7.875274 0.000000
vt 0.603186 8.270166 0.000000
vt 0.469145 7.085489 0.000000
vt 0.469145 7.480382 0.000000
vt 0.469145 7.875274 0.000000
vt 0.469145 8.270166 0.000000
vt 0.335103 7.085489 0.000000
vt 0.335103 7.480382 0.000000
vt 0.335103 7.875274 0.000000
vt 0.335103 8.270166 0.000000
vt 0.201062 7.085489 0.000000
vt 0.201062 7.480382 0.000000
vt 0.201062 7.875274 0.000000
vt 0.201062 8.270166 0.000000
vt 0.067021 7.085489 0.000000
vt 0.067021 7.480382 0.000000
vt 0.067021 7.875274 0.000000
vt 0.067021 8.270166 0.000000
vt -0.067021 7.085489 0.000000
vt -0.067021 7.480382 0.000000
vt -0.067021 7.875274 0.000000
vt -0.067021 8.270166 0.000000
vt -0.201062 7.085489 0.000000
vt -0.201062 7.480382 0.000000
vt -0.201062 7.875274 0.000000
vt -0.201062 8.270166 0.000000
vt -0.335103 7.085489 0.000000
vt -0.335103 7.480382 0.000000
vt -0.335103 7.875274 0.000000
vt -0.335103 8.270166 0.000000
vt -0.737227 8.270166 0.000000
vt -0.603186 8.270166 0.000000
vt -0.603186 7.875274 0.000000
vt -0.469145 8.270166 0.000000
vt -0.469145 7.875274 0.000000
vt -0.469145 7.480382 0.000000
vt -0.320000 0.000000 0.000000
vt -0.292335 -0.130156 0.000000
vt -0.292335 0.130156 0.000000
vt -0.214122 0.237806 0.000000
vt -0.214122 -0.237806 0.000000
vt -0.098885 0.304338 0.000000
vt -0.098885 -0.304338 0.000000
vt 0.033449 0.318247 0.000000
vt 0.033449 -0.318247 0.000000
vt 0.160000 0.277128 0.000000
vt 0.160000 -0.277128 0.000000
vt 0.258885 0.188091 0.000000
vt 0.258885 -0.188091 0.000000
vt 0.313007 0.066532 0.000000
vt 0.313007 -0.066532 0.000000
vt -1.326393 1.069577 0.000000
vt -1.450000 1.050000 0.000000
vt 0.100000 -0.350000 0.000000
vt -5.650000 1.050000 0.000000
vt -7.200000 -0.350000 0.000000
vt -5.773607 1.069577 0.000000
vt -5.885114 1.126393 0.000000
vt -5.973607 1.214886 0.000000
vt -6.030423 1.326393 0.000000
vt -7.450000 -0.100000 0.000000
vt -6.050000 1.450000 0.000000
vt -7.450000 5.150000 0.000000
vt -6.425000 5.150000 0.000000
vt -6.309119 5.168354 0.000000
vt -6.204581 5.221619 0.000000
vt -6.121619 5.304581 0.000000
vt -6.068354 5.409119 0.000000
vt -6.050000 5.525000 0.000000
vt -7.430970 -0.195671 0.000000
vt -7.376777 -0.276777 0.000000
vt -7.295671 -0.330970 0.000000
vt 0.195671 -0.330970 0.000000
vt 0.350000 -0.100000 0.000000
vt -1.069577 1.326393 0.000000
vt -1.126393 1.214886 0.000000
vt 0.276777 -0.276777 0.000000
vt 0.330970 -0.195671 0.000000
vt 0.350000 11.400000 0.000000
vt -1.050000 9.850000 0.000000
vt -1.050000 1.450000 0.000000
vt 0.330970 11.495671 0.000000
vt 0.276777 11.576777 0.000000
vt 0.195671 11.630970 0.000000
vt 0.100000 11.650000 0.000000
vt -7.200000 11.650000 0.000000
vt -1.450000 10.250000 0.000000
vt -1.326393 10.230423 0.000000
vt -1.214886 10.173607 0.000000
vt -7.295671 11.630970 0.000000
vt -7.450000 11.400000 0.000000
vt -6.030423 9.973607 0.000000
vt -5.973607 10.085114 0.000000
vt -7.376777 11.576777 0.000000
vt -7.430970 11.495671 0.000000
vt -6.050000 9.850000 0.000000
vt -7.450000 6.150000 0.000000
vt -6.425000 6.150000 0.000000
vt -6.309119 6.131646 0.000000
vt -6.204581 6.078381 0.000000
vt -6.121619 5.995419 0.000000
vt -6.068354 5.890881 0.000000
vt -6.050000 5.775000 0.000000
vt -5.885114 10.173607 0.000000
vt -5.773607 10.230423 0.000000
vt -5.650000 10.250000 0.000000
vt -1.126393 10.085114 0.000000
vt -1.069577 9.973607 0.000000
vt -1.214886 1.126393 0.000000
vt -0.000000 2.360000 0.000000
vt -0.500000 2.360000 0.000000
vt -0.000000 -2.360000 0.000000
vt -0.500000 -2.360000 0.000000
vt -0.060000 2.360000 0.000000
vt -0.060000 -2.360000 0.000000
vt -0.000000 2.300000 0.000000
vt -0.000000 -2.300000 0.000000
vt -0.500000 -2.360000 0.000000
vt -0.000000 -2.360000 0.000000
vt -0.500000 2.360000 0.000000
vt -0.000000 2.360000 0.000000
vt -0.250000 0.424377 0.000000
vt 0.250000 0.424377 0.000000
vt -0.250000 0.509252 0.000000
vt 0.250000 0.509252 0.000000
vt -0.250000 -0.509252 0.000000
vt 0.250000 -0.509252 0.000000
vt -0.250000 -0.424377 0.000000
vt 0.250000 -0.424377 0.000000
vt -0.250000 -0.339501 0.000000
vt 0.250000 -0.339501 0.000000
vt -0.250000 -0.254626 0.000000
vt 0.250000 -0.254626 0.000000
vt -0.250000 -0.169751 0.000000
vt 0.250000 -0.169751 0.000000
vt -0.250000 -0.084875 0.000000
vt 0.250000 -0.084875 0.000000
vt -0.250000 0.000000 0.000000
vt 0.250000 0.000000 0.000000
vt -0.250000 0.084875 0.000000
vt 0.250000 0.084875 0.000000
vt -0.250000 0.169751 0.000000
vt 0.250000 0.169751 0.000000
vt -0.250000 0.254626 0.000000
vt 0.250000 0.254626 0.000000
vt -0.250000 0.339501 0.000000
vt 0.250000 0.339501 0.000000
vt 1.900000 -0.141421 0.000000
vt 2.025000 -0.141421 0.000000
vt 1.900000 -0.056569 0.000000
vt 2.025000 -0.056569 0.000000
vt 2.100000 0.141421 0.000000
vt 2.100000 -0.056569 0.000000
vt -6.300000 0.141421 0.000000
vt -1.850000 -0.056569 0.000000
vt -1.725000 -0.056569 0.000000
vt -1.225000 -0.056569 0.000000
vt -6.300000 -0.056569 0.000000
vt -6.225000 -0.056569 0.000000
vt -6.100000 -0.056569 0.000000
vt -5.600000 -0.056569 0.000000
vt -6.225000 -0.141421 0.000000
vt -6.100000 -0.141421 0.000000
vt -5.600000 -0.141421 0.000000
vt -5.475000 -0.141421 0.000000
vt -5.475000 -0.056569 0.000000
vt -4.975000 -0.056569 0.000000
vt -4.225000 -0.056569 0.000000
vt -4.225000 -0.141421 0.000000
vt -4.975000 -0.141421 0.000000
vt -3.725000 -0.056569 0.000000
vt -3.600000 -0.056569 0.000000
vt -3.100000 -0.056569 0.000000
vt -3.725000 -0.141421 0.000000
vt -3.600000 -0.141421 0.000000
vt -3.100000 -0.141421 0.000000
vt -2.975000 -0.141421 0.000000
vt -2.975000 -0.056569 0.000000
vt -2.475000 -0.056569 0.000000
vt -2.350000 -0.056569 0.000000
vt -2.350000 -0.141421 0.000000
vt -2.475000 -0.141421 0.000000
vt -1.850000 -0.141421 0.000000
vt -1.725000 -0.141421 0.000000
vt -1.225000 -0.141421 0.000000
vt -1.100000 -0.141421 0.000000
vt -1.100000 -0.056569 0.000000
vt -0.600000 -0.056569 0.000000
vt -0.475000 -0.056569 0.000000
vt -0.475000 -0.141421 0.000000
vt -0.600000 -0.141421 0.000000
vt 0.025000 -0.056569 0.000000
vt 0.775000 -0.056569 0.000000
vt 1.275000 -0.056569 0.000000
vt 0.025000 -0.141421 0.000000
vt 0.775000 -0.141421 0.000000
vt 1.275000 -0.141421 0.000000
vt 1.400000 -0.141421 0.000000
vt 1.400000 -0.056569 0.000000
vt -0.000000 2.360000 0.000000
vt -0.060000 2.300000 0.000000
vt -0.000000 -2.360000 0.000000
vt -0.060000 -2.300000 0.000000
vt 2.300000 -4.000000 0.000000
vt -2.300000 -4.000000 0.000000
vt 2.300000 -4.125000 0.000000
vt -2.300000 -4.125000 0.000000
vt -0.000000 2.360000 0.000000
vt -0.075000 2.360000 0.000000
vt -0.000000 -2.360000 0.000000
vt -0.075000 -2.360000 0.000000
vt -0.174498 -2.340209 0.000000
vt -0.174498 2.340209 0.000000
vt -0.258848 -2.283848 0.000000
vt -0.258848 2.283848 0.000000
vt -0.315209 -2.199498 0.000000
vt -0.315209 2.199498 0.000000
vt -0.335000 -2.100000 0.000000
vt -0.335000 2.100000 0.000000
vt -0.000000 -2.300000 0.000000
vt -0.000000 2.300000 0.000000
vt -0.060000 -2.360000 0.000000
vt -0.060000 2.360000 0.000000
vt 2.300000 -2.875000 0.000000
vt -1.500000 -2.662100 0.000000
vt -2.300000 -2.875000 0.000000
vt -1.581050 -2.640383 0.000000
vt -1.640383 -2.581050 0.000000
vt 2.300000 -2.125000 0.000000
vt 1.662100 -2.500000 0.000000
vt 1.640383 -2.581050 0.000000
vt 1.581050 -2.640383 0.000000
vt -2.300000 -2.125000 0.000000
vt 1.500000 -2.337900 0.000000
vt 1.581050 -2.359617 0.000000
vt 1.640383 -2.418950 0.000000
vt -1.662100 -2.500000 0.000000
vt -1.640383 -2.418950 0.000000
vt -1.581050 -2.359617 0.000000
vt 1.418950 -2.640383 0.000000
vt -1.418950 -2.640383 0.000000
vt 1.500000 -2.662100 0.000000
vt -1.359617 -2.581050 0.000000
vt 1.359617 -2.581050 0.000000
vt -1.337900 -2.500000 0.000000
vt 1.337900 -2.500000 0.000000
vt -1.359617 -2.418950 0.000000
vt 1.359617 -2.418950 0.000000
vt -1.418950 -2.359617 0.000000
vt 1.418950 -2.359617 0.000000
vt -1.500000 -2.337900 0.000000
vt -0.250000 0.424377 0.000000
vt 0.250000 0.424377 0.000000
vt -0.250000 0.509252 0.000000
vt 0.250000 0.509252 0.000000
vt -0.250000 -0.509252 0.000000
vt 0.250000 -0.509252 0.000000
vt -0.250000 -0.424377 0.000000
vt 0.250000 -0.424377 0.000000
vt -0.250000 -0.339501 0.000000
vt 0.250000 -0.339501 0.000000
vt -0.250000 -0.254626 0.000000
vt 0.250000 -0.254626 0.000000
vt -0.250000 -0.169751 0.000000
vt 0.250000 -0.169751 0.000000
vt -0.250000 -0.084875 0.000000
vt 0.250000 -0.084875 0.000000
vt -0.250000 0.000000 0.000000
vt 0.250000 0.000000 0.000000
vt -0.250000 0.084875 0.000000
vt 0.250000 0.084875 0.000000
vt -0.250000 0.169751 0.000000
vt 0.250000 0.169751 0.000000
vt -0.250000 0.254626 0.000000
vt 0.250000 0.254626 0.000000
vt -0.250000 0.339501 0.000000
vt 0.250000 0.339501 0.000000
vt -0.500000 -2.360000 0.000000
vt -0.000000 -2.360000 0.000000
vt -0.500000 2.360000 0.000000
vt -0.000000 2.360000 0.000000
vt -0.060000 -2.300000 0.000000
vt -0.000000 -2.360000 0.000000
vt -0.060000 2.300000 0.000000
vt -0.000000 2.360000 0.000000
vt -2.300000 0.250000 0.000000
vt 2.300000 0.250000 0.000000
vt -2.300000 0.375000 0.000000
vt 2.300000 0.375000 0.000000
vt -0.060000 2.360000 0.000000
vt -0.060000 -2.360000 0.000000
vt -0.000000 2.300000 0.000000
vt -0.000000 -2.300000 0.000000
vt -0.500000 -2.360000 0.000000
vt -0.000000 -2.360000 0.000000
vt -0.500000 2.360000 0.000000
vt -0.000000 2.360000 0.000000
vt -0.060000 -2.300000 0.000000
vt -0.000000 -2.360000 0.000000
vt -0.060000 2.300000 0.000000
vt -0.000000 2.360000 0.000000
vt -2.300000 -0.375000 0.000000
vt 2.300000 -0.375000 0.000000
vt -2.300000 -0.250000 0.000000
vt 2.300000 -0.250000 0.000000
vt -0.060000 2.360000 0.000000
vt -0.060000 -2.360000 0.000000
vt -0.000000 2.300000 0.000000
vt -0.000000 -2.300000 0.000000
vt -0.500000 -2.360000 0.000000
vt -0.000000 -2.360000 0.000000
vt -0.500000 2.360000 0.000000
vt -0.000000 2.360000 0.000000
vt -0.060000 -2.300000 0.000000
vt -0.000000 -2.360000 0.000000
vt -0.060000 2.300000 0.000000
vt -0.000000 2.360000 0.000000
vt -2.300000 -1.000000 0.000000
vt 2.300000 -1.000000 0.000000
vt -2.300000 -0.875000 0.000000
vt 2.300000 -0.875000 0.000000
vt -0.250000 0.424377 0.000000
vt 0.250000 0.424377 0.000000
vt -0.250000 0.509252 0.000000
vt 0.250000 0.509252 0.000000
vt -0.250000 -0.509252 0.000000
vt 0.250000 -0.509252 0.000000
vt -0.250000 -0.424377 0.000000
vt 0.250000 -0.424377 0.000000
vt -0.250000 -0.339501 0.000000
vt 0.250000 -0.339501 0.000000
vt -0.250000 -0.254626 0.000000
vt 0.250000 -0.254626 0.000000
vt -0.250000 -0.169751 0.000000
vt 0.250000 -0.169751 0.000000
vt -0.250000 -0.084875 0.000000
vt 0.250000 -0.084875 0.000000
vt -0.250000 0.000000 0.000000
vt 0.250000 0.000000 0.000000
vt -0.250000 0.084875 0.000000
vt 0.250000 0.084875 0.000000
vt -0.250000 0.169751 0.000000
vt 0.250000 0.169751 0.000000
vt -0.250000 0.254626 0.000000
vt 0.250000 0.254626 0.000000
vt -0.250000 0.339501 0.000000
vt 0.250000 0.339501 0.000000
vt -0.250000 0.424377 0.000000
vt 0.250000 0.424377 0.000000
vt -0.250000 0.509252 0.000000
vt 0.250000 0.509252 0.000000
vt -0.250000 -0.509252 0.000000
vt 0.250000 -0.509252 0.000000
vt -0.250000 -0.424377 0.000000
vt 0.250000 -0.424377 0.000000
vt -0.250000 -0.339501 0.000000
vt 0.250000 -0.339501 0.000000
vt -0.250000 -0.254626 0.000000
vt 0.250000 -0.254626 0.000000
vt -0.250000 -0.169751 0.000000
vt 0.250000 -0.169751 0.000000
vt -0.250000 -0.084875 0.000000
vt 0.250000 -0.084875 0.000000
vt -0.250000 0.000000 0.000000
vt 0.250000 0.000000 0.000000
vt -0.250000 0.084875 0.000000
vt 0.250000 0.084875 0.000000
vt -0.250000 0.169751 0.000000
vt 0.250000 0.169751 0.000000
vt -0.250000 0.254626 0.000000
vt 0.250000 0.254626 0.000000
vt -0.250000 0.339501 0.000000
vt 0.250000 0.339501 0.000000
vt 0.007071 -0.000000 0.000000
vt -0.007071 0.000000 0.000000
vt 0.007071 -0.135481 0.000000
vt -0.007071 -0.135481 0.000000
vt 0.007071 -0.270962 0.000000
vt -0.007071 -0.270962 0.000000
vt 0.007071 -0.406444 0.000000
vt -0.007071 -0.406444 0.000000
vt 0.007071 -0.541925 0.000000
vt -0.007071 -0.541925 0.000000
vt -0.014142 0.000000 0.000000
vt -0.000000 0.000000 0.000000
vt -0.014142 11.500000 0.000000
vt 0.000000 11.500000 0.000000
vt 0.007071 0.000000 0.000000
vt -0.007071 0.000000 0.000000
vt 0.007071 -0.135481 0.000000
vt -0.007071 -0.135481 0.000000
vt 0.007071 -0.270962 0.000000
vt -0.007071 -0.270962 0.000000
vt 0.007071 -0.406444 0.000000
vt -0.007071 -0.406444 0.000000
vt 0.007071 -0.541925 0.000000
vt -0.007071 -0.541925 0.000000
vt -0.014142 0.000000 0.000000
vt -0.000000 0.000000 0.000000
vt -0.014142 7.300000 0.000000
vt -0.000000 7.300000 0.000000
vt 0.007071 0.000000 0.000000
vt -0.007071 -0.000000 0.000000
vt 0.007071 -0.135481 0.000000
vt -0.007071 -0.135481 0.000000
vt 0.007071 -0.270962 0.000000
vt -0.007071 -0.270962 0.000000
vt 0.007071 -0.406444 0.000000
vt -0.007071 -0.406444 0.000000
vt 0.007071 -0.541925 0.000000
vt -0.007071 -0.541925 0.000000
vt -0.014142 -0.000000 0.000000
vt -0.000000 -0.000000 0.000000
vt -0.014142 11.500000 0.000000
vt -0.000000 11.500000 0.000000
vt 0.007071 0.000000 0.000000
vt -0.007071 0.000000 0.000000
vt 0.007071 -0.135481 0.000000
vt -0.007071 -0.135481 0.000000
vt 0.007071 -0.270962 0.000000
vt -0.007071 -0.270962 0.000000
vt 0.007071 -0.406444 0.000000
vt -0.007071 -0.406444 0.000000
vt 0.007071 -0.541925 0.000000
vt -0.007071 -0.541925 0.000000
vt -0.014142 0.000000 0.000000
vt -0.000000 0.000000 0.000000
vt -0.014142 7.300000 0.000000
vt 0.000000 7.300000 0.000000
vt 11.500000 0.010000 0.000000
vt 5.750000 0.110000 0.000000
vt -0.000000 0.010000 0.000000
vt 5.595492 0.134472 0.000000
vt 5.456107 0.205492 0.000000
vt 11.500000 1.000000 0.000000
vt 6.225528 0.455492 0.000000
vt 6.154508 0.316107 0.000000
vt 6.043893 0.205492 0.000000
vt 6.250000 1.000000 0.000000
vt 6.250000 0.610000 0.000000
vt 5.904508 0.134472 0.000000
vt 5.345492 0.316107 0.000000
vt 5.274472 0.455492 0.000000
vt -0.000000 1.000000 0.000000
vt 5.250000 0.610000 0.000000
vt 5.250000 1.000000 0.000000
vt -1.000000 -0.549779 0.000000
vt -0.010000 -0.549779 0.000000
vt -1.000000 -0.412334 0.000000
vt -0.010000 -0.412334 0.000000
vt -1.000000 -0.274889 0.000000
vt -0.010000 -0.274889 0.000000
vt -1.000000 -0.137445 0.000000
vt -0.010000 -0.137445 0.000000
vt -1.000000 0.000000 0.000000
vt -0.010000 0.000000 0.000000
vt 0.000000 0.010000 0.000000
vt 7.300000 0.010000 0.000000
vt 0.000000 1.000000 0.000000
vt 7.300000 1.000000 0.000000
vt 2.875000 0.014142 0.000000
vt 2.875000 -0.014142 0.000000
vt 3.891716 0.014142 0.000000
vt 3.900000 -0.014142 0.000000
vt 0.868868 1.204271 0.000000
vt 0.840991 1.213836 0.000000
vt 0.787219 1.088801 0.000000
vt 0.768908 1.111895 0.000000
vt -0.014142 -0.695000 0.000000
vt 0.014142 -0.686716 0.000000
vt -0.014142 -0.305000 0.000000
vt 0.014142 -0.305000 0.000000
vt -0.014142 0.000000 0.000000
vt 0.014142 0.000000 0.000000
vt -0.014142 0.153938 0.000000
vt 0.014142 0.153938 0.000000
vt -0.014142 0.307876 0.000000
vt 0.014142 0.307876 0.000000
vt -0.014142 0.461814 0.000000
vt 0.014142 0.461814 0.000000
vt -0.014142 0.615752 0.000000
vt 0.014142 0.615752 0.000000
vt -0.014142 0.769690 0.000000
vt 0.014142 0.769690 0.000000
vt -0.014142 0.923628 0.000000
vt 0.014142 0.923628 0.000000
vt -0.014142 1.077566 0.000000
vt 0.014142 1.077566 0.000000
vt -0.014142 1.231504 0.000000
vt 0.014142 1.231504 0.000000
vt -0.014142 1.385442 0.000000
vt 0.014142 1.385442 0.000000
vt -0.014142 1.539380 0.000000
vt 0.014142 1.539380 0.000000
vt -0.014142 -0.060000 0.000000
vt -0.014142 -0.441716 0.000000
vt 0.014142 -0.060000 0.000000
vt 0.014142 -0.450000 0.000000
vt -0.668887 0.970444 0.000000
vt -0.740971 1.072386 0.000000
vt -0.687198 0.947350 0.000000
vt -0.768848 1.062820 0.000000
vt 0.014142 -0.573341 0.000000
vt 0.014142 -0.458673 0.000000
vt -0.014142 -0.573341 0.000000
vt -0.014142 -0.430005 0.000000
vt 0.014142 -0.344004 0.000000
vt -0.014142 -0.286670 0.000000
vt 0.014142 -0.229336 0.000000
vt -0.014142 -0.143335 0.000000
vt 0.014142 -0.114668 0.000000
vt -0.014142 0.000000 0.000000
vt 0.014142 0.000000 0.000000
vt 0.014142 -0.573341 0.000000
vt 0.014142 -0.458673 0.000000
vt -0.014142 -0.573341 0.000000
vt -0.014142 -0.430005 0.000000
vt 0.014142 -0.344004 0.000000
vt -0.014142 -0.286670 0.000000
vt 0.014142 -0.229336 0.000000
vt -0.014142 -0.143335 0.000000
vt 0.014142 -0.114668 0.000000
vt -0.014142 -0.000000 0.000000
vt 0.014142 -0.000000 0.000000
vt -3.900000 -0.014142 0.000000
vt -2.875000 -0.014142 0.000000
vt -3.891716 0.014142 0.000000
vt -2.875000 0.014142 0.000000
vt -3.375000 0.070711 0.000000
vt -8.625000 0.070711 0.000000
vt -3.375000 -0.070711 0.000000
vt -8.625000 -0.070711 0.000000
vt -0.140383 -0.081050 0.000000
vt 0.140383 -0.081050 0.000000
vt -0.162100 -0.000000 0.000000
vt 0.162100 0.000000 0.000000
vt -0.140383 0.081050 0.000000
vt 0.140383 0.081050 0.000000
vt -0.081050 0.140383 0.000000
vt 0.081050 0.140383 0.000000
vt -0.000000 0.162100 0.000000
vt 0.081050 -0.140383 0.000000
vt -0.081050 -0.140383 0.000000
vt 0.000000 -0.162100 0.000000
vt -0.140383 -0.081050 0.000000
vt 0.140383 -0.081050 0.000000
vt -0.162100 -0.000000 0.000000
vt 0.162100 0.000000 0.000000
vt -0.140383 0.081050 0.000000
vt 0.140383 0.081050 0.000000
vt -0.081050 0.140383 0.000000
vt 0.081050 0.140383 0.000000
vt -0.000000 0.162100 0.000000
vt 0.081050 -0.140383 0.000000
vt -0.081050 -0.140383 0.000000
vt 0.000000 -0.162100 0.000000
vt -0.140383 -0.081050 0.000000
vt 0.140383 -0.081050 0.000000
vt -0.162100 -0.000000 0.000000
vt 0.162100 0.000000 0.000000
vt -0.140383 0.081050 0.000000
vt 0.140383 0.081050 0.000000
vt -0.081050 0.140383 0.000000
vt 0.081050 0.140383 0.000000
vt -0.000000 0.162100 0.000000
vt 0.081050 -0.140383 0.000000
vt -0.081050 -0.140383 0.000000
vt 0.000000 -0.162100 0.000000
vt -0.140383 -0.081050 0.000000
vt 0.140383 -0.081050 0.000000
vt -0.162100 -0.000000 0.000000
vt 0.162100 0.000000 0.000000
vt -0.140383 0.081050 0.000000
vt 0.140383 0.081050 0.000000
vt -0.081050 0.140383 0.000000
vt 0.081050 0.140383 0.000000
vt -0.000000 0.162100 0.000000
vt 0.081050 -0.140383 0.000000
vt -0.081050 -0.140383 0.000000
vt 0.000000 -0.162100 0.000000
vt 2.300000 2.125000 0.000000
vt -1.500000 2.337900 0.000000
vt -2.300000 2.125000 0.000000
vt -1.581050 2.359617 0.000000
vt -1.640383 2.418950 0.000000
vt 2.300000 2.875000 0.000000
vt 1.662100 2.500000 0.000000
vt 1.640383 2.418950 0.000000
vt 1.581050 2.359617 0.000000
vt -2.300000 2.875000 0.000000
vt 1.500000 2.662100 0.000000
vt 1.581050 2.640383 0.000000
vt 1.640383 2.581050 0.000000
vt -1.662100 2.500000 0.000000
vt -1.640383 2.581050 0.000000
vt -1.581050 2.640383 0.000000
vt -1.500000 2.662100 0.000000
vt 1.418950 2.640383 0.000000
vt -1.418950 2.640383 0.000000
vt 1.359617 2.581050 0.000000
vt -1.359617 2.581050 0.000000
vt 1.337900 2.500000 0.000000
vt -1.337900 2.500000 0.000000
vt 1.359617 2.418950 0.000000
vt -1.359617 2.418950 0.000000
vt 1.418950 2.359617 0.000000
vt -1.418950 2.359617 0.000000
vt 1.500000 2.337900 0.000000
vt -1.000000 -0.549779 0.000000
vt -0.010000 -0.549779 0.000000
vt -1.000000 -0.412334 0.000000
vt -0.010000 -0.412334 0.000000
vt -1.000000 -0.274889 0.000000
vt -0.010000 -0.274889 0.000000
vt -1.000000 -0.137445 0.000000
vt -0.010000 -0.137445 0.000000
vt -1.000000 0.000000 0.000000
vt -0.010000 0.000000 0.000000
vt 11.500000 1.000000 0.000000
vt 0.000000 1.000000 0.000000
vt 11.500000 0.010000 0.000000
vt 0.000000 0.010000 0.000000
vt -0.141421 0.000000 0.000000
vt 0.056569 -0.000000 0.000000
vt -0.141421 0.103673 0.000000
vt 0.056569 0.129591 0.000000
vt -0.141421 0.207345 0.000000
vt 0.056569 0.259181 0.000000
vt -0.141421 0.311018 0.000000
vt 0.056569 0.388772 0.000000
vt -0.141421 0.414690 0.000000
vt 0.056569 0.518363 0.000000
vt -0.141421 0.518363 0.000000
vt -3.150000 -0.056569 0.000000
vt 1.050000 -0.056569 0.000000
vt -3.150000 0.141421 0.000000
vt 1.050000 0.141421 0.000000
vt 2.300000 3.500000 0.000000
vt -2.300000 3.500000 0.000000
vt 2.300000 3.375000 0.000000
vt -2.300000 3.375000 0.000000
vt -2.300000 4.000000 0.000000
vt 2.300000 4.000000 0.000000
vt -2.300000 4.125000 0.000000
vt 2.300000 4.125000 0.000000
vt -2.300000 1.500000 0.000000
vt 2.300000 1.500000 0.000000
vt -2.300000 1.625000 0.000000
vt 2.300000 1.625000 0.000000
vt -2.300000 0.875000 0.000000
vt 2.300000 0.875000 0.000000
vt -2.300000 1.000000 0.000000
vt 2.300000 1.000000 0.000000
vt 2.300000 -1.500000 0.000000
vt -2.300000 -1.500000 0.000000
vt 2.300000 -1.625000 0.000000
vt -2.300000 -1.625000 0.000000
vt 2.300000 -3.375000 0.000000
vt -2.300000 -3.375000 0.000000
vt 2.300000 -3.500000 0.000000
vt -2.300000 -3.500000 0.000000
vt -0.000000 2.360000 0.000000
vt -0.060000 2.300000 0.000000
vt -0.000000 -2.360000 0.000000
vt -0.060000 -2.300000 0.000000
vt -0.000000 2.360000 0.000000
vt -0.500000 2.360000 0.000000
vt -0.000000 -2.360000 0.000000
vt -0.500000 -2.360000 0.000000
vt -0.000000 -2.300000 0.000000
vt -0.000000 2.300000 0.000000
vt -0.060000 -2.360000 0.000000
vt -0.060000 2.360000 0.000000
vt -0.060000 2.360000 0.000000
vt -0.060000 -2.360000 0.000000
vt -0.000000 2.300000 0.000000
vt -0.000000 -2.300000 0.000000
vt -0.500000 -2.360000 0.000000
vt -0.000000 -2.360000 0.000000
vt -0.500000 2.360000 0.000000
vt -0.000000 2.360000 0.000000
vt -0.000000 2.360000 0.000000
vt -0.060000 2.300000 0.000000
vt -0.000000 -2.360000 0.000000
vt -0.060000 -2.300000 0.000000
vt -0.060000 -2.300000 0.000000
vt -0.000000 -2.360000 0.000000
vt -0.060000 2.300000 0.000000
vt -0.000000 2.360000 0.000000
vt -0.500000 -2.360000 0.000000
vt -0.000000 -2.360000 0.000000
vt -0.500000 2.360000 0.000000
vt -0.000000 2.360000 0.000000
vt -0.060000 2.360000 0.000000
vt -0.060000 -2.360000 0.000000
vt -0.000000 2.300000 0.000000
vt -0.000000 -2.300000 0.000000
vt -0.060000 2.360000 0.000000
vt -0.060000 -2.360000 0.000000
vt -0.000000 2.300000 0.000000
vt -0.000000 -2.300000 0.000000
vt -0.000000 2.360000 0.000000
vt -0.500000 2.360000 0.000000
vt -0.000000 -2.360000 0.000000
vt -0.500000 -2.360000 0.000000
vt -0.000000 2.360000 0.000000
vt -0.060000 2.300000 0.000000
vt -0.000000 -2.360000 0.000000
vt -0.060000 -2.300000 0.000000
vt -0.000000 2.100000 0.000000
vt -0.019791 2.199498 0.000000
vt -0.000000 -2.100000 0.000000
vt -0.019791 -2.199498 0.000000
vt -0.076152 2.283848 0.000000
vt -0.076152 -2.283848 0.000000
vt -0.160502 2.340209 0.000000
vt -0.160502 -2.340209 0.000000
vt -0.260000 2.360000 0.000000
vt -0.260000 -2.360000 0.000000
vt -0.335000 -2.360000 0.000000
vt -0.335000 2.360000 0.000000
vt -0.000000 2.360000 0.000000
vt -0.060000 2.300000 0.000000
vt -0.000000 -2.360000 0.000000
vt -0.060000 -2.300000 0.000000
vt -0.060000 2.360000 0.000000
vt -0.060000 -2.360000 0.000000
vt -0.000000 2.300000 0.000000
vt -0.000000 -2.300000 0.000000
vt -0.060000 2.360000 0.000000
vt -0.060000 -2.360000 0.000000
vt -0.000000 2.300000 0.000000
vt -0.000000 -2.300000 0.000000
vt -0.000000 2.360000 0.000000
vt -0.500000 2.360000 0.000000
vt -0.000000 -2.360000 0.000000
vt -0.500000 -2.360000 0.000000
vt -0.000000 2.360000 0.000000
vt -0.060000 2.300000 0.000000
vt -0.000000 -2.360000 0.000000
vt -0.060000 -2.300000 0.000000
vt -0.060000 2.360000 0.000000
vt -0.060000 -2.360000 0.000000
vt -0.000000 2.300000 0.000000
vt -0.000000 -2.300000 0.000000
vt -0.060000 2.360000 0.000000
vt -0.060000 -2.360000 0.000000
vt -0.000000 2.300000 0.000000
vt -0.000000 -2.300000 0.000000
vt -0.000000 2.360000 0.000000
vt -0.500000 2.360000 0.000000
vt -0.000000 -2.360000 0.000000
vt -0.500000 -2.360000 0.000000
vt -0.000000 2.360000 0.000000
vt -0.060000 2.300000 0.000000
vt -0.000000 -2.360000 0.000000
vt -0.060000 -2.300000 0.000000
vt -0.000000 2.360000 0.000000
vt -0.060000 2.300000 0.000000
vt -0.000000 -2.360000 0.000000
vt -0.060000 -2.300000 0.000000
vt -0.141421 0.000000 0.000000
vt 0.056569 0.000000 0.000000
vt -0.141421 0.103673 0.000000
vt 0.056569 0.129591 0.000000
vt -0.141421 0.207345 0.000000
vt 0.056569 0.259181 0.000000
vt -0.141421 0.311018 0.000000
vt 0.056569 0.388772 0.000000
vt -0.141421 0.414690 0.000000
vt 0.056569 0.518363 0.000000
vt -0.141421 0.518363 0.000000
vt -0.141421 -0.000000 0.000000
vt 0.056569 0.000000 0.000000
vt -0.141421 0.103673 0.000000
vt 0.056569 0.129591 0.000000
vt -0.141421 0.207345 0.000000
vt 0.056569 0.259181 0.000000
vt -0.141421 0.311018 0.000000
vt 0.056569 0.388772 0.000000
vt -0.141421 0.414690 0.000000
vt 0.056569 0.518363 0.000000
vt -0.141421 0.518363 0.000000
vt -0.141421 0.000000 0.000000
vt 0.056569 0.000000 0.000000
vt -0.141421 0.103673 0.000000
vt 0.056569 0.129591 0.000000
vt -0.141421 0.207345 0.000000
vt 0.056569 0.259181 0.000000
vt -0.141421 0.311018 0.000000
vt 0.056569 0.388772 0.000000
vt -0.141421 0.414690 0.000000
vt 0.056569 0.518363 0.000000
vt -0.141421 0.518363 0.000000
vt -3.150000 -0.056569 0.000000
vt 1.050000 -0.056569 0.000000
vt -3.150000 0.141421 0.000000
vt 1.050000 0.141421 0.000000
vt -1.975000 0.169706 0.000000
vt -2.225000 0.169706 0.000000
vt -1.975000 0.141421 0.000000
vt -2.225000 0.141421 0.000000
vt -1.850000 -0.056569 0.000000
vt -2.350000 -0.056569 0.000000
vt -2.475000 -0.056569 0.000000
vt -2.350000 -0.141421 0.000000
vt -2.475000 -0.141421 0.000000
vt -6.300000 0.141421 0.000000
vt -4.225000 -0.056569 0.000000
vt -3.725000 -0.056569 0.000000
vt -3.600000 -0.056569 0.000000
vt -3.600000 -0.141421 0.000000
vt -3.725000 -0.141421 0.000000
vt -6.300000 -0.056569 0.000000
vt -6.225000 -0.056569 0.000000
vt -6.100000 -0.056569 0.000000
vt -5.600000 -0.056569 0.000000
vt -6.225000 -0.141421 0.000000
vt -6.100000 -0.141421 0.000000
vt -5.600000 -0.141421 0.000000
vt -5.475000 -0.141421 0.000000
vt -5.475000 -0.056569 0.000000
vt -4.975000 -0.056569 0.000000
vt -4.225000 -0.141421 0.000000
vt -4.975000 -0.141421 0.000000
vt -3.100000 -0.056569 0.000000
vt -2.975000 -0.056569 0.000000
vt -3.100000 -0.141421 0.000000
vt -2.975000 -0.141421 0.000000
vt -1.850000 -0.141421 0.000000
vt -1.725000 -0.141421 0.000000
vt -1.725000 -0.056569 0.000000
vt -1.225000 -0.056569 0.000000
vt -1.100000 -0.056569 0.000000
vt -1.100000 -0.141421 0.000000
vt -1.225000 -0.141421 0.000000
vt -0.600000 -0.056569 0.000000
vt -0.475000 -0.056569 0.000000
vt 0.025000 -0.056569 0.000000
vt -0.600000 -0.141421 0.000000
vt -0.475000 -0.141421 0.000000
vt 0.025000 -0.141421 0.000000
vt 0.775000 -0.141421 0.000000
vt 0.775000 -0.056569 0.000000
vt 2.100000 0.141421 0.000000
vt 1.275000 -0.056569 0.000000
vt 1.400000 -0.056569 0.000000
vt 1.400000 -0.141421 0.000000
vt 1.275000 -0.141421 0.000000
vt 1.900000 -0.056569 0.000000
vt 2.025000 -0.056569 0.000000
vt 2.100000 -0.056569 0.000000
vt 1.900000 -0.141421 0.000000
vt 2.025000 -0.141421 0.000000
vt -0.070711 0.000000 0.000000
vt 0.070711 0.000000 0.000000
vt -0.070711 0.117810 0.000000
vt 0.070711 0.117810 0.000000
vt -0.070711 0.235619 0.000000
vt 0.070711 0.235619 0.000000
vt -0.070711 0.353429 0.000000
vt 0.070711 0.353429 0.000000
vt -0.070711 0.471239 0.000000
vt 0.070711 0.471239 0.000000
vt -5.475000 -0.070711 0.000000
vt 1.825000 -0.070711 0.000000
vt -5.475000 0.070711 0.000000
vt 1.825000 0.070711 0.000000
vt -0.070711 0.000000 0.000000
vt 0.070711 -0.000000 0.000000
vt -0.070711 0.117810 0.000000
vt 0.070711 0.117810 0.000000
vt -0.070711 0.235619 0.000000
vt 0.070711 0.235619 0.000000
vt -0.070711 0.353429 0.000000
vt 0.070711 0.353429 0.000000
vt -0.070711 0.471239 0.000000
vt 0.070711 0.471239 0.000000
vt -8.625000 -0.070711 0.000000
vt 2.875000 -0.070711 0.000000
vt -8.625000 0.070711 0.000000
vt 2.875000 0.070711 0.000000
vt -0.070711 0.000000 0.000000
vt 0.070711 0.000000 0.000000
vt -0.070711 0.117810 0.000000
vt 0.070711 0.117810 0.000000
vt -0.070711 0.235619 0.000000
vt 0.070711 0.235619 0.000000
vt -0.070711 0.353429 0.000000
vt 0.070711 0.353429 0.000000
vt -0.070711 0.471239 0.000000
vt 0.070711 0.471239 0.000000
vt -5.475000 -0.070711 0.000000
vt 1.825000 -0.070711 0.000000
vt -5.475000 0.070711 0.000000
vt 1.825000 0.070711 0.000000
vt -0.070711 -0.000000 0.000000
vt 0.070711 0.000000 0.000000
vt -0.070711 0.117810 0.000000
vt 0.070711 0.117810 0.000000
vt -0.070711 0.235619 0.000000
vt 0.070711 0.235619 0.000000
vt -0.070711 0.353429 0.000000
vt 0.070711 0.353429 0.000000
vt -0.070711 0.471239 0.000000
vt 0.070711 0.471239 0.000000
vt -2.375000 -0.070711 0.000000
vt 2.875000 -0.070711 0.000000
vt -2.375000 0.070711 0.000000
vt 2.875000 0.070711 0.000000
vt -1.000000 -0.549779 0.000000
vt -0.010000 -0.549779 0.000000
vt -1.000000 -0.412334 0.000000
vt -0.010000 -0.412334 0.000000
vt -1.000000 -0.274889 0.000000
vt -0.010000 -0.274889 0.000000
vt -1.000000 -0.137445 0.000000
vt -0.010000 -0.137445 0.000000
vt -1.000000 -0.000000 0.000000
vt -0.010000 -0.000000 0.000000
vt 0.000000 0.010000 0.000000
vt 7.300000 0.010000 0.000000
vt 0.000000 1.000000 0.000000
vt 7.300000 1.000000 0.000000
vt -1.000000 -0.549779 0.000000
vt -0.010000 -0.549779 0.000000
vt -1.000000 -0.412334 0.000000
vt -0.010000 -0.412334 0.000000
vt -1.000000 -0.274889 0.000000
vt -0.010000 -0.274889 0.000000
vt -1.000000 -0.137445 0.000000
vt -0.010000 -0.137445 0.000000
vt -1.000000 0.000000 0.000000
vt -0.010000 0.000000 0.000000
vt -0.001187 -0.947816 0.000000
vt -0.001235 -1.045795 0.000000
vt 0.035355 -1.045795 0.000000
vt 0.035355 1.045795 0.000000
vt -0.001235 1.045795 0.000000
vt -0.001288 0.929392 0.000000
vt 0.035355 0.915070 0.000000
vt -0.001334 0.799720 0.000000
vt 0.035355 0.784346 0.000000
vt -0.001364 0.670044 0.000000
vt 0.035355 0.653622 0.000000
vt -0.001373 0.596472 0.000000
vt 0.035355 0.522897 0.000000
vt -0.001376 0.522897 0.000000
vt -0.001371 0.424619 0.000000
vt 0.035355 0.392173 0.000000
vt -0.001355 0.326435 0.000000
vt 0.035355 0.261449 0.000000
vt -0.001329 0.228366 0.000000
vt 0.035355 0.130724 0.000000
vt -0.001293 0.130380 0.000000
vt -0.001251 0.032335 0.000000
vt 0.035355 -0.000000 0.000000
vt -0.001203 -0.065744 0.000000
vt 0.035355 -0.130724 0.000000
vt -0.001154 -0.163785 0.000000
vt 0.035355 -0.261449 0.000000
vt -0.001110 -0.261734 0.000000
vt -0.001075 -0.359732 0.000000
vt 0.035355 -0.392173 0.000000
vt -0.001054 -0.457773 0.000000
vt 0.035355 -0.522897 0.000000
vt -0.001051 -0.555792 0.000000
vt 0.035355 -0.653622 0.000000
vt -0.001066 -0.653730 0.000000
vt -0.001097 -0.751716 0.000000
vt 0.035355 -0.784346 0.000000
vt -0.001139 -0.849768 0.000000
vt 0.035355 -0.915070 0.000000
vt -0.323360 -0.133940 0.000000
vt -0.319545 -0.132360 0.000000
vt -0.350003 0.000000 0.000000
vt -0.345873 0.000000 0.000000
vt -0.319545 0.132360 0.000000
vt -0.244569 -0.244569 0.000000
vt -0.247489 -0.247489 0.000000
vt -0.132360 -0.319545 0.000000
vt -0.133940 -0.323360 0.000000
vt -0.000000 -0.345873 0.000000
vt -0.000000 -0.350003 0.000000
vt 0.133940 -0.323360 0.000000
vt 0.132360 -0.319545 0.000000
vt 0.247489 -0.247489 0.000000
vt 0.244569 -0.244569 0.000000
vt 0.323360 -0.133940 0.000000
vt 0.319545 -0.132360 0.000000
vt 0.345873 -0.000000 0.000000
vt 0.350002 -0.000000 0.000000
vt 0.319545 0.132360 0.000000
vt 0.323360 0.133940 0.000000
vt 0.244569 0.244569 0.000000
vt 0.247489 0.247489 0.000000
vt 0.132360 0.319545 0.000000
vt 0.133940 0.323360 0.000000
vt 0.000000 0.345873 0.000000
vt 0.000000 0.350003 0.000000
vt -0.133940 0.323360 0.000000
vt -0.132360 0.319545 0.000000
vt -0.247489 0.247489 0.000000
vt -0.244569 0.244569 0.000000
vt -0.323360 0.133940 0.000000
vt -0.450000 -0.014142 0.000000
vt 0.575000 -0.014142 0.000000
vt -0.441716 0.014142 0.000000
vt 0.575000 0.014142 0.000000
vt 0.014142 -0.667500 0.000000
vt 0.014142 -0.277500 0.000000
vt -0.014142 -0.659216 0.000000
vt -0.014142 -0.277500 0.000000
vt -0.014142 1.107411 0.000000
vt -0.014142 0.959757 0.000000
vt 0.014142 1.107411 0.000000
vt 0.014142 0.943350 0.000000
vt -0.014142 0.812102 0.000000
vt 0.014142 0.779290 0.000000
vt -0.014142 0.664447 0.000000
vt 0.014142 0.615229 0.000000
vt -0.014142 0.516792 0.000000
vt 0.014142 0.451168 0.000000
vt -0.014142 0.369137 0.000000
vt 0.014142 0.287107 0.000000
vt -0.014142 0.221482 0.000000
vt 0.014142 0.123046 0.000000
vt -0.014142 0.073827 0.000000
vt 0.014142 -0.041015 0.000000
vt -0.014142 -0.073827 0.000000
vt 0.014142 -0.205076 0.000000
vt -0.014142 -0.221482 0.000000
vt 0.014142 -0.369137 0.000000
vt -0.014142 -0.369137 0.000000
vt 0.014142 -0.277500 0.000000
vt -0.014142 -0.277500 0.000000
vt 0.014142 -0.659216 0.000000
vt -0.014142 -0.667500 0.000000
vt 0.120753 0.146276 0.000000
vt 0.092876 0.155842 0.000000
vt 0.039104 0.030806 0.000000
vt 0.020793 0.053900 0.000000
vt -0.020793 0.053900 0.000000
vt -0.092876 0.155842 0.000000
vt -0.039104 0.030806 0.000000
vt -0.120753 0.146276 0.000000
vt 0.014142 0.270962 0.000000
vt -0.014142 0.270962 0.000000
vt 0.014142 0.135481 0.000000
vt -0.014142 0.135481 0.000000
vt 0.014142 0.000000 0.000000
vt -0.014142 0.000000 0.000000
vt 0.014142 -0.135481 0.000000
vt -0.014142 -0.135481 0.000000
vt 0.014142 -0.270962 0.000000
vt -0.014142 -0.270962 0.000000
vt -0.125000 -0.014142 0.000000
vt 0.125000 -0.014142 0.000000
vt -0.125000 0.014142 0.000000
vt 0.125000 0.014142 0.000000
vt 0.014142 0.270962 0.000000
vt -0.014142 0.270962 0.000000
vt 0.014142 0.135481 0.000000
vt -0.014142 0.135481 0.000000
vt 0.014142 0.000000 0.000000
vt -0.014142 -0.000000 0.000000
vt 0.014142 -0.135481 0.000000
vt -0.014142 -0.135481 0.000000
vt 0.014142 -0.270962 0.000000
vt -0.014142 -0.270962 0.000000
vt -0.575000 0.014142 0.000000
vt -0.575000 -0.014142 0.000000
vt 0.441716 0.014142 0.000000
vt 0.450000 -0.014142 0.000000
vt 0.141421 0.460000 0.000000
vt -0.000000 0.460000 0.000000
vt 0.141421 0.370000 0.000000
vt -0.000000 0.370000 0.000000
vt 0.870000 0.460000 0.000000
vt 0.480000 0.460000 0.000000
vt 0.870000 0.370000 0.000000
vt 0.480000 0.370000 0.000000
vt 0.353453 0.347686 0.000000
vt 0.322671 0.432259 0.000000
vt 0.242169 0.283436 0.000000
vt 0.184318 0.352380 0.000000
vt 0.159571 0.185000 0.000000
vt 0.081628 0.230000 0.000000
vt 0.115621 0.064250 0.000000
vt 0.026988 0.079878 0.000000
vt 0.026988 -0.079878 0.000000
vt 0.115621 -0.064250 0.000000
vt 0.081628 -0.230000 0.000000
vt 0.159571 -0.185000 0.000000
vt 0.184318 -0.352380 0.000000
vt 0.242169 -0.283436 0.000000
vt 0.322671 -0.432259 0.000000
vt 0.353453 -0.347686 0.000000
vt 0.480000 -0.460000 0.000000
vt 0.480000 -0.370000 0.000000
vt 0.870000 -0.460000 0.000000
vt 0.870000 -0.370000 0.000000
vt -0.001721 -0.026929 0.000000
vt -0.029598 -0.017363 0.000000
vt -0.083371 -0.142399 0.000000
vt -0.101682 -0.119305 0.000000
vt 0.001661 0.022146 0.000000
vt -0.070423 0.124088 0.000000
vt -0.016650 -0.000948 0.000000
vt -0.098300 0.114522 0.000000
vt 0.014142 0.005000 0.000000
vt -0.014142 0.005000 0.000000
vt 0.014142 -0.376716 0.000000
vt -0.014142 -0.385000 0.000000
vt 0.014142 0.000000 0.000000
vt 0.014142 0.125664 0.000000
vt -0.014142 -0.000000 0.000000
vt -0.014142 0.141372 0.000000
vt 0.014142 0.251327 0.000000
vt -0.014142 0.282743 0.000000
vt 0.014142 0.376991 0.000000
vt -0.014142 0.424115 0.000000
vt 0.014142 0.502655 0.000000
vt -0.014142 0.565487 0.000000
vt 0.014142 0.628319 0.000000
vt -0.014142 0.706858 0.000000
vt 0.014142 0.753982 0.000000
vt -0.014142 0.848230 0.000000
vt 0.014142 0.879646 0.000000
vt -0.014142 0.989602 0.000000
vt 0.014142 1.005310 0.000000
vt -0.014142 1.130973 0.000000
vt 0.014142 1.130973 0.000000
vt 0.014142 -0.630000 0.000000
vt 0.014142 -0.240000 0.000000
vt -0.014142 -0.621716 0.000000
vt -0.014142 -0.240000 0.000000
vt -0.912500 0.014142 0.000000
vt -0.912500 -0.014142 0.000000
vt 0.104216 0.014142 0.000000
vt 0.112500 -0.014142 0.000000
vt 0.014142 0.184569 0.000000
vt -0.014142 0.184569 0.000000
vt 0.014142 0.092284 0.000000
vt -0.014142 0.092284 0.000000
vt 0.014142 0.000000 0.000000
vt -0.014142 0.000000 0.000000
vt 0.014142 -0.092284 0.000000
vt -0.014142 -0.092284 0.000000
vt 0.014142 -0.184569 0.000000
vt -0.014142 -0.184569 0.000000
vt -0.125000 -0.014142 0.000000
vt 0.125000 -0.014142 0.000000
vt -0.125000 0.014142 0.000000
vt 0.125000 0.014142 0.000000
vt 0.014142 0.184569 0.000000
vt -0.014142 0.184569 0.000000
vt 0.014142 0.092284 0.000000
vt -0.014142 0.092284 0.000000
vt 0.014142 -0.000000 0.000000
vt -0.014142 -0.000000 0.000000
vt 0.014142 -0.092284 0.000000
vt -0.014142 -0.092284 0.000000
vt 0.014142 -0.184569 0.000000
vt -0.014142 -0.184569 0.000000
vt -0.112500 -0.014142 0.000000
vt 0.912500 -0.014142 0.000000
vt -0.104216 0.014142 0.000000
vt 0.912500 0.014142 0.000000
vt -0.470000 0.800000 0.000000
vt -0.381716 -0.305000 0.000000
vt -0.116278 0.799995 0.000000
vt -0.000000 -0.305000 0.000000
vt -0.115552 0.799491 0.000000
vt -0.114826 0.798990 0.000000
vt -0.114100 0.798489 0.000000
vt 0.000000 0.963856 0.000000
vt -0.470000 -0.216716 0.000000
vt -0.305000 -0.137445 0.000000
vt 0.945158 -0.067854 0.000000
vt -0.305000 0.000000 0.000000
vt 0.955759 -0.033376 0.000000
vt 0.960856 -0.016851 0.000000
vt -0.305000 -0.274889 0.000000
vt 0.890123 -0.270252 0.000000
vt 0.925274 -0.134596 0.000000
vt 0.876130 -0.340158 0.000000
vt -0.305000 -0.412334 0.000000
vt 0.865754 -0.409865 0.000000
vt 0.859375 -0.479014 0.000000
vt -0.305000 -0.549779 0.000000
vt 0.857153 -0.549779 0.000000
vt 0.859375 -0.620543 0.000000
vt -0.305000 -0.687223 0.000000
vt 0.865754 -0.689693 0.000000
vt 0.876130 -0.759399 0.000000
vt -0.305000 -0.824668 0.000000
vt 0.890123 -0.829305 0.000000
vt -0.305000 -0.962113 0.000000
vt 0.925274 -0.964961 0.000000
vt 0.945158 -1.031704 0.000000
vt -0.305000 -1.099557 0.000000
vt 0.955759 -1.066181 0.000000
vt 0.960856 -1.082706 0.000000
vt 0.963447 -1.091349 0.000000
vt 0.964574 -1.095557 0.000000
vt 0.964860 -1.097728 0.000000
vt 0.964610 -1.098778 0.000000
vt 0.963856 -1.099557 0.000000
vt 0.963447 -0.008208 0.000000
vt 0.964574 -0.004001 0.000000
vt 0.964860 -0.001830 0.000000
vt 0.964610 -0.000779 0.000000
vt 0.963856 0.000000 0.000000
vt -0.374448 0.799491 0.000000
vt -0.490000 -0.305000 0.000000
vt -0.373722 0.799995 0.000000
vt -0.108284 -0.305000 0.000000
vt -0.020000 0.800000 0.000000
vt -0.020000 -0.216716 0.000000
vt -0.375174 0.798990 0.000000
vt -0.375900 0.798489 0.000000
vt -0.490000 0.963856 0.000000
vt 0.000000 0.460000 0.000000
vt 0.000000 0.370000 0.000000
vt 1.025000 0.460000 0.000000
vt 1.025000 0.370000 0.000000
vt 1.153199 0.434500 0.000000
vt 1.118757 0.351350 0.000000
vt 1.261881 0.361881 0.000000
vt 1.198241 0.298241 0.000000
vt 1.334500 0.253199 0.000000
vt 1.251350 0.218757 0.000000
vt 1.360000 0.125000 0.000000
vt 1.270000 0.125000 0.000000
vt 1.360000 -0.125000 0.000000
vt 1.270000 -0.125000 0.000000
vt 1.251350 -0.218757 0.000000
vt 1.334500 -0.253199 0.000000
vt 1.198241 -0.298241 0.000000
vt 1.261881 -0.361881 0.000000
vt 1.118757 -0.351350 0.000000
vt 1.153199 -0.434500 0.000000
vt 1.025000 -0.370000 0.000000
vt 1.025000 -0.460000 0.000000
vt 0.000000 -0.460000 0.000000
vt 0.000000 -0.370000 0.000000
vt 0.000000 -0.460000 0.000000
vt 0.141421 -0.460000 0.000000
vt 0.000000 -0.370000 0.000000
vt 0.141421 -0.370000 0.000000
vt 0.435000 -0.176715 0.000000
vt 0.435000 -0.088357 0.000000
vt 0.321606 -0.176715 0.000000
vt 0.271897 -0.082390 0.000000
vt 0.435000 0.000000 0.000000
vt 0.213835 0.006216 0.000000
vt 0.435000 0.088357 0.000000
vt 0.147886 0.093089 0.000000
vt 0.114546 0.134347 0.000000
vt 0.435000 0.176715 0.000000
vt 0.097162 0.155545 0.000000
vt 0.088715 0.165824 0.000000
vt 0.084427 0.171125 0.000000
vt 0.082378 0.173764 0.000000
vt 0.081447 0.175154 0.000000
vt 0.081121 0.175932 0.000000
vt 0.081113 0.176356 0.000000
vt 0.081278 0.176720 0.000000
vt -0.190000 0.088357 0.000000
vt 0.130205 0.134043 0.000000
vt -0.190000 0.176715 0.000000
vt 0.147746 0.155432 0.000000
vt 0.156184 0.165712 0.000000
vt -0.190000 0.000000 0.000000
vt 0.031500 0.006688 0.000000
vt 0.096472 0.092289 0.000000
vt -0.027385 -0.083215 0.000000
vt -0.190000 -0.088357 0.000000
vt -0.076606 -0.176715 0.000000
vt -0.190000 -0.176715 0.000000
vt 0.160563 0.171101 0.000000
vt 0.162593 0.173727 0.000000
vt 0.163555 0.175155 0.000000
vt 0.163876 0.175925 0.000000
vt 0.163887 0.176352 0.000000
vt 0.163722 0.176720 0.000000
vt -0.125000 -0.286606 0.000000
vt -0.125000 -0.400000 0.000000
vt -0.000000 -0.314650 0.000000
vt 0.125000 -0.400000 0.000000
vt 0.125000 -0.286606 0.000000
vt 0.500000 0.962120 0.000000
vt 0.598686 1.031698 0.000000
vt 0.500000 1.099565 0.000000
vt 0.609328 1.066163 0.000000
vt 0.614492 1.082667 0.000000
vt 0.500000 0.824674 0.000000
vt 0.543620 0.829309 0.000000
vt 0.578781 0.964962 0.000000
vt 0.529626 0.759403 0.000000
vt 0.500000 0.687228 0.000000
vt 0.519248 0.689697 0.000000
vt 0.512869 0.620547 0.000000
vt 0.500000 0.549783 0.000000
vt 0.510646 0.549783 0.000000
vt 0.512869 0.479018 0.000000
vt 0.500000 0.412337 0.000000
vt 0.519248 0.409869 0.000000
vt 0.529626 0.340163 0.000000
vt 0.500000 0.274891 0.000000
vt 0.543620 0.270257 0.000000
vt 0.500000 0.137446 0.000000
vt 0.578781 0.134603 0.000000
vt 0.598686 0.067867 0.000000
vt 0.500000 -0.000000 0.000000
vt 0.609328 0.033402 0.000000
vt 0.614492 0.016898 0.000000
vt 0.617265 0.008311 0.000000
vt 0.618726 0.004208 0.000000
vt 0.619724 0.002259 0.000000
vt 0.620526 0.001536 0.000000
vt 0.621589 0.001323 0.000000
vt 0.822500 0.000440 0.000000
vt 0.822500 0.001323 0.000000
vt 0.500000 -0.137446 0.000000
vt 0.806720 -0.052830 0.000000
vt 0.814115 -0.026432 0.000000
vt 0.817756 -0.013636 0.000000
vt 0.500000 -0.274891 0.000000
vt 0.770499 -0.210771 0.000000
vt 0.793071 -0.104089 0.000000
vt 0.761590 -0.316251 0.000000
vt 0.500000 -0.412337 0.000000
vt 0.773783 -0.421960 0.000000
vt 0.500000 -0.549783 0.000000
vt 0.789709 -0.549783 0.000000
vt 0.773783 -0.677605 0.000000
vt 0.500000 -0.687228 0.000000
vt 0.761593 -0.782357 0.000000
vt 0.500000 -0.824674 0.000000
vt 0.770583 -0.889366 0.000000
vt 0.500000 -0.962120 0.000000
vt 0.792817 -0.994483 0.000000
vt 0.806615 -1.046356 0.000000
vt 0.500000 -1.099565 0.000000
vt 0.814075 -1.072993 0.000000
vt 0.817722 -1.085783 0.000000
vt 0.819667 -1.092449 0.000000
vt 0.820675 -1.095611 0.000000
vt 0.821304 -1.097214 0.000000
vt 0.821755 -1.097915 0.000000
vt 0.822500 -1.099123 0.000000
vt 0.822100 -1.098167 0.000000
vt 0.822497 -1.098240 0.000000
vt 0.822500 1.098242 0.000000
vt 0.822500 1.099125 0.000000
vt 0.621589 1.098242 0.000000
vt 0.620526 1.098029 0.000000
vt 0.619724 1.097306 0.000000
vt 0.618726 1.095357 0.000000
vt 0.617265 1.091254 0.000000
vt 0.822500 -1.100006 0.000000
vt 0.819681 -0.007094 0.000000
vt 0.820689 -0.003910 0.000000
vt 0.821304 -0.002353 0.000000
vt 0.821760 -0.001644 0.000000
vt 0.822500 -0.000442 0.000000
vt 0.822104 -0.001396 0.000000
vt 0.822497 -0.001325 0.000000
vt 0.000000 -0.200000 0.000000
vt 0.084219 -0.182889 0.000000
vt -0.084128 -0.182892 0.000000
vt 0.155860 -0.135508 0.000000
vt 0.203145 -0.064235 0.000000
vt 0.219892 0.020093 0.000000
vt -0.155679 -0.135495 0.000000
vt -0.203115 -0.064168 0.000000
vt -0.220132 0.020186 0.000000
vt -0.203554 0.104123 0.000000
vt -0.155465 0.175410 0.000000
vt 0.203243 0.104145 0.000000
vt 0.155353 0.175634 0.000000
vt 0.084373 0.223576 0.000000
vt 0.000106 0.239801 0.000000
vt -0.084248 0.223321 0.000000
vt -0.042407 -0.740054 0.000000
vt -0.000000 -0.740054 0.000000
vt -0.042407 -0.647547 0.000000
vt -0.021204 -0.634110 0.000000
vt -0.042407 -0.555040 0.000000
vt -0.021204 -0.528422 0.000000
vt -0.042407 -0.462534 0.000000
vt -0.021204 -0.422888 0.000000
vt -0.042407 -0.370027 0.000000
vt -0.021204 -0.317166 0.000000
vt -0.042407 -0.277520 0.000000
vt -0.021204 -0.246685 0.000000
vt -0.042407 -0.185013 0.000000
vt -0.021204 -0.176203 0.000000
vt -0.021204 -0.105722 0.000000
vt -0.000000 -0.109307 0.000000
vt -0.021204 -0.035241 0.000000
vt -0.000000 -0.001552 0.000000
vt -0.021204 0.035241 0.000000
vt -0.000000 0.106328 0.000000
vt -0.021204 0.106025 0.000000
vt -0.021204 0.176203 0.000000
vt -0.042407 0.185013 0.000000
vt -0.021204 0.246685 0.000000
vt -0.042407 0.277520 0.000000
vt -0.021204 0.317166 0.000000
vt -0.042407 0.370027 0.000000
vt -0.021204 0.387647 0.000000
vt -0.042407 0.462534 0.000000
vt -0.021204 0.458128 0.000000
vt -0.021204 0.528610 0.000000
vt -0.000000 0.497156 0.000000
vt -0.000000 0.575582 0.000000
vt -0.000000 -0.633888 0.000000
vt -0.000000 -0.528235 0.000000
vt -0.000000 -0.439635 0.000000
vt -0.000000 -0.358975 0.000000
vt -0.000000 -0.279248 0.000000
vt -0.000000 -0.198789 0.000000
vt -0.000000 0.214784 0.000000
vt -0.000000 0.322044 0.000000
vt -0.000000 0.412456 0.000000
vt -0.021204 0.634332 0.000000
vt -0.000000 0.651889 0.000000
vt -0.042407 0.740054 0.000000
vt -0.000000 0.740054 0.000000
vt -0.042407 0.647547 0.000000
vt -0.042407 0.555040 0.000000
vt -0.042407 0.092507 0.000000
vt -0.042407 0.000000 0.000000
vt -0.042407 -0.092507 0.000000
vt 2.612761 -0.471239 0.000000
vt 2.629473 -0.519722 0.000000
vt 3.738755 -0.471239 0.000000
vt 3.743114 -0.535884 0.000000
vt 2.638236 -0.568206 0.000000
vt 3.744349 -0.600528 0.000000
vt 2.638141 -0.616690 0.000000
vt 3.742236 -0.665173 0.000000
vt 2.629199 -0.665173 0.000000
vt -0.000000 2.644145 0.000000
vt 0.222096 2.644145 0.000000
vt -0.000002 3.743545 0.000000
vt 0.235005 3.744818 0.000000
vt -0.000006 3.744182 0.000000
vt -0.000009 3.744500 0.000000
vt -0.000013 3.744818 0.000000
vt 0.277333 2.639759 0.000000
vt 0.308685 3.725097 0.000000
vt 0.382303 3.597520 0.000000
vt 0.362582 3.671200 0.000000
vt 0.331185 2.626710 0.000000
vt 0.382303 2.605326 0.000000
vt -0.000005 3.743863 0.000000
vt -0.193357 0.272450 0.000000
vt -0.190995 0.136225 0.000000
vt 0.819882 0.272450 0.000000
vt 0.825447 0.136225 0.000000
vt -0.190166 -0.000000 0.000000
vt 0.827400 -0.000000 0.000000
vt 0.825447 -0.136225 0.000000
vt -0.190995 -0.136225 0.000000
vt 0.819882 -0.272450 0.000000
vt -0.193357 -0.272450 0.000000
vt -5.697520 -0.138146 0.000000
vt -5.750476 -1.150000 0.000000
vt -5.411188 -0.138146 0.000000
vt -0.072799 -0.125011 0.000000
vt -0.179480 -0.088822 0.000000
vt 0.039837 -0.125395 0.000000
vt 5.750476 -1.150000 0.000000
vt 4.969091 -0.138146 0.000000
vt 5.697520 -0.138146 0.000000
vt 4.681030 0.152838 0.000000
vt 0.236902 -0.022301 0.000000
vt 0.146762 -0.089934 0.000000
vt 0.538818 0.254240 0.000000
vt 4.358345 0.404765 0.000000
vt 0.873411 0.490077 0.000000
vt 4.006278 0.613540 0.000000
vt 1.235245 0.681376 0.000000
vt 3.630550 0.775773 0.000000
vt 1.618441 0.825030 0.000000
vt 3.237265 0.888826 0.000000
vt 2.016772 0.918704 0.000000
vt 2.832814 0.950864 0.000000
vt 2.423768 0.960877 0.000000
vt -4.922004 0.102909 0.000000
vt -0.673109 0.142968 0.000000
vt -4.411322 0.294097 0.000000
vt -1.187296 0.324493 0.000000
vt -3.884196 0.433523 0.000000
vt -1.716950 0.453956 0.000000
vt -3.345843 0.519809 0.000000
vt -2.256830 0.530076 0.000000
vt -2.801592 0.552100 0.000000
vt -0.406645 -0.272450 0.000000
vt -0.409007 -0.136225 0.000000
vt -1.419884 -0.272450 0.000000
vt -1.425449 -0.136225 0.000000
vt -0.409837 -0.000000 0.000000
vt -1.427403 0.000000 0.000000
vt -1.425449 0.136225 0.000000
vt -0.409007 0.136225 0.000000
vt -1.419884 0.272450 0.000000
vt -0.406645 0.272450 0.000000
vt -2.605326 -0.151844 0.000000
vt -2.561054 -0.072651 0.000000
vt -3.597520 -0.151844 0.000000
vt -3.597520 -0.050615 0.000000
vt -2.511615 0.003788 0.000000
vt -3.597520 0.050615 0.000000
vt -2.458621 0.078000 0.000000
vt -3.597520 0.151844 0.000000
vt -2.404050 0.151204 0.000000
vt -2.403572 0.151844 0.000000
vt -0.000281 0.074080 0.000000
vt -0.000000 0.222067 0.000000
vt -0.044863 0.138807 0.000000
vt -0.099462 0.222067 0.000000
vt -0.100535 0.138807 0.000000
vt -0.156207 0.138807 0.000000
vt -0.100535 0.055548 0.000000
vt -0.156207 0.055548 0.000000
vt -0.100535 -0.010575 0.000000
vt -0.156207 -0.010575 0.000000
vt -0.100535 -0.086469 0.000000
vt -0.156207 -0.086469 0.000000
vt -0.100535 -0.105442 0.000000
vt -0.156207 -0.105442 0.000000
vt -0.100535 -0.124415 0.000000
vt -0.156207 -0.124415 0.000000
vt -0.100535 -0.162362 0.000000
vt -0.156207 -0.162362 0.000000
vt -0.099462 -0.222067 0.000000
vt -0.199092 -0.222067 0.000000
vt -0.197359 -0.162362 0.000000
vt -0.247929 -0.162362 0.000000
vt -0.247929 -0.124415 0.000000
vt -0.298491 -0.111180 0.000000
vt -0.247929 -0.105442 0.000000
vt -0.247929 -0.086469 0.000000
vt -0.197359 -0.105442 0.000000
vt -0.197359 -0.086469 0.000000
vt -0.199092 0.222067 0.000000
vt -0.197359 0.138807 0.000000
vt -0.197359 0.055548 0.000000
vt -0.197359 -0.010575 0.000000
vt -0.247929 0.138807 0.000000
vt -0.298488 0.222067 0.000000
vt -0.298498 0.111032 0.000000
vt -0.247929 0.055548 0.000000
vt -0.298493 0.000025 0.000000
vt -0.247929 -0.010575 0.000000
vt -0.298488 -0.222067 0.000000
vt -0.044863 -0.162362 0.000000
vt -0.000000 -0.222067 0.000000
vt -0.000009 -0.074181 0.000000
vt -0.044863 -0.010575 0.000000
vt -0.044863 -0.086469 0.000000
vt -0.044863 -0.105442 0.000000
vt -0.044863 0.055548 0.000000
vt -0.044863 -0.124415 0.000000
vt -0.197359 -0.124415 0.000000
vt -0.100939 -2.742816 0.000000
vt -0.000000 -2.742816 0.000000
vt -0.045337 -2.490975 0.000000
vt 0.000002 -2.188822 0.000000
vt -0.045337 -2.239135 0.000000
vt -0.045337 -1.987294 0.000000
vt -0.102193 -1.987294 0.000000
vt -0.102193 -1.735454 0.000000
vt -0.159048 -1.735454 0.000000
vt -0.159048 -1.548362 0.000000
vt -0.200382 -1.548362 0.000000
vt -0.200382 -1.361270 0.000000
vt -0.251651 -1.361270 0.000000
vt -0.251651 -0.987086 0.000000
vt -0.302440 -1.065447 0.000000
vt -0.251651 -0.612902 0.000000
vt -0.302796 -0.506281 0.000000
vt -0.251651 -0.238718 0.000000
vt -0.302863 0.052904 0.000000
vt -0.251651 0.135466 0.000000
vt -0.251651 0.509649 0.000000
vt -0.200382 0.135466 0.000000
vt -0.200382 0.509649 0.000000
vt -0.159048 0.135466 0.000000
vt -0.159048 0.509649 0.000000
vt -0.102193 0.135466 0.000000
vt -0.102193 0.509649 0.000000
vt -0.045337 0.135466 0.000000
vt -0.045337 0.509649 0.000000
vt 0.000002 0.580999 0.000000
vt -0.045337 0.883833 0.000000
vt 0.000002 1.134924 0.000000
vt -0.045337 1.258017 0.000000
vt 0.000002 1.688905 0.000000
vt -0.045337 1.670037 0.000000
vt -0.045337 1.964676 0.000000
vt -0.102193 1.964676 0.000000
vt -0.102193 2.259316 0.000000
vt -0.159048 2.259316 0.000000
vt -0.159048 2.553955 0.000000
vt -0.200382 2.553955 0.000000
vt -0.188383 2.820075 0.000000
vt -0.250111 2.834136 0.000000
vt 0.000002 -1.634877 0.000000
vt -0.045337 -1.735454 0.000000
vt -0.102193 -1.548362 0.000000
vt -0.159048 -1.361270 0.000000
vt -0.200382 -0.987086 0.000000
vt 0.000002 -1.080952 0.000000
vt -0.045337 -1.361270 0.000000
vt -0.045337 -1.548362 0.000000
vt -0.045337 -0.987086 0.000000
vt 0.000002 -0.526957 0.000000
vt -0.045337 -0.612902 0.000000
vt -0.045337 -0.238718 0.000000
vt -0.102193 -0.238718 0.000000
vt 0.000002 0.027061 0.000000
vt 0.000002 2.242906 0.000000
vt -0.045337 2.259316 0.000000
vt -0.102193 2.553955 0.000000
vt -0.096886 2.803171 0.000000
vt -0.045337 2.553955 0.000000
vt 0.000000 2.796909 0.000000
vt -0.000316 2.796915 0.000000
vt -0.000632 2.796921 0.000000
vt -0.000948 2.796927 0.000000
vt -0.001264 2.796931 0.000000
vt -0.251651 2.553955 0.000000
vt -0.302921 2.848595 0.000000
vt -0.302806 2.289425 0.000000
vt -0.302746 1.730254 0.000000
vt -0.251651 1.964676 0.000000
vt -0.251651 2.259316 0.000000
vt -0.200382 2.259316 0.000000
vt -0.302786 1.171102 0.000000
vt -0.251651 1.258017 0.000000
vt -0.251651 1.670037 0.000000
vt -0.200382 1.670037 0.000000
vt -0.200382 1.964676 0.000000
vt -0.159048 1.670037 0.000000
vt -0.159048 1.964676 0.000000
vt -0.102193 1.670037 0.000000
vt -0.251651 0.883833 0.000000
vt -0.302772 0.612007 0.000000
vt -0.302345 -1.624541 0.000000
vt -0.251651 -1.548362 0.000000
vt -0.200382 -1.735454 0.000000
vt -0.159048 -1.987294 0.000000
vt -0.102193 -2.239135 0.000000
vt -0.302643 -2.183653 0.000000
vt -0.251651 -1.987294 0.000000
vt -0.251651 -1.735454 0.000000
vt -0.302921 -2.742816 0.000000
vt -0.251651 -2.490975 0.000000
vt -0.251651 -2.239135 0.000000
vt -0.200382 -2.239135 0.000000
vt -0.200382 -1.987294 0.000000
vt -0.159048 -2.239135 0.000000
vt -0.202050 -2.742816 0.000000
vt -0.200382 -2.490975 0.000000
vt -0.159048 -2.490975 0.000000
vt -0.102193 -2.490975 0.000000
vt -0.102193 -1.361270 0.000000
vt -0.102193 -0.987086 0.000000
vt -0.102193 -0.612902 0.000000
vt -0.159048 -0.987086 0.000000
vt -0.200382 -0.612902 0.000000
vt -0.159048 -0.612902 0.000000
vt -0.159048 -0.238718 0.000000
vt -0.200382 -0.238718 0.000000
vt -0.102193 0.883833 0.000000
vt -0.102193 1.258017 0.000000
vt -0.159048 0.883833 0.000000
vt -0.159048 1.258017 0.000000
vt -0.200382 0.883833 0.000000
vt -0.200382 1.258017 0.000000
vt -0.000000 0.012182 0.000000
vt -0.000000 0.103450 0.000000
vt -0.045025 0.057230 0.000000
vt -0.100991 0.103450 0.000000
vt -0.101915 0.057230 0.000000
vt -0.158805 0.057230 0.000000
vt -0.101915 0.011010 0.000000
vt -0.158805 0.011010 0.000000
vt -0.101915 -0.026999 0.000000
vt -0.158805 -0.026999 0.000000
vt -0.101915 -0.077902 0.000000
vt -0.158805 -0.077902 0.000000
vt -0.101915 -0.090627 0.000000
vt -0.158805 -0.090627 0.000000
vt -0.101915 -0.103353 0.000000
vt -0.158805 -0.103353 0.000000
vt -0.101915 -0.128804 0.000000
vt -0.158805 -0.128804 0.000000
vt -0.100990 -0.170492 0.000000
vt -0.202162 -0.170492 0.000000
vt -0.199775 -0.128804 0.000000
vt -0.251513 -0.128804 0.000000
vt -0.251513 -0.103353 0.000000
vt -0.303081 -0.170492 0.000000
vt -0.303251 -0.102007 0.000000
vt -0.251513 -0.090627 0.000000
vt -0.251513 -0.077902 0.000000
vt -0.199775 -0.090627 0.000000
vt -0.199775 -0.077902 0.000000
vt -0.202160 0.103450 0.000000
vt -0.199775 0.057230 0.000000
vt -0.199775 0.011010 0.000000
vt -0.199775 -0.026999 0.000000
vt -0.251513 0.057230 0.000000
vt -0.303081 0.103450 0.000000
vt -0.303130 0.035008 0.000000
vt -0.251513 0.011010 0.000000
vt -0.303154 -0.033529 0.000000
vt -0.251513 -0.026999 0.000000
vt -0.045025 -0.128804 0.000000
vt -0.000000 -0.170492 0.000000
vt -0.000015 -0.079195 0.000000
vt -0.045025 -0.026999 0.000000
vt -0.045025 -0.077902 0.000000
vt -0.045025 -0.090627 0.000000
vt -0.045025 -0.103353 0.000000
vt -0.045025 0.011010 0.000000
vt -0.199775 -0.103353 0.000000
vt -0.202072 2.693761 0.000000
vt -0.302950 2.693761 0.000000
vt -0.200041 2.435888 0.000000
vt -0.302607 2.266693 0.000000
vt -0.200041 2.178016 0.000000
vt -0.302298 1.839688 0.000000
vt -0.200041 1.920143 0.000000
vt -0.200041 1.662270 0.000000
vt -0.158897 1.662270 0.000000
vt -0.158897 1.404398 0.000000
vt -0.102010 1.404398 0.000000
vt -0.102010 1.146525 0.000000
vt -0.045122 1.146525 0.000000
vt -0.045122 0.888652 0.000000
vt 0.000003 1.013501 0.000000
vt -0.000004 0.593470 0.000000
vt -0.045122 0.630780 0.000000
vt -0.045122 0.340563 0.000000
vt -0.102010 0.630780 0.000000
vt -0.102010 0.340563 0.000000
vt -0.158897 0.630780 0.000000
vt -0.158897 0.340563 0.000000
vt -0.200041 0.630780 0.000000
vt -0.200041 0.340563 0.000000
vt -0.303029 0.558716 0.000000
vt -0.302805 0.131700 0.000000
vt -0.302516 1.412713 0.000000
vt -0.200041 1.404398 0.000000
vt -0.158897 1.146525 0.000000
vt -0.102010 0.888652 0.000000
vt -0.200041 1.146525 0.000000
vt -0.302914 0.985698 0.000000
vt -0.200041 0.888652 0.000000
vt -0.200041 0.050346 0.000000
vt -0.302450 -0.295278 0.000000
vt -0.200041 -0.218855 0.000000
vt -0.200041 -0.488057 0.000000
vt -0.158897 -0.488057 0.000000
vt -0.158897 -0.757259 0.000000
vt -0.102010 -0.757259 0.000000
vt -0.102010 -1.026460 0.000000
vt -0.045122 -1.026460 0.000000
vt -0.045122 -1.295662 0.000000
vt -0.000000 -1.086823 0.000000
vt -0.000000 -1.507081 0.000000
vt -0.045122 -1.564863 0.000000
vt -0.045122 -1.834065 0.000000
vt -0.102010 -1.564863 0.000000
vt -0.102010 -1.834065 0.000000
vt -0.158897 -1.564863 0.000000
vt -0.158897 -1.834065 0.000000
vt -0.200041 -1.564863 0.000000
vt -0.200041 -1.834065 0.000000
vt -0.302893 -1.576609 0.000000
vt -0.302587 -2.003578 0.000000
vt -0.302579 -0.722262 0.000000
vt -0.200041 -0.757259 0.000000
vt -0.158897 -1.026460 0.000000
vt -0.102010 -1.295662 0.000000
vt -0.200041 -1.026460 0.000000
vt -0.303005 -1.149415 0.000000
vt -0.200041 -1.295662 0.000000
vt -0.302701 -2.430442 0.000000
vt -0.200041 -2.291802 0.000000
vt -0.200041 -2.103267 0.000000
vt -0.158897 -2.103267 0.000000
vt -0.102010 -2.103267 0.000000
vt -0.045122 -2.103267 0.000000
vt 0.000014 -1.927137 0.000000
vt -0.302950 -2.857410 0.000000
vt -0.251569 -2.832870 0.000000
vt -0.200041 -2.480338 0.000000
vt -0.158897 -2.480338 0.000000
vt -0.158897 -2.291802 0.000000
vt -0.102010 -2.480338 0.000000
vt -0.102010 -2.291802 0.000000
vt -0.045122 -2.480338 0.000000
vt -0.045122 -2.291802 0.000000
vt 0.000012 -2.347053 0.000000
vt -0.190391 -2.807510 0.000000
vt -0.099834 -2.779036 0.000000
vt -0.003335 -2.767136 0.000000
vt -0.000834 -2.767065 0.000000
vt -0.002501 -2.767116 0.000000
vt -0.001667 -2.767092 0.000000
vt 0.000001 -2.767045 0.000000
vt -0.045122 -0.757259 0.000000
vt 0.000021 -0.666649 0.000000
vt -0.045122 -0.488057 0.000000
vt 0.000024 -0.246627 0.000000
vt -0.045122 -0.218855 0.000000
vt -0.045122 0.050346 0.000000
vt -0.102010 0.050346 0.000000
vt 0.000005 0.173408 0.000000
vt 0.000021 1.433566 0.000000
vt -0.045122 1.404398 0.000000
vt -0.102010 1.662270 0.000000
vt -0.158897 1.920143 0.000000
vt -0.045122 1.662270 0.000000
vt 0.000028 1.853589 0.000000
vt -0.045122 1.920143 0.000000
vt -0.045122 2.178016 0.000000
vt -0.102010 2.178016 0.000000
vt -0.102010 2.435888 0.000000
vt -0.158897 2.435888 0.000000
vt -0.100947 2.693761 0.000000
vt 0.000014 2.273645 0.000000
vt -0.045122 2.435888 0.000000
vt 0.000000 2.693761 0.000000
vt -0.158897 2.178016 0.000000
vt -0.102010 1.920143 0.000000
vt -0.158897 0.888652 0.000000
vt -0.158897 0.050346 0.000000
vt -0.158897 -0.218855 0.000000
vt -0.102010 -0.218855 0.000000
vt -0.102010 -0.488057 0.000000
vt -0.158897 -1.295662 0.000000
vt 2.680215 0.151844 0.000000
vt 2.041012 0.151844 0.000000
vt 2.680215 0.050615 0.000000
vt 2.028066 0.054216 0.000000
vt 2.000533 -0.037658 0.000000
vt 2.680215 -0.050615 0.000000
vt 1.974878 -0.099402 0.000000
vt 2.680215 -0.151844 0.000000
vt 1.951785 -0.151844 0.000000
vt -0.000009 0.074181 0.000000
vt -0.000000 0.222067 0.000000
vt -0.044863 0.146572 0.000000
vt -0.099462 0.222067 0.000000
vt -0.100535 0.146572 0.000000
vt -0.156207 0.146572 0.000000
vt -0.100535 0.071077 0.000000
vt -0.156207 0.071077 0.000000
vt -0.100535 0.010575 0.000000
vt -0.156207 0.010575 0.000000
vt -0.100535 -0.072684 0.000000
vt -0.156207 -0.072684 0.000000
vt -0.100535 -0.093499 0.000000
vt -0.156207 -0.093499 0.000000
vt -0.100535 -0.114314 0.000000
vt -0.156207 -0.114314 0.000000
vt -0.100535 -0.155943 0.000000
vt -0.156207 -0.155943 0.000000
vt -0.099462 -0.222067 0.000000
vt -0.199092 -0.222067 0.000000
vt -0.197359 -0.155943 0.000000
vt -0.247929 -0.155943 0.000000
vt -0.247929 -0.114314 0.000000
vt -0.298498 -0.111032 0.000000
vt -0.247929 -0.093499 0.000000
vt -0.247929 -0.072684 0.000000
vt -0.197359 -0.093499 0.000000
vt -0.197359 -0.072684 0.000000
vt -0.199092 0.222067 0.000000
vt -0.197359 0.146572 0.000000
vt -0.197359 0.071077 0.000000
vt -0.197359 0.010575 0.000000
vt -0.247929 0.146572 0.000000
vt -0.298488 0.222067 0.000000
vt -0.298491 0.111180 0.000000
vt -0.247929 0.071077 0.000000
vt -0.298493 -0.000025 0.000000
vt -0.247929 0.010575 0.000000
vt -0.298488 -0.222067 0.000000
vt -0.044863 -0.155943 0.000000
vt -0.000000 -0.222067 0.000000
vt -0.000281 -0.074080 0.000000
vt -0.044863 0.010575 0.000000
vt -0.044863 -0.072684 0.000000
vt -0.044863 -0.093499 0.000000
vt -0.044863 -0.114314 0.000000
vt -0.044863 0.071077 0.000000
vt -0.197359 -0.114314 0.000000
vt -2.679930 -0.151844 0.000000
vt -2.693036 -0.098348 0.000000
vt -2.966262 -0.151844 0.000000
vt -2.966262 -0.050615 0.000000
vt -2.708141 -0.036465 0.000000
vt -2.966262 0.050615 0.000000
vt -2.723447 0.055747 0.000000
vt -2.966262 0.151844 0.000000
vt -2.731244 0.151844 0.000000
vt 0.189793 3.597520 0.000000
vt 0.189793 2.403572 0.000000
vt 1.201647 3.650476 0.000000
vt 1.201647 -3.650000 0.000000
vt -0.310893 -3.568618 0.000000
vt -0.310893 2.114897 0.000000
vt 1.512540 2.114897 0.000000
vt 1.011854 2.403572 0.000000
vt 1.512540 -3.568618 0.000000
vt 0.000000 -3.650000 0.000000
vt 0.000000 3.650476 0.000000
vt 1.011854 3.597520 0.000000
vt -0.979422 0.552333 0.000000
vt -1.349082 0.729937 0.000000
vt -4.120578 0.552333 0.000000
vt -3.750918 0.729937 0.000000
vt -3.361665 0.858909 0.000000
vt -1.738335 0.858909 0.000000
vt -2.959170 0.937143 0.000000
vt -2.140830 0.937143 0.000000
vt -2.550000 0.963363 0.000000
vt -2.403572 -0.151844 0.000000
vt -2.404050 -0.151204 0.000000
vt -3.597520 -0.151844 0.000000
vt -2.458621 -0.078000 0.000000
vt -3.597520 -0.050615 0.000000
vt -2.511615 -0.003788 0.000000
vt -3.597520 0.050615 0.000000
vt -2.561054 0.072651 0.000000
vt -3.597520 0.151844 0.000000
vt -2.605326 0.151844 0.000000
vt 0.976225 2.644145 0.000000
vt 0.976231 3.741436 0.000000
vt 0.350000 2.644145 0.000000
vt 0.337091 3.744818 0.000000
vt 0.189793 3.597520 0.000000
vt 0.263411 3.725097 0.000000
vt 0.209514 3.671200 0.000000
vt 0.976255 3.742282 0.000000
vt 0.976263 3.743127 0.000000
vt 0.976276 3.743972 0.000000
vt 0.976294 3.744818 0.000000
vt 0.189793 2.605326 0.000000
vt 0.240911 2.626710 0.000000
vt 0.294763 2.639759 0.000000
vt -1.723598 -0.800399 0.000000
vt -0.208870 -0.800399 0.000000
vt -0.971122 -0.686238 0.000000
vt -0.210449 -0.722852 0.000000
vt -0.211544 -0.647271 0.000000
vt -0.971122 -0.571989 0.000000
vt -0.212118 -0.571902 0.000000
vt -0.971122 -0.495372 0.000000
vt -0.212132 -0.494997 0.000000
vt -0.971122 -0.419420 0.000000
vt -0.211075 -0.381632 0.000000
vt -0.971122 -0.343092 0.000000
vt -0.208870 -0.266764 0.000000
vt -1.723598 -0.266764 0.000000
vt -1.729321 -0.400172 0.000000
vt -1.731331 -0.533582 0.000000
vt -1.729321 -0.666992 0.000000
vt 0.464417 0.063890 0.000000
vt 0.482372 0.523483 0.000000
vt 0.409813 0.072254 0.000000
vt 0.387276 0.530690 0.000000
vt 0.320608 0.077481 0.000000
vt 0.320811 0.538885 0.000000
vt 0.246603 0.549673 0.000000
vt 0.521129 0.059814 0.000000
vt 0.580838 0.522484 0.000000
vt 0.580838 0.060128 0.000000
vt 0.229319 0.062900 0.000000
vt 0.155623 0.562872 0.000000
vt 0.134571 0.035032 0.000000
vt 0.031650 0.577945 0.000000
vt 0.032589 0.000315 0.000000
vt 0.031650 0.000000 0.000000
vt -5.480709 1.642904 0.000000
vt -6.235176 1.639168 0.000000
vt -5.654716 1.448408 0.000000
vt -5.833166 1.415534 0.000000
vt -5.693347 1.414984 0.000000
vt -5.787445 1.397649 0.000000
vt -5.739172 1.397460 0.000000
vt -5.295185 1.822649 0.000000
vt -6.651150 1.825672 0.000000
vt -5.266507 1.847520 0.000000
vt -6.708275 1.847514 0.000000
vt -1.723598 -0.800399 0.000000
vt -0.208870 -0.800399 0.000000
vt -0.971122 -0.685884 0.000000
vt -0.211075 -0.685529 0.000000
vt -0.212132 -0.572161 0.000000
vt -0.971122 -0.572119 0.000000
vt -0.212118 -0.496170 0.000000
vt -0.971122 -0.495959 0.000000
vt -0.211545 -0.420465 0.000000
vt -0.971122 -0.419420 0.000000
vt -0.210450 -0.344234 0.000000
vt -0.971122 -0.343092 0.000000
vt -0.208870 -0.266764 0.000000
vt -1.723598 -0.266764 0.000000
vt -1.729321 -0.400172 0.000000
vt -1.731331 -0.533582 0.000000
vt -1.729321 -0.666992 0.000000
vt -0.081382 1.512540 0.000000
vt -11.418618 1.512540 0.000000
vt -0.000000 0.000000 0.000000
vt -11.500000 -0.000000 0.000000
vt -4.328131 0.050615 0.000000
vt -2.433626 0.050615 0.000000
vt -4.328131 0.151844 0.000000
vt -0.539121 0.050615 0.000000
vt 1.355384 0.151844 0.000000
vt 1.355384 0.050615 0.000000
vt 1.355384 -0.050615 0.000000
vt -0.539121 -0.050615 0.000000
vt 1.355384 -0.151844 0.000000
vt -2.433626 -0.050615 0.000000
vt -4.328131 -0.151844 0.000000
vt -4.328131 -0.050615 0.000000
vt -0.000000 0.335969 0.000000
vt -0.000000 0.447958 0.000000
vt -0.045220 0.363923 0.000000
vt -0.099413 0.447958 0.000000
vt -0.100750 0.363923 0.000000
vt -0.156280 0.363923 0.000000
vt -0.100750 0.279888 0.000000
vt -0.156280 0.279888 0.000000
vt -0.100750 0.213313 0.000000
vt -0.156280 0.213313 0.000000
vt -0.100750 0.136863 0.000000
vt -0.156280 0.136863 0.000000
vt -0.100750 0.117750 0.000000
vt -0.156280 0.117750 0.000000
vt -0.100750 0.098637 0.000000
vt -0.156280 0.098637 0.000000
vt -0.100750 0.060412 0.000000
vt -0.156280 0.060412 0.000000
vt -0.099413 0.000000 0.000000
vt -0.198994 -0.000000 0.000000
vt -0.197392 0.060412 0.000000
vt -0.247867 0.060412 0.000000
vt -0.247867 0.098637 0.000000
vt -0.298342 0.095976 0.000000
vt -0.247867 0.117750 0.000000
vt -0.247867 0.136863 0.000000
vt -0.197392 0.117750 0.000000
vt -0.197392 0.136863 0.000000
vt -0.198994 0.447958 0.000000
vt -0.197392 0.363923 0.000000
vt -0.197392 0.279888 0.000000
vt -0.197392 0.213313 0.000000
vt -0.247867 0.363923 0.000000
vt -0.298342 0.447958 0.000000
vt -0.298333 0.383515 0.000000
vt -0.298327 0.318853 0.000000
vt -0.247867 0.279888 0.000000
vt -0.298337 0.254987 0.000000
vt -0.247867 0.213313 0.000000
vt -0.298342 0.191982 0.000000
vt -0.298342 0.000000 0.000000
vt -0.045220 0.060412 0.000000
vt -0.000000 0.000000 0.000000
vt -0.000000 0.111990 0.000000
vt -0.000000 0.223979 0.000000
vt -0.045220 0.136863 0.000000
vt -0.045220 0.117750 0.000000
vt -0.045220 0.098637 0.000000
vt -0.045220 0.279888 0.000000
vt -0.045220 0.213313 0.000000
vt -0.197392 0.098637 0.000000
vt -8.543618 0.050615 0.000000
vt -6.654079 0.050615 0.000000
vt -8.543618 0.151844 0.000000
vt -4.764539 0.050615 0.000000
vt -2.875000 0.050615 0.000000
vt -2.875000 -0.050615 0.000000
vt -0.985461 -0.050615 0.000000
vt 2.793618 -0.151844 0.000000
vt 0.904079 -0.050615 0.000000
vt 2.793618 -0.050615 0.000000
vt 0.904079 0.050615 0.000000
vt 2.793618 0.050615 0.000000
vt 2.793618 0.151844 0.000000
vt -6.654079 -0.050615 0.000000
vt -8.543618 -0.050615 0.000000
vt -8.543618 -0.151844 0.000000
vt -4.764539 -0.050615 0.000000
vt -0.985461 0.050615 0.000000
vt -0.000000 0.335970 0.000000
vt -0.000000 0.447960 0.000000
vt -0.045220 0.371774 0.000000
vt -0.099413 0.447960 0.000000
vt -0.100750 0.371774 0.000000
vt -0.156280 0.371774 0.000000
vt -0.100750 0.295588 0.000000
vt -0.156280 0.295588 0.000000
vt -0.100750 0.234646 0.000000
vt -0.156280 0.234646 0.000000
vt -0.100750 0.150783 0.000000
vt -0.156280 0.150783 0.000000
vt -0.100750 0.129817 0.000000
vt -0.156280 0.129817 0.000000
vt -0.100750 0.108851 0.000000
vt -0.156280 0.108851 0.000000
vt -0.100750 0.066920 0.000000
vt -0.156280 0.066920 0.000000
vt -0.099413 0.000000 0.000000
vt -0.198994 -0.000000 0.000000
vt -0.197392 0.066920 0.000000
vt -0.247867 0.066920 0.000000
vt -0.247867 0.108851 0.000000
vt -0.298331 0.064507 0.000000
vt -0.298332 0.128617 0.000000
vt -0.247867 0.129817 0.000000
vt -0.247867 0.150783 0.000000
vt -0.197392 0.129817 0.000000
vt -0.197392 0.150783 0.000000
vt -0.198994 0.447960 0.000000
vt -0.197392 0.371774 0.000000
vt -0.197392 0.295588 0.000000
vt -0.197392 0.234646 0.000000
vt -0.247867 0.371774 0.000000
vt -0.298342 0.447960 0.000000
vt -0.298342 0.351983 0.000000
vt -0.247867 0.295588 0.000000
vt -0.298342 0.255977 0.000000
vt -0.247867 0.234646 0.000000
vt -0.298340 0.192209 0.000000
vt -0.298342 0.000000 0.000000
vt -0.045220 0.066920 0.000000
vt -0.000000 0.000000 0.000000
vt -0.000000 0.111990 0.000000
vt -0.000000 0.223980 0.000000
vt -0.045220 0.150783 0.000000
vt -0.045220 0.129817 0.000000
vt -0.045220 0.108851 0.000000
vt -0.045220 0.295588 0.000000
vt -0.045220 0.234646 0.000000
vt -0.197392 0.108851 0.000000
vt -4.673867 0.050615 0.000000
vt -2.779362 0.050615 0.000000
vt -4.673867 0.151844 0.000000
vt -0.884857 0.050615 0.000000
vt 1.009648 0.151844 0.000000
vt 1.009648 0.050615 0.000000
vt 1.009648 -0.050615 0.000000
vt -0.884857 -0.050615 0.000000
vt 1.009648 -0.151844 0.000000
vt -2.779362 -0.050615 0.000000
vt -4.673867 -0.151844 0.000000
vt -4.673867 -0.050615 0.000000
vt -0.000000 0.321549 0.000000
vt -0.000000 0.367485 0.000000
vt -0.034259 0.322148 0.000000
vt -0.073950 0.367484 0.000000
vt -0.075256 0.322148 0.000000
vt -0.116253 0.322148 0.000000
vt -0.075256 0.276811 0.000000
vt -0.116253 0.276811 0.000000
vt -0.075256 0.244990 0.000000
vt -0.116253 0.244990 0.000000
vt -0.075256 0.158250 0.000000
vt -0.116253 0.158250 0.000000
vt -0.075256 0.114880 0.000000
vt -0.116253 0.114880 0.000000
vt -0.075256 0.071511 0.000000
vt -0.116253 0.071511 0.000000
vt -0.073969 0.000000 0.000000
vt -0.147967 0.000000 0.000000
vt -0.147399 0.071511 0.000000
vt -0.184663 0.071511 0.000000
vt -0.184663 0.114880 0.000000
vt -0.221925 0.078756 0.000000
vt -0.221925 0.157493 0.000000
vt -0.184663 0.158250 0.000000
vt -0.221926 0.210000 0.000000
vt -0.184663 0.244990 0.000000
vt -0.221925 0.262489 0.000000
vt -0.184663 0.276811 0.000000
vt -0.221925 0.314987 0.000000
vt -0.184663 0.322148 0.000000
vt -0.221925 0.367485 0.000000
vt -0.148024 0.367485 0.000000
vt -0.147399 0.322148 0.000000
vt -0.221925 0.000000 0.000000
vt -0.034259 0.071511 0.000000
vt -0.000000 0.000000 0.000000
vt -0.000000 0.091871 0.000000
vt -0.034259 0.114880 0.000000
vt -0.000000 0.183742 0.000000
vt -0.034259 0.158250 0.000000
vt -0.034259 0.244990 0.000000
vt -0.000000 0.275613 0.000000
vt -0.034259 0.276811 0.000000
vt -0.147399 0.276811 0.000000
vt -0.147399 0.244990 0.000000
vt -0.147399 0.158250 0.000000
vt -0.147399 0.114880 0.000000
vt -3.834525 -0.104727 0.000000
vt -2.392757 -0.104721 0.000000
vt -4.035297 -0.034591 0.000000
vt -2.296775 -0.028551 0.000000
vt -3.753805 -0.000004 0.000000
vt -2.187735 0.039099 0.000000
vt -4.249948 0.025164 0.000000
vt -4.506291 0.069893 0.000000
vt -2.050297 0.087855 0.000000
vt -4.767210 0.092638 0.000000
vt -1.894328 0.104720 0.000000
vt -5.001257 0.101353 0.000000
vt -5.216341 0.104084 0.000000
vt -5.422094 0.104679 0.000000
vt -5.613281 0.104720 0.000000
vt -0.000000 0.275566 0.000000
vt -0.000000 0.367421 0.000000
vt -0.034259 0.318203 0.000000
vt -0.073969 0.367421 0.000000
vt -0.075256 0.318203 0.000000
vt -0.116253 0.318203 0.000000
vt -0.075256 0.268986 0.000000
vt -0.116253 0.268986 0.000000
vt -0.075256 0.170551 0.000000
vt -0.116253 0.170551 0.000000
vt -0.075256 0.122474 0.000000
vt -0.116253 0.122474 0.000000
vt -0.075256 0.078309 0.000000
vt -0.116253 0.078309 0.000000
vt -0.075256 0.034144 0.000000
vt -0.116253 0.034144 0.000000
vt -0.073950 0.000000 0.000000
vt -0.148024 0.000000 0.000000
vt -0.147399 0.034144 0.000000
vt -0.184663 0.034144 0.000000
vt -0.184663 0.078309 0.000000
vt -0.221925 0.052489 0.000000
vt -0.221925 0.104977 0.000000
vt -0.184663 0.122474 0.000000
vt -0.221926 0.157458 0.000000
vt -0.184663 0.170551 0.000000
vt -0.221925 0.209955 0.000000
vt -0.184663 0.268986 0.000000
vt -0.221925 0.288679 0.000000
vt -0.184663 0.318203 0.000000
vt -0.221925 0.367421 0.000000
vt -0.147967 0.367421 0.000000
vt -0.147399 0.318203 0.000000
vt -0.221925 0.000000 0.000000
vt -0.034259 0.034144 0.000000
vt -0.000000 0.000000 0.000000
vt -0.000000 0.045928 0.000000
vt -0.034259 0.078309 0.000000
vt -0.000000 0.091855 0.000000
vt -0.034259 0.122474 0.000000
vt -0.000000 0.183710 0.000000
vt -0.034259 0.170551 0.000000
vt -0.034259 0.268986 0.000000
vt -0.147399 0.268986 0.000000
vt -0.147399 0.170551 0.000000
vt -0.147399 0.122474 0.000000
vt -0.147399 0.078309 0.000000
vt -1.128481 1.847515 0.000000
vt -1.099815 1.822649 0.000000
vt -0.083852 1.847521 0.000000
vt -0.886704 1.613870 0.000000
vt -0.062889 1.385641 0.000000
vt -0.689114 1.385641 0.000000
vt -11.210015 1.385641 0.000000
vt -10.784882 1.626521 0.000000
vt -11.432111 1.385641 0.000000
vt -11.411148 1.847521 0.000000
vt -10.343850 1.825672 0.000000
vt -10.286714 1.847517 0.000000
vt 1.246828 0.104720 0.000000
vt 1.397001 0.089159 0.000000
vt 2.789898 0.104720 0.000000
vt 2.789898 0.034907 0.000000
vt 1.530990 0.043628 0.000000
vt 1.643107 -0.024067 0.000000
vt 2.789898 -0.034907 0.000000
vt 1.745269 -0.104726 0.000000
vt 2.789898 -0.104720 0.000000
vt -7.412964 -0.104723 0.000000
vt -7.254871 -0.048781 0.000000
vt -8.537398 -0.104720 0.000000
vt -8.537398 -0.034907 0.000000
vt -7.092955 0.000953 0.000000
vt -8.537398 0.034907 0.000000
vt -6.914630 0.042849 0.000000
vt -8.537398 0.104720 0.000000
vt -6.705078 0.074466 0.000000
vt -6.453076 0.094298 0.000000
vt -6.183002 0.102569 0.000000
vt -5.895040 0.104599 0.000000
vt -5.634219 0.104720 0.000000
vt 0.517532 0.060128 0.000000
vt 0.577240 0.059814 0.000000
vt 0.517532 0.522484 0.000000
vt 0.615996 0.523483 0.000000
vt 0.633952 0.063890 0.000000
vt 0.688555 0.072254 0.000000
vt 0.711091 0.530690 0.000000
vt 0.777758 0.077481 0.000000
vt 0.777555 0.538885 0.000000
vt 0.851762 0.549673 0.000000
vt 0.869046 0.062900 0.000000
vt 0.942741 0.562872 0.000000
vt 0.963792 0.035032 0.000000
vt 1.066712 0.577945 0.000000
vt 1.065773 0.000315 0.000000
vt 1.066712 0.000000 0.000000
vt -2.437117 -4.592484 0.000000
vt -3.714276 -4.706638 0.000000
vt -2.425641 -5.003287 0.000000
vt -3.726845 -5.134515 0.000000
vt -2.530031 -5.282843 0.000000
vt -3.741436 -5.562391 0.000000
vt -2.644145 -5.562400 0.000000
vt -3.703925 -4.278762 0.000000
vt -2.446504 -4.181681 0.000000
vt -3.695956 -3.850886 0.000000
vt -2.453665 -3.770879 0.000000
vt -3.690495 -3.423010 0.000000
vt -2.458498 -3.360076 0.000000
vt -3.687626 -2.995133 0.000000
vt -2.460932 -2.949273 0.000000
vt -3.687395 -2.567257 0.000000
vt -2.460932 -2.538471 0.000000
vt -3.689806 -2.139381 0.000000
vt -2.458498 -2.127668 0.000000
vt -3.694820 -1.711505 0.000000
vt -2.453665 -1.716866 0.000000
vt -2.446504 -1.306063 0.000000
vt -3.702359 -1.283629 0.000000
vt -2.437117 -0.895260 0.000000
vt -3.712305 -0.855752 0.000000
vt -2.425641 -0.484458 0.000000
vt -3.724501 -0.427876 0.000000
vt -2.515513 -0.242229 0.000000
vt -3.738755 -0.000000 0.000000
vt -2.612761 -0.000000 0.000000
vt -0.000236 1.283683 0.000000
vt -0.000231 1.711565 0.000000
vt -0.045464 1.396322 0.000000
vt -0.081270 1.849872 0.000000
vt -0.102045 1.396322 0.000000
vt -0.102045 1.807256 0.000000
vt -0.158627 1.807256 0.000000
vt -0.164468 1.970362 0.000000
vt -0.200007 1.807256 0.000000
vt -0.235915 2.075594 0.000000
vt -0.302860 1.814861 0.000000
vt -0.289466 2.183400 0.000000
vt -0.302852 2.218189 0.000000
vt -0.302865 1.411563 0.000000
vt -0.200007 1.396322 0.000000
vt -0.158627 1.396322 0.000000
vt -0.158627 0.985389 0.000000
vt -0.102045 0.985389 0.000000
vt -0.102045 0.574455 0.000000
vt -0.045464 0.574455 0.000000
vt -0.045464 0.340042 0.000000
vt 0.000005 0.427904 0.000000
vt -0.045464 0.105628 0.000000
vt -0.000171 0.000008 0.000000
vt -0.045464 -0.108204 0.000000
vt -0.000207 -0.427868 0.000000
vt -0.045464 -0.322036 0.000000
vt -0.045464 -0.749700 0.000000
vt -0.102045 -0.322036 0.000000
vt -0.102045 -0.749700 0.000000
vt -0.158627 -0.322036 0.000000
vt -0.158627 -0.749700 0.000000
vt -0.200007 -0.322036 0.000000
vt -0.200007 -0.749700 0.000000
vt -0.302858 -0.604940 0.000000
vt -0.302851 -1.008320 0.000000
vt -0.302857 1.008262 0.000000
vt -0.200007 0.985389 0.000000
vt -0.158627 0.574455 0.000000
vt -0.102045 0.340042 0.000000
vt -0.302852 0.604963 0.000000
vt -0.200007 0.574455 0.000000
vt -0.158627 0.340042 0.000000
vt -0.102045 0.105628 0.000000
vt -0.200007 0.340042 0.000000
vt -0.302855 0.201659 0.000000
vt -0.200007 0.105628 0.000000
vt -0.302864 -0.201634 0.000000
vt -0.200007 -0.108204 0.000000
vt -0.302858 -1.411652 0.000000
vt -0.200007 -1.177364 0.000000
vt -0.200007 -0.963532 0.000000
vt -0.158627 -0.963532 0.000000
vt -0.102045 -0.963532 0.000000
vt -0.045464 -0.963532 0.000000
vt 0.000006 -0.855813 0.000000
vt -0.302857 -1.814905 0.000000
vt -0.200007 -1.605028 0.000000
vt -0.200007 -1.391196 0.000000
vt -0.158627 -1.391196 0.000000
vt -0.158627 -1.177364 0.000000
vt -0.102045 -1.391196 0.000000
vt -0.102045 -1.177364 0.000000
vt -0.045464 -1.391196 0.000000
vt -0.045464 -1.177364 0.000000
vt -0.000071 -1.283772 0.000000
vt -0.302852 -2.218189 0.000000
vt -0.289469 -2.183413 0.000000
vt -0.231973 -2.069196 0.000000
vt -0.200007 -1.911609 0.000000
vt -0.158473 -1.962057 0.000000
vt -0.158627 -1.911609 0.000000
vt -0.102045 -1.758319 0.000000
vt -0.158627 -1.758319 0.000000
vt -0.158627 -1.605028 0.000000
vt -0.077973 -1.844871 0.000000
vt -0.045464 -1.758319 0.000000
vt -0.102045 -1.605028 0.000000
vt -0.045464 -1.605028 0.000000
vt -0.000146 -1.711625 0.000000
vt -0.000037 0.855788 0.000000
vt -0.045464 0.985389 0.000000
vt -0.200007 -1.758319 0.000000
vt -0.158627 0.105628 0.000000
vt -0.102045 -0.108204 0.000000
vt -0.158627 -0.108204 0.000000
vt -2.431733 -4.869420 0.000000
vt -3.720756 -5.179179 0.000000
vt -2.424130 -5.406711 0.000000
vt -3.730206 -5.739290 0.000000
vt -2.517382 -5.853056 0.000000
vt -3.742236 -6.299401 0.000000
vt -2.629199 -6.299401 0.000000
vt -3.713980 -4.619068 0.000000
vt -2.436840 -4.332129 0.000000
vt -3.709943 -4.058958 0.000000
vt -2.439405 -3.794839 0.000000
vt -3.708684 -3.498847 0.000000
vt -2.439405 -3.257548 0.000000
vt -3.710215 -2.938736 0.000000
vt -2.436840 -2.720258 0.000000
vt -3.714522 -2.378625 0.000000
vt -2.431733 -2.182967 0.000000
vt -3.721563 -1.818514 0.000000
vt -2.424130 -1.645676 0.000000
vt -3.731268 -1.258403 0.000000
vt -2.523705 -1.171983 0.000000
vt -3.743545 -0.698292 0.000000
vt -2.644145 -0.698290 0.000000
vt -0.000066 0.005358 0.000000
vt -0.000071 0.010725 0.000000
vt -0.045476 0.088560 0.000000
vt -0.006678 0.277880 0.000000
vt -0.028651 0.571311 0.000000
vt -0.045476 0.626101 0.000000
vt -0.063878 0.843667 0.000000
vt -0.102063 0.626101 0.000000
vt -0.102063 0.934514 0.000000
vt -0.158650 0.934514 0.000000
vt -0.110497 1.094479 0.000000
vt -0.158650 1.242926 0.000000
vt -0.160368 1.300893 0.000000
vt -0.199993 1.242926 0.000000
vt -0.209197 1.476726 0.000000
vt -0.251437 1.242926 0.000000
vt -0.251437 1.551339 0.000000
vt -0.302873 1.328413 0.000000
vt -0.253858 1.638697 0.000000
vt -0.291023 1.800422 0.000000
vt -0.302871 1.859751 0.000000
vt -0.251437 0.934514 0.000000
vt -0.302871 0.797082 0.000000
vt -0.251437 0.626101 0.000000
vt -0.302870 0.265698 0.000000
vt -0.251437 0.088560 0.000000
vt -0.302881 -0.265701 0.000000
vt -0.251437 -0.250744 0.000000
vt -0.251437 -0.590048 0.000000
vt -0.199993 -0.590048 0.000000
vt -0.199993 -0.759700 0.000000
vt -0.158650 -0.759700 0.000000
vt -0.158650 -0.929352 0.000000
vt -0.102063 -0.929352 0.000000
vt -0.119074 -1.130051 0.000000
vt -0.069224 -0.870768 0.000000
vt -0.302881 -0.797044 0.000000
vt -0.251437 -0.759700 0.000000
vt -0.199993 -0.929352 0.000000
vt -0.158650 -1.268655 0.000000
vt -0.182570 -1.382486 0.000000
vt -0.199993 -1.268655 0.000000
vt -0.199993 -1.416429 0.000000
vt -0.251437 -1.268655 0.000000
vt -0.251437 -1.416429 0.000000
vt -0.302880 -1.328383 0.000000
vt -0.251437 -1.564203 0.000000
vt -0.291025 -1.800433 0.000000
vt -0.242263 -1.595677 0.000000
vt -0.251437 -0.929352 0.000000
vt -0.302871 -1.859751 0.000000
vt -0.035894 -0.635356 0.000000
vt -0.045476 -0.590048 0.000000
vt -0.102063 -0.759700 0.000000
vt -0.015421 -0.416868 0.000000
vt -0.045476 -0.250744 0.000000
vt -0.102063 -0.250744 0.000000
vt -0.102063 0.088560 0.000000
vt -0.158650 0.088560 0.000000
vt -0.158650 0.626101 0.000000
vt -0.199993 0.626101 0.000000
vt -0.199993 0.934514 0.000000
vt -0.003875 -0.206635 0.000000
vt -0.000081 -0.010740 0.000000
vt -0.000071 -0.005358 0.000000
vt -0.000066 0.000000 0.000000
vt -0.199993 -0.250744 0.000000
vt -0.199993 0.088560 0.000000
vt -0.158650 -0.250744 0.000000
vt -0.158650 -0.590048 0.000000
vt -0.102063 -0.590048 0.000000
vt -3.008026 -5.717565 0.000000
vt -2.983197 -5.766138 0.000000
vt -3.016468 -5.663648 0.000000
vt -2.943199 -5.803066 0.000000
vt -2.918319 -5.814389 0.000000
vt -2.891365 -5.818614 0.000000
vt -3.016468 -4.120578 0.000000
vt -0.082062 -5.158407 0.000000
vt -0.055419 -5.024468 0.000000
vt 2.792150 -5.818614 0.000000
vt 0.267938 -5.508407 0.000000
vt 0.133999 -5.481765 0.000000
vt 0.020451 -5.405894 0.000000
vt 2.849414 -5.806914 0.000000
vt 2.942146 -5.668618 0.000000
vt 2.605296 -5.292346 0.000000
vt 2.529426 -5.405894 0.000000
vt 2.898122 -5.774577 0.000000
vt 2.930619 -5.726042 0.000000
vt 2.942146 5.668618 0.000000
vt 2.605296 -5.024468 0.000000
vt 2.631938 -5.158407 0.000000
vt 2.930620 5.726041 0.000000
vt 2.898124 5.774576 0.000000
vt 2.849414 5.806913 0.000000
vt 2.792150 5.818614 0.000000
vt -2.891365 5.818614 0.000000
vt -3.016468 2.760469 0.000000
vt -3.016468 2.755233 0.000000
vt -3.016468 2.750007 0.000000
vt -3.016468 5.663648 0.000000
vt -2.918319 5.814389 0.000000
vt -2.943199 5.803066 0.000000
vt -2.983197 5.766138 0.000000
vt -3.008026 5.717565 0.000000
vt -3.016468 2.744780 0.000000
vt -3.016468 2.739531 0.000000
vt 0.267938 -4.808407 0.000000
vt 0.133999 -4.835049 0.000000
vt -3.016468 -0.979422 0.000000
vt 0.020451 -4.910919 0.000000
vt -0.055419 -5.292346 0.000000
vt 0.401878 -4.835049 0.000000
vt 1.140999 -4.835049 0.000000
vt 1.274938 -4.808407 0.000000
vt 1.027451 -4.910919 0.000000
vt 0.515426 -4.910919 0.000000
vt 0.951581 -5.024468 0.000000
vt 0.591296 -5.024468 0.000000
vt 0.924938 -5.158407 0.000000
vt 0.617938 -5.158407 0.000000
vt 0.951581 -5.292346 0.000000
vt 0.591296 -5.292346 0.000000
vt 1.027451 -5.405894 0.000000
vt 0.515426 -5.405894 0.000000
vt 1.140999 -5.481765 0.000000
vt 0.401878 -5.481765 0.000000
vt 1.274938 -5.508407 0.000000
vt 1.408878 -4.835049 0.000000
vt 2.147999 -4.835049 0.000000
vt 2.034451 -4.910919 0.000000
vt 1.522426 -4.910919 0.000000
vt 1.958581 -5.024468 0.000000
vt 1.598296 -5.024468 0.000000
vt 1.931938 -5.158407 0.000000
vt 1.624938 -5.158407 0.000000
vt 1.958581 -5.292346 0.000000
vt 1.598296 -5.292346 0.000000
vt 2.034451 -5.405894 0.000000
vt 1.522426 -5.405894 0.000000
vt 2.147999 -5.481765 0.000000
vt 1.408878 -5.481765 0.000000
vt 2.415878 -5.481765 0.000000
vt 2.281938 -5.508407 0.000000
vt 2.281938 -4.808407 0.000000
vt 2.415878 -4.835049 0.000000
vt 2.529426 -4.910919 0.000000
vt 0.000000 -0.320000 0.000000
vt 0.130156 -0.292335 0.000000
vt -0.130156 -0.292335 0.000000
vt -0.237806 -0.214122 0.000000
vt 0.237806 -0.214122 0.000000
vt -0.304338 -0.098885 0.000000
vt 0.304338 -0.098885 0.000000
vt -0.318247 0.033449 0.000000
vt 0.318247 0.033449 0.000000
vt -0.277128 0.160000 0.000000
vt 0.277128 0.160000 0.000000
vt -0.188091 0.258885 0.000000
vt 0.188091 0.258885 0.000000
vt -0.066532 0.313007 0.000000
vt 0.066532 0.313007 0.000000
vt -0.021213 -0.920879 0.000000
vt -0.021213 -1.052434 0.000000
vt 0.021213 -1.052434 0.000000
vt 0.021213 1.052434 0.000000
vt -0.021213 1.052434 0.000000
vt -0.021213 0.920879 0.000000
vt 0.021213 0.912109 0.000000
vt -0.021213 0.789325 0.000000
vt 0.021213 0.771785 0.000000
vt -0.021213 0.657771 0.000000
vt 0.021213 0.631460 0.000000
vt -0.021213 0.526217 0.000000
vt 0.021213 0.491136 0.000000
vt -0.021213 0.394663 0.000000
vt 0.021213 0.350811 0.000000
vt -0.021213 0.263108 0.000000
vt 0.021213 0.210487 0.000000
vt -0.021213 0.131554 0.000000
vt 0.021213 0.070162 0.000000
vt -0.021213 0.000000 0.000000
vt 0.021213 -0.070162 0.000000
vt -0.021213 -0.131554 0.000000
vt 0.021213 -0.210487 0.000000
vt -0.021213 -0.263108 0.000000
vt 0.021213 -0.350811 0.000000
vt -0.021213 -0.394663 0.000000
vt 0.021213 -0.491136 0.000000
vt -0.021213 -0.526217 0.000000
vt 0.021213 -0.631460 0.000000
vt -0.021213 -0.657771 0.000000
vt 0.021213 -0.771785 0.000000
vt -0.021213 -0.789325 0.000000
vt 0.021213 -0.912109 0.000000
vt -0.021213 -0.920879 0.000000
vt -0.021213 -1.052434 0.000000
vt 0.021213 -1.052434 0.000000
vt 0.021213 1.052434 0.000000
vt -0.021213 1.052434 0.000000
vt -0.021213 0.920879 0.000000
vt 0.021213 0.912109 0.000000
vt -0.021213 0.789325 0.000000
vt 0.021213 0.771785 0.000000
vt -0.021213 0.657771 0.000000
vt 0.021213 0.631460 0.000000
vt -0.021213 0.526217 0.000000
vt 0.021213 0.491136 0.000000
vt -0.021213 0.394663 0.000000
vt 0.021213 0.350811 0.000000
vt -0.021213 0.263108 0.000000
vt 0.021213 0.210487 0.000000
vt -0.021213 0.131554 0.000000
vt 0.021213 0.070162 0.000000
vt -0.021213 0.000000 0.000000
vt 0.021213 -0.070162 0.000000
vt -0.021213 -0.131554 0.000000
vt 0.021213 -0.210487 0.000000
vt -0.021213 -0.263108 0.000000
vt 0.021213 -0.350811 0.000000
vt -0.021213 -0.394663 0.000000
vt 0.021213 -0.491136 0.000000
vt -0.021213 -0.526217 0.000000
vt 0.021213 -0.631460 0.000000
vt -0.021213 -0.657771 0.000000
vt 0.021213 -0.771785 0.000000
vt -0.021213 -0.789325 0.000000
vt 0.021213 -0.912109 0.000000
vt 0.130156 -0.292335 0.000000
vt 0.000000 -0.250000 0.000000
vt 0.000000 -0.320000 0.000000
vt -0.091326 -0.232293 0.000000
vt -0.130156 -0.292335 0.000000
vt -0.160790 -0.191289 0.000000
vt -0.237806 -0.214122 0.000000
vt -0.214482 -0.128535 0.000000
vt -0.304338 -0.098885 0.000000
vt -0.245816 -0.044617 0.000000
vt -0.318247 0.033449 0.000000
vt -0.245312 0.050700 0.000000
vt -0.277128 0.160000 0.000000
vt -0.197598 0.152850 0.000000
vt -0.188091 0.258885 0.000000
vt -0.109105 0.225069 0.000000
vt -0.066532 0.313007 0.000000
vt 0.001771 0.249772 0.000000
vt 0.066532 0.313007 0.000000
vt 0.112041 0.223988 0.000000
vt 0.188091 0.258885 0.000000
vt 0.186539 0.166155 0.000000
vt 0.277128 0.160000 0.000000
vt 0.231663 0.093927 0.000000
vt 0.318247 0.033449 0.000000
vt 0.249668 0.011831 0.000000
vt 0.304338 -0.098885 0.000000
vt 0.238924 -0.072797 0.000000
vt 0.196032 -0.155645 0.000000
vt 0.108961 -0.224609 0.000000
vt 0.237806 -0.214122 0.000000
vt 0.000000 -0.320000 0.000000
vt 0.130156 -0.292335 0.000000
vt -0.130156 -0.292335 0.000000
vt -0.237806 -0.214122 0.000000
vt 0.237806 -0.214122 0.000000
vt -0.304338 -0.098885 0.000000
vt 0.304338 -0.098885 0.000000
vt -0.318247 0.033449 0.000000
vt 0.318247 0.033449 0.000000
vt -0.277128 0.160000 0.000000
vt 0.277128 0.160000 0.000000
vt -0.188091 0.258885 0.000000
vt 0.188091 0.258885 0.000000
vt -0.066532 0.313007 0.000000
vt 0.066532 0.313007 0.000000
vt -0.021213 -0.920879 0.000000
vt -0.021213 -1.052434 0.000000
vt 0.021213 -1.052434 0.000000
vt 0.021213 1.052434 0.000000
vt -0.021213 1.052434 0.000000
vt -0.021213 0.920879 0.000000
vt 0.021213 0.912109 0.000000
vt -0.021213 0.789325 0.000000
vt 0.021213 0.771785 0.000000
vt -0.021213 0.657771 0.000000
vt 0.021213 0.631460 0.000000
vt -0.021213 0.526217 0.000000
vt 0.021213 0.491136 0.000000
vt -0.021213 0.394663 0.000000
vt 0.021213 0.350811 0.000000
vt -0.021213 0.263108 0.000000
vt 0.021213 0.210487 0.000000
vt -0.021213 0.131554 0.000000
vt 0.021213 0.070162 0.000000
vt -0.021213 0.000000 0.000000
vt 0.021213 -0.070162 0.000000
vt -0.021213 -0.131554 0.000000
vt 0.021213 -0.210487 0.000000
vt -0.021213 -0.263108 0.000000
vt 0.021213 -0.350811 0.000000
vt -0.021213 -0.394663 0.000000
vt 0.021213 -0.491136 0.000000
vt -0.021213 -0.526217 0.000000
vt 0.021213 -0.631460 0.000000
vt -0.021213 -0.657771 0.000000
vt 0.021213 -0.771785 0.000000
vt -0.021213 -0.789325 0.000000
vt 0.021213 -0.912109 0.000000
vt -3.783039 6.071048 0.000000
vt -3.780169 6.064119 0.000000
vt -3.650057 6.097500 0.000000
vt -3.650057 6.090000 0.000000
vt 3.649943 6.090000 0.000000
vt -3.890473 5.990416 0.000000
vt -3.895776 5.995720 0.000000
vt -3.964176 5.880112 0.000000
vt -3.971105 5.882982 0.000000
vt -3.990057 5.750000 0.000000
vt -3.997557 5.750000 0.000000
vt -3.990057 -5.750000 0.000000
vt -3.997557 -5.750000 0.000000
vt -3.971105 -5.882982 0.000000
vt -3.964176 -5.880112 0.000000
vt -3.895776 -5.995720 0.000000
vt -3.890473 -5.990416 0.000000
vt -3.783039 -6.071048 0.000000
vt -3.780169 -6.064119 0.000000
vt -3.650057 -6.097500 0.000000
vt -3.650057 -6.090000 0.000000
vt 3.649943 -6.090000 0.000000
vt 3.650420 -6.097500 0.000000
vt 3.780056 -6.064119 0.000000
vt 3.783292 -6.071103 0.000000
vt 3.890360 -5.990416 0.000000
vt 3.895860 -5.995917 0.000000
vt 3.964062 -5.880112 0.000000
vt 3.971046 -5.883348 0.000000
vt 3.989943 -5.750000 0.000000
vt 3.997443 -5.750476 0.000000
vt 3.989943 5.750000 0.000000
vt 3.997443 5.750476 0.000000
vt 3.971046 5.883348 0.000000
vt 3.964062 5.880112 0.000000
vt 3.895860 5.995917 0.000000
vt 3.890360 5.990416 0.000000
vt 3.783292 6.071103 0.000000
vt 3.780056 6.064119 0.000000
vt 3.650420 6.097500 0.000000
vn -1.000000 0.000000 -0.000000
vn -1.000000 0.000000 -0.000000
vn -1.000000 0.000000 -0.000000
vn -1.000000 0.000000 -0.000000
vn -1.000000 0.000000 -0.000000
vn -1.000000 0.000000 -0.000000
vn -1.000000 0.000000 -0.000000
vn -1.000000 0.000000 -0.000000
vn -1.000000 0.000000 -0.000000
vn -1.000000 0.000000 -0.000000
vn -1.000000 0.000000 -0.000000
vn -1.000000 0.000000 -0.000000
vn -1.000000 0.000000 -0.000000
vn -1.000000 0.000000 -0.000000
vn -1.000000 0.000000 -0.000000
vn -1.000000 0.000000 -0.000000
vn -1.000000 0.000000 -0.000000
vn -1.000000 0.000000 -0.000000
vn -1.000000 0.000000 -0.000000
vn -1.000000 0.000000 -0.000000
vn -1.000000 0.000000 -0.000000
vn -1.000000 0.000000 -0.000000
vn -1.000000 0.000000 -0.000000
vn -1.000000 0.000000 -0.000000
vn -1.000000 0.000000 -0.000000
vn -1.000000 0.000000 -0.000000
vn -1.000000 0.000000 -0.000000
vn -1.000000 0.000000 -0.000000
vn -1.000000 0.000000 -0.000000
vn -1.000000 0.000000 -0.000000
vn -0.000000 0.000000 -1.000000
vn -0.000000 -0.000000 -1.000000
vn -0.000000 0.382683 -0.923880
vn -0.000000 0.382683 -0.923880
vn -0.000000 0.707107 -0.707107
vn -0.000000 0.707107 -0.707107
vn -0.000000 0.923880 -0.382683
vn -0.000000 0.923880 -0.382683
vn 0.000000 1.000000 -0.000000
vn 0.000000 1.000000 -0.000000
vn -0.000000 0.000000 -1.000000
vn -0.000000 0.000000 -1.000000
vn -0.000000 -1.000000 -0.000000
vn -0.000000 -1.000000 -0.000000
vn -0.000000 -0.923880 -0.382683
vn -0.000000 -0.923880 -0.382683
vn -0.000000 -0.707107 -0.707107
vn -0.000000 -0.707107 -0.707107
vn -0.000000 -0.382683 -0.923880
vn -0.000000 -0.382683 -0.923880
vn 0.000000 1.000000 -0.000000
vn 0.000000 1.000000 -0.000000
vn 0.000000 1.000000 -0.000000
vn 0.000000 1.000000 -0.000000
vn -0.000000 -1.000000 0.000000
vn -0.000000 -1.000000 0.000000
vn -0.000000 -1.000000 0.000000
vn -0.000000 -1.000000 0.000000
vn 0.707107 -0.471405 -0.527046
vn 0.707107 -0.557071 -0.435513
vn 0.707107 -0.598832 -0.376032
vn 0.707107 -0.632456 -0.316228
vn 0.707107 -0.679499 -0.195655
vn 0.707107 -0.707107 0.000000
vn 0.707107 -0.707107 0.000000
vn 0.707107 -0.707107 0.000000
vn 0.707107 -0.707107 0.000000
vn 0.707107 -0.672499 0.218508
vn 0.707107 -0.653281 0.270598
vn 0.707107 -0.572061 0.415627
vn 0.707107 -0.500000 0.500000
vn 0.707107 -0.415627 0.572061
vn 0.707107 -0.270598 0.653281
vn 0.707107 -0.218508 0.672499
vn 0.707107 0.000000 0.707107
vn 0.707107 0.000000 0.707107
vn 0.707107 -0.000000 0.707107
vn 0.707107 -0.000000 0.707107
vn 0.707107 0.218508 0.672499
vn 0.707107 0.270598 0.653281
vn 0.707107 0.415627 0.572061
vn 0.707107 0.500000 0.500000
vn 0.707107 0.572061 0.415627
vn 0.707107 0.653281 0.270598
vn 0.707107 0.672499 0.218508
vn 0.707107 0.707107 0.000000
vn 0.707107 0.707107 0.000000
vn 0.707107 0.707107 -0.000000
vn 0.707107 0.707107 -0.000000
vn 0.707107 0.679499 -0.195655
vn 0.707107 0.632456 -0.316228
vn 0.707107 0.598832 -0.376032
vn 0.707107 0.557071 -0.435513
vn 0.707107 0.471405 -0.527046
vn 0.000000 -0.406737 -0.913545
vn 0.000000 -0.104528 -0.994522
vn 0.000000 0.000000 -1.000000
vn 0.000000 0.309017 -0.951057
vn 0.000000 0.406737 -0.913545
vn 0.000000 0.669131 -0.743145
vn 0.000000 0.743145 -0.669131
vn 0.000000 0.913545 -0.406737
vn 0.000000 0.951057 -0.309017
vn 0.000000 1.000000 -0.000000
vn 0.000000 0.994522 0.104528
vn -0.000000 0.913545 0.406737
vn -0.000000 0.866025 0.500000
vn -0.000000 0.669131 0.743145
vn -0.000000 0.587785 0.809017
vn -0.000000 0.309017 0.951057
vn -0.000000 0.207912 0.978148
vn -0.000000 -0.104528 0.994522
vn -0.000000 -0.207912 0.978148
vn -0.000000 -0.500000 0.866025
vn -0.000000 -0.587785 0.809017
vn -0.000000 -0.809017 0.587785
vn -0.000000 -0.866025 0.500000
vn -0.000000 -0.978148 0.207912
vn -0.000000 -0.994522 0.104528
vn -0.000000 -0.978148 -0.207912
vn 0.000000 -0.951057 -0.309017
vn 0.000000 -0.809017 -0.587785
vn 0.000000 -0.743145 -0.669131
vn 0.000000 -0.500000 -0.866025
vn -0.000000 0.913545 0.406737
vn 0.000000 1.000000 0.000000
vn 0.000000 0.913545 -0.406737
vn 0.000000 0.669131 -0.743145
vn 0.000000 0.309017 -0.951057
vn 0.000000 -0.104528 -0.994522
vn 0.000000 -0.500000 -0.866025
vn 0.000000 -0.809017 -0.587785
vn -0.000000 -0.978148 -0.207912
vn -0.000000 -0.978148 0.207912
vn -0.000000 -0.809017 0.587785
vn -0.000000 -0.500000 0.866025
vn -0.000000 -0.104528 0.994522
vn -0.000000 0.309017 0.951057
vn -0.000000 0.669131 0.743145
vn -0.236883 0.957099 -0.166876
vn -0.226271 0.951057 -0.210459
vn 0.000289 1.000000 0.000204
vn 0.076539 0.994522 0.071190
vn 0.280469 0.939375 0.197261
vn 0.366114 0.866025 0.340530
vn 0.551343 0.738837 0.387481
vn 0.592385 0.587785 0.550989
vn 0.739685 0.427656 0.519593
vn 0.716227 0.207912 0.666177
vn 0.798433 0.219159 0.560779
vn 0.818341 -0.000000 0.574733
vn 0.716227 -0.207912 0.666177
vn 0.782934 -0.290874 0.549915
vn 0.592385 -0.587785 0.550989
vn 0.679915 -0.556361 0.477681
vn 0.518414 -0.773616 0.364371
vn 0.366114 -0.866025 0.340530
vn 0.312481 -0.924156 0.219755
vn 0.076539 -0.994522 0.071190
vn 0.079593 -0.995252 0.056013
vn -0.160136 -0.980631 -0.112781
vn -0.226271 -0.951057 -0.210459
vn -0.385888 -0.881541 -0.271986
vn -0.489956 -0.743145 -0.455718
vn -0.578169 -0.706696 -0.407801
vn -0.720759 -0.470928 -0.508658
vn -0.668923 -0.406737 -0.622179
vn -0.801343 -0.194466 -0.565714
vn -0.732228 0.000000 -0.681060
vn -0.812937 0.098696 -0.573927
vn -0.668923 0.406737 -0.622179
vn -0.754651 0.383126 -0.532650
vn -0.631436 0.634706 -0.445463
vn -0.489956 0.743145 -0.455718
vn -0.453733 0.831746 -0.319884
vn -0.136504 0.000000 -0.990640
vn -0.124702 -0.406737 -0.904994
vn -0.091339 -0.743145 -0.662867
vn -0.042182 -0.951057 -0.306124
vn 0.014269 -0.994522 0.103550
vn 0.068252 -0.866025 0.495320
vn 0.110434 -0.587785 0.801444
vn 0.133521 -0.207912 0.968992
vn 0.133521 0.207912 0.968992
vn 0.110434 0.587785 0.801444
vn 0.068252 0.866025 0.495320
vn 0.014269 0.994522 0.103550
vn -0.042182 0.951057 -0.306124
vn -0.091339 0.743145 -0.662867
vn -0.124702 0.406737 -0.904994
vn -0.270452 -0.000000 -0.962733
vn -0.247070 -0.406737 -0.879501
vn -0.364813 -0.406737 -0.837542
vn -0.267209 -0.743145 -0.613462
vn -0.348447 -0.743145 -0.571244
vn -0.160919 -0.951057 -0.263811
vn -0.195424 -0.951057 -0.239376
vn 0.066104 -0.994522 0.080972
vn -0.399337 -0.000000 -0.916804
vn -0.475725 -0.406737 -0.779904
vn -0.423163 -0.743145 -0.518333
vn -0.247070 0.406737 -0.879501
vn -0.364813 0.406737 -0.837542
vn -0.520746 0.000000 -0.853711
vn -0.475725 0.406737 -0.779904
vn -0.632407 0.000000 -0.774637
vn -0.577732 0.406737 -0.707666
vn -0.577732 -0.406737 -0.707666
vn -0.423163 0.743145 -0.518333
vn -0.348447 0.743145 -0.571244
vn -0.267209 0.743145 -0.613462
vn -0.180968 0.743145 -0.644194
vn -0.195424 0.951057 -0.239376
vn -0.160919 0.951057 -0.263811
vn -0.123402 0.951057 -0.283308
vn -0.083574 0.951057 -0.297501
vn 0.066104 0.994522 0.080972
vn 0.054433 0.994522 0.089237
vn 0.041742 0.994522 0.095832
vn 0.028270 0.994522 0.100633
vn 0.316203 0.866025 0.387318
vn 0.260373 0.866025 0.426856
vn 0.199669 0.866025 0.458402
vn 0.135226 0.866025 0.481367
vn 0.511628 0.587785 0.626694
vn 0.421293 0.587785 0.690667
vn 0.323071 0.587785 0.741710
vn 0.218800 0.587785 0.778868
vn 0.618587 0.207912 0.757709
vn 0.509367 0.207912 0.835056
vn 0.390611 0.207912 0.896770
vn 0.264542 0.207912 0.941695
vn 0.618587 -0.207912 0.757709
vn 0.509367 -0.207912 0.835056
vn 0.390611 -0.207912 0.896770
vn 0.264542 -0.207912 0.941695
vn 0.511628 -0.587785 0.626694
vn 0.421293 -0.587785 0.690667
vn 0.323071 -0.587785 0.741710
vn 0.218800 -0.587785 0.778868
vn 0.316203 -0.866025 0.387318
vn 0.260373 -0.866025 0.426856
vn 0.199669 -0.866025 0.458402
vn 0.135226 -0.866025 0.481367
vn -0.180968 -0.743145 -0.644194
vn -0.083574 -0.951057 -0.297501
vn -0.123402 -0.951057 -0.283308
vn 0.028270 -0.994522 0.100633
vn 0.041742 -0.994522 0.095832
vn 0.054433 -0.994522 0.089237
vn -1.000000 0.000000 -0.000000
vn -1.000000 0.000000 -0.000000
vn -1.000000 0.000000 -0.000000
vn -1.000000 0.000000 -0.000000
vn -1.000000 0.000000 -0.000000
vn -1.000000 0.000000 -0.000000
vn -1.000000 0.000000 -0.000000
vn -1.000000 0.000000 -0.000000
vn -1.000000 0.000000 -0.000000
vn -1.000000 0.000000 -0.000000
vn -1.000000 0.000000 -0.000000
vn -1.000000 0.000000 -0.000000
vn -1.000000 0.000000 -0.000000
vn -1.000000 0.000000 -0.000000
vn -1.000000 0.000000 -0.000000
vn -1.000000 0.000000 -0.000000
vn -1.000000 0.000000 -0.000000
vn -1.000000 0.000000 -0.000000
vn -1.000000 0.000000 -0.000000
vn -1.000000 0.000000 -0.000000
vn -1.000000 0.000000 -0.000000
vn -1.000000 0.000000 -0.000000
vn -1.000000 0.000000 -0.000000
vn -1.000000 0.000000 -0.000000
vn -1.000000 0.000000 -0.000000
vn -1.000000 0.000000 -0.000000
vn -1.000000 0.000000 -0.000000
vn -1.000000 0.000000 -0.000000
vn -1.000000 0.000000 -0.000000
vn -1.000000 0.000000 -0.000000
vn -1.000000 0.000000 -0.000000
vn -1.000000 0.000000 -0.000000
vn -1.000000 0.000000 -0.000000
vn -1.000000 0.000000 -0.000000
vn -1.000000 0.000000 -0.000000
vn -1.000000 0.000000 -0.000000
vn -1.000000 0.000000 -0.000000
vn -1.000000 0.000000 -0.000000
vn -1.000000 0.000000 -0.000000
vn -1.000000 0.000000 -0.000000
vn -1.000000 0.000000 -0.000000
vn -1.000000 0.000000 -0.000000
vn -1.000000 0.000000 -0.000000
vn -1.000000 0.000000 -0.000000
vn -1.000000 0.000000 -0.000000
vn -1.000000 0.000000 -0.000000
vn -1.000000 0.000000 -0.000000
vn -1.000000 0.000000 -0.000000
vn -1.000000 0.000000 -0.000000
vn -1.000000 0.000000 -0.000000
vn -1.000000 0.000000 -0.000000
vn -1.000000 0.000000 -0.000000
vn -1.000000 0.000000 -0.000000
vn -1.000000 0.000000 -0.000000
vn -1.000000 0.000000 -0.000000
vn -1.000000 0.000000 -0.000000
vn -1.000000 0.000000 -0.000000
vn -1.000000 0.000000 -0.000000
vn -1.000000 0.000000 -0.000000
vn -1.000000 0.000000 -0.000000
vn -1.000000 0.000000 -0.000000
vn -1.000000 0.000000 -0.000000
vn -1.000000 0.000000 -0.000000
vn -1.000000 0.000000 -0.000000
vn -1.000000 0.000000 -0.000000
vn -1.000000 0.000000 -0.000000
vn -1.000000 0.000000 -0.000000
vn -1.000000 0.000000 -0.000000
vn -1.000000 0.000000 -0.000000
vn -1.000000 0.000000 -0.000000
vn -1.000000 0.000000 -0.000000
vn -1.000000 0.000000 -0.000000
vn -1.000000 0.000000 -0.000000
vn -1.000000 0.000000 -0.000000
vn -1.000000 0.000000 -0.000000
vn -1.000000 0.000000 -0.000000
vn -1.000000 0.000000 -0.000000
vn 0.000000 1.000000 -0.000000
vn 0.000000 1.000000 -0.000000
vn 0.000000 1.000000 -0.000000
vn 0.000000 1.000000 -0.000000
vn -1.000000 0.000000 -0.000000
vn -1.000000 0.000000 -0.000000
vn -1.000000 0.000000 -0.000000
vn -1.000000 0.000000 -0.000000
vn -0.000000 -0.866025 -0.500000
vn -0.000000 -0.866025 -0.500000
vn -0.000000 -1.000000 -0.000000
vn -0.000000 -1.000000 -0.000000
vn -0.000000 -0.866025 0.500000
vn -0.000000 -0.866025 0.500000
vn -0.000000 -0.500000 0.866025
vn -0.000000 -0.500000 0.866025
vn -0.000000 -0.000000 1.000000
vn 0.000000 0.000000 1.000000
vn 0.000000 0.500000 0.866025
vn 0.000000 0.500000 0.866025
vn 0.000000 0.866025 0.500000
vn 0.000000 0.866025 0.500000
vn 0.000000 1.000000 0.000000
vn 0.000000 1.000000 0.000000
vn 0.000000 0.866025 -0.500000
vn 0.000000 0.866025 -0.500000
vn 0.000000 0.500000 -0.866025
vn 0.000000 0.500000 -0.866025
vn -0.000000 -0.000000 -1.000000
vn 0.000000 0.000000 -1.000000
vn -0.000000 -0.500000 -0.866025
vn -0.000000 -0.500000 -0.866025
vn -0.707107 0.000000 -0.707107
vn -0.707107 0.000000 -0.707107
vn -0.707107 0.000000 -0.707107
vn -0.707107 0.000000 -0.707107
vn -0.707107 0.000000 -0.707107
vn -0.707107 0.000000 -0.707107
vn -0.707107 0.000000 -0.707107
vn -0.707107 0.000000 -0.707107
vn -0.707107 0.000000 -0.707107
vn -0.707107 0.000000 -0.707107
vn -0.707107 0.000000 -0.707107
vn -0.707107 0.000000 -0.707107
vn -0.707107 0.000000 -0.707107
vn -0.707107 0.000000 -0.707107
vn -0.707107 0.000000 -0.707107
vn -0.707107 0.000000 -0.707107
vn -0.707107 0.000000 -0.707107
vn -0.707107 0.000000 -0.707107
vn -0.707107 0.000000 -0.707107
vn -0.707107 0.000000 -0.707107
vn -0.707107 0.000000 -0.707107
vn -0.707107 0.000000 -0.707107
vn -0.707107 0.000000 -0.707107
vn -0.707107 0.000000 -0.707107
vn -0.707107 0.000000 -0.707107
vn -0.707107 0.000000 -0.707107
vn -0.707107 0.000000 -0.707107
vn -0.707107 0.000000 -0.707107
vn -0.707107 0.000000 -0.707107
vn -0.707107 0.000000 -0.707107
vn -0.707107 0.000000 -0.707107
vn -0.707107 0.000000 -0.707107
vn -0.707107 0.000000 -0.707107
vn -0.707107 0.000000 -0.707107
vn -0.707107 0.000000 -0.707107
vn -0.707107 0.000000 -0.707107
vn -0.707107 0.000000 -0.707107
vn -0.707107 0.000000 -0.707107
vn -0.707107 0.000000 -0.707107
vn -0.707107 0.000000 -0.707107
vn -0.707107 0.000000 -0.707107
vn -0.707107 0.000000 -0.707107
vn -0.707107 0.000000 -0.707107
vn -0.707107 0.000000 -0.707107
vn -0.707107 0.000000 -0.707107
vn -0.707107 0.000000 -0.707107
vn -0.707107 0.000000 -0.707107
vn -0.707107 0.000000 -0.707107
vn -0.707107 0.000000 -0.707107
vn -0.707107 0.000000 -0.707107
vn -0.707107 0.000000 -0.707107
vn -0.707107 0.000000 -0.707107
vn -0.000000 -1.000000 -0.000000
vn -0.000000 -1.000000 -0.000000
vn -0.000000 -1.000000 -0.000000
vn -0.000000 -1.000000 -0.000000
vn -1.000000 0.000000 -0.000000
vn -1.000000 0.000000 -0.000000
vn -1.000000 0.000000 -0.000000
vn -1.000000 0.000000 -0.000000
vn -1.000000 0.000000 -0.000000
vn -1.000000 0.000000 -0.000000
vn -1.000000 0.000000 -0.000000
vn -1.000000 0.000000 -0.000000
vn -1.000000 0.000000 -0.000000
vn -1.000000 0.000000 -0.000000
vn -1.000000 0.000000 -0.000000
vn -1.000000 0.000000 -0.000000
vn -1.000000 0.000000 -0.000000
vn -1.000000 0.000000 -0.000000
vn -1.000000 0.000000 -0.000000
vn -1.000000 0.000000 -0.000000
vn 0.000000 1.000000 -0.000000
vn 0.000000 1.000000 -0.000000
vn 0.000000 1.000000 -0.000000
vn 0.000000 1.000000 -0.000000
vn -1.000000 0.000000 -0.000000
vn -1.000000 0.000000 -0.000000
vn -1.000000 0.000000 -0.000000
vn -1.000000 0.000000 -0.000000
vn -1.000000 0.000000 -0.000000
vn -1.000000 0.000000 -0.000000
vn -1.000000 0.000000 -0.000000
vn -1.000000 0.000000 -0.000000
vn -1.000000 0.000000 -0.000000
vn -1.000000 0.000000 -0.000000
vn -1.000000 0.000000 -0.000000
vn -1.000000 0.000000 -0.000000
vn -1.000000 0.000000 -0.000000
vn -1.000000 0.000000 -0.000000
vn -1.000000 0.000000 -0.000000
vn -1.000000 0.000000 -0.000000
vn -1.000000 0.000000 -0.000000
vn -1.000000 0.000000 -0.000000
vn -1.000000 0.000000 -0.000000
vn -1.000000 0.000000 -0.000000
vn -1.000000 0.000000 -0.000000
vn -1.000000 0.000000 -0.000000
vn -1.000000 0.000000 -0.000000
vn -1.000000 0.000000 -0.000000
vn -1.000000 0.000000 -0.000000
vn -1.000000 0.000000 -0.000000
vn -1.000000 0.000000 -0.000000
vn -1.000000 0.000000 -0.000000
vn -0.000000 -0.866025 -0.500000
vn -0.000000 -0.866025 -0.500000
vn -0.000000 -1.000000 -0.000000
vn -0.000000 -1.000000 -0.000000
vn -0.000000 -0.866025 0.500000
vn -0.000000 -0.866025 0.500000
vn -0.000000 -0.500000 0.866025
vn -0.000000 -0.500000 0.866025
vn -0.000000 -0.000000 1.000000
vn 0.000000 0.000000 1.000000
vn 0.000000 0.500000 0.866025
vn 0.000000 0.500000 0.866025
vn 0.000000 0.866025 0.500000
vn 0.000000 0.866025 0.500000
vn 0.000000 1.000000 0.000000
vn 0.000000 1.000000 0.000000
vn 0.000000 0.866025 -0.500000
vn 0.000000 0.866025 -0.500000
vn 0.000000 0.500000 -0.866025
vn 0.000000 0.500000 -0.866025
vn -0.000000 -0.000000 -1.000000
vn 0.000000 0.000000 -1.000000
vn -0.000000 -0.500000 -0.866025
vn -0.000000 -0.500000 -0.866025
vn -1.000000 0.000000 -0.000000
vn -1.000000 0.000000 -0.000000
vn -1.000000 0.000000 -0.000000
vn -1.000000 0.000000 -0.000000
vn -0.000000 -1.000000 -0.000000
vn -0.000000 -1.000000 -0.000000
vn -0.000000 -1.000000 -0.000000
vn -0.000000 -1.000000 -0.000000
vn -1.000000 0.000000 -0.000000
vn -1.000000 0.000000 -0.000000
vn -1.000000 0.000000 -0.000000
vn -1.000000 0.000000 -0.000000
vn 0.000000 1.000000 -0.000000
vn 0.000000 1.000000 -0.000000
vn 0.000000 1.000000 -0.000000
vn 0.000000 1.000000 -0.000000
vn -1.000000 0.000000 -0.000000
vn -1.000000 0.000000 -0.000000
vn -1.000000 0.000000 -0.000000
vn -1.000000 0.000000 -0.000000
vn -0.000000 -1.000000 -0.000000
vn -0.000000 -1.000000 -0.000000
vn -0.000000 -1.000000 -0.000000
vn -0.000000 -1.000000 -0.000000
vn -1.000000 0.000000 -0.000000
vn -1.000000 0.000000 -0.000000
vn -1.000000 0.000000 -0.000000
vn -1.000000 0.000000 -0.000000
vn 0.000000 1.000000 -0.000000
vn 0.000000 1.000000 -0.000000
vn 0.000000 1.000000 -0.000000
vn 0.000000 1.000000 -0.000000
vn -1.000000 0.000000 -0.000000
vn -1.000000 0.000000 -0.000000
vn -1.000000 0.000000 -0.000000
vn -1.000000 0.000000 -0.000000
vn -0.000000 -1.000000 -0.000000
vn -0.000000 -1.000000 -0.000000
vn -0.000000 -1.000000 -0.000000
vn -0.000000 -1.000000 -0.000000
vn -1.000000 0.000000 -0.000000
vn -1.000000 0.000000 -0.000000
vn -1.000000 0.000000 -0.000000
vn -1.000000 0.000000 -0.000000
vn -0.000000 -0.866025 -0.500000
vn -0.000000 -0.866025 -0.500000
vn -0.000000 -1.000000 -0.000000
vn -0.000000 -1.000000 -0.000000
vn -0.000000 -0.866025 0.500000
vn -0.000000 -0.866025 0.500000
vn -0.000000 -0.500000 0.866025
vn -0.000000 -0.500000 0.866025
vn -0.000000 -0.000000 1.000000
vn 0.000000 0.000000 1.000000
vn 0.000000 0.500000 0.866025
vn 0.000000 0.500000 0.866025
vn 0.000000 0.866025 0.500000
vn 0.000000 0.866025 0.500000
vn 0.000000 1.000000 0.000000
vn 0.000000 1.000000 0.000000
vn 0.000000 0.866025 -0.500000
vn 0.000000 0.866025 -0.500000
vn 0.000000 0.500000 -0.866025
vn 0.000000 0.500000 -0.866025
vn -0.000000 -0.000000 -1.000000
vn 0.000000 0.000000 -1.000000
vn -0.000000 -0.500000 -0.866025
vn -0.000000 -0.500000 -0.866025
vn -0.000000 -0.866025 -0.500000
vn -0.000000 -0.866025 -0.500000
vn -0.000000 -1.000000 -0.000000
vn -0.000000 -1.000000 -0.000000
vn -0.000000 -0.866025 0.500000
vn -0.000000 -0.866025 0.500000
vn -0.000000 -0.500000 0.866025
vn -0.000000 -0.500000 0.866025
vn 0.000000 0.000000 1.000000
vn 0.000000 0.000000 1.000000
vn 0.000000 0.500000 0.866025
vn 0.000000 0.500000 0.866025
vn 0.000000 0.866025 0.500000
vn 0.000000 0.866025 0.500000
vn 0.000000 1.000000 0.000000
vn 0.000000 1.000000 0.000000
vn 0.000000 0.866025 -0.500000
vn 0.000000 0.866025 -0.500000
vn 0.000000 0.500000 -0.866025
vn 0.000000 0.500000 -0.866025
vn 0.000000 0.000000 -1.000000
vn 0.000000 0.000000 -1.000000
vn -0.000000 -0.500000 -0.866025
vn -0.000000 -0.500000 -0.866025
vn 0.707107 -0.000000 -0.707107
vn 0.707107 -0.000000 -0.707107
vn 0.707107 0.270598 -0.653281
vn 0.707107 0.270598 -0.653281
vn 0.707107 0.500000 -0.500000
vn 0.707107 0.500000 -0.500000
vn 0.707107 0.653281 -0.270598
vn 0.707107 0.653281 -0.270598
vn 0.707107 0.707107 -0.000000
vn 0.707107 0.707107 -0.000000
vn 0.707107 -0.000000 -0.707107
vn 0.707107 -0.000000 -0.707107
vn 0.707107 -0.707107 -0.000000
vn 0.707107 -0.707107 -0.000000
vn 0.707107 -0.653281 -0.270598
vn 0.707107 -0.653281 -0.270598
vn 0.707107 -0.500000 -0.500000
vn 0.707107 -0.500000 -0.500000
vn 0.707107 -0.270598 -0.653281
vn 0.707107 -0.270598 -0.653281
vn 0.707107 -0.707107 -0.000000
vn 0.707107 -0.707107 -0.000000
vn 0.707107 -0.000000 0.707107
vn 0.707107 -0.000000 0.707107
vn 0.707107 -0.270598 0.653281
vn 0.707107 -0.270598 0.653281
vn 0.707107 -0.500000 0.500000
vn 0.707107 -0.500000 0.500000
vn 0.707107 -0.653281 0.270598
vn 0.707107 -0.653281 0.270598
vn 0.707107 -0.000000 0.707107
vn 0.707107 -0.000000 0.707107
vn 0.707107 0.707107 0.000000
vn 0.707107 0.707107 0.000000
vn 0.707107 0.653281 0.270598
vn 0.707107 0.653281 0.270598
vn 0.707107 0.500000 0.500000
vn 0.707107 0.500000 0.500000
vn 0.707107 0.270598 0.653281
vn 0.707107 0.270598 0.653281
vn 0.000000 0.000000 1.000000
vn 0.000000 0.000000 1.000000
vn 0.000000 0.000000 1.000000
vn 0.000000 0.000000 1.000000
vn 0.000000 0.000000 1.000000
vn 0.000000 0.000000 1.000000
vn 0.000000 0.000000 1.000000
vn 0.000000 0.000000 1.000000
vn 0.000000 0.000000 1.000000
vn 0.000000 0.000000 1.000000
vn 0.000000 0.000000 1.000000
vn 0.000000 0.000000 1.000000
vn 0.000000 0.000000 1.000000
vn 0.000000 0.000000 1.000000
vn 0.000000 0.000000 1.000000
vn 0.000000 0.000000 1.000000
vn 0.000000 0.000000 1.000000
vn 0.000000 0.382683 0.923880
vn 0.000000 0.382683 0.923880
vn 0.000000 0.707107 0.707107
vn 0.000000 0.707107 0.707107
vn 0.000000 0.923880 0.382683
vn 0.000000 0.923880 0.382683
vn 0.000000 1.000000 0.000000
vn 0.000000 1.000000 0.000000
vn 0.000000 1.000000 0.000000
vn 0.000000 1.000000 0.000000
vn -0.707107 0.707107 0.000000
vn -0.707107 0.707107 0.000000
vn -0.707107 0.707107 0.000000
vn -0.707107 0.707107 0.000000
vn -0.500000 0.707107 0.500000
vn -0.500000 0.707107 0.500000
vn -0.500000 0.707107 0.500000
vn -0.500000 0.707107 0.500000
vn 0.000000 -0.707107 0.707107
vn 0.000000 -0.707107 0.707107
vn 0.000000 -0.707107 0.707107
vn 0.000000 -0.707107 0.707107
vn -0.000000 0.707107 0.707107
vn -0.000000 0.707107 0.707107
vn -0.218508 0.672499 0.707107
vn -0.218508 0.672499 0.707107
vn -0.415627 0.572061 0.707107
vn -0.415627 0.572061 0.707107
vn -0.572061 0.415627 0.707107
vn -0.572061 0.415627 0.707107
vn -0.672499 0.218508 0.707107
vn -0.672499 0.218508 0.707107
vn -0.707107 0.000000 0.707107
vn -0.707107 0.000000 0.707107
vn -0.672499 -0.218508 0.707107
vn -0.672499 -0.218508 0.707107
vn -0.572061 -0.415627 0.707107
vn -0.572061 -0.415627 0.707107
vn -0.415627 -0.572061 0.707107
vn -0.415627 -0.572061 0.707107
vn -0.218508 -0.672499 0.707107
vn -0.218508 -0.672499 0.707107
vn 0.000000 0.707107 0.707107
vn 0.000000 0.707107 0.707107
vn -0.500000 -0.707107 0.500000
vn -0.500000 -0.707107 0.500000
vn -0.500000 -0.707107 0.500000
vn -0.500000 -0.707107 0.500000
vn -0.707107 0.000000 0.707107
vn -0.707107 0.218508 0.672499
vn -0.707107 0.000000 0.707107
vn -0.707107 0.270598 0.653281
vn -0.707107 0.415627 0.572061
vn -0.707107 0.500000 0.500000
vn -0.707107 0.572061 0.415627
vn -0.707107 0.653281 0.270598
vn -0.707107 0.672499 0.218508
vn -0.707107 -0.707107 0.000000
vn -0.707107 -0.672499 0.218508
vn -0.707107 -0.707107 0.000000
vn -0.707107 -0.653281 0.270598
vn -0.707107 -0.572061 0.415627
vn -0.707107 -0.500000 0.500000
vn -0.707107 -0.415627 0.572061
vn -0.707107 -0.270598 0.653281
vn -0.707107 -0.218508 0.672499
vn -0.707107 0.000000 0.707107
vn -0.707107 0.000000 0.707107
vn -0.707107 -0.707107 0.000000
vn -0.707107 -0.707107 0.000000
vn -0.707107 0.000000 0.707107
vn -0.707107 0.000000 0.707107
vn -0.707107 0.000000 0.707107
vn -0.707107 0.000000 0.707107
vn -1.000000 0.000000 0.000000
vn -1.000000 0.000000 0.000000
vn -1.000000 0.000000 0.000000
vn -1.000000 0.000000 0.000000
vn -1.000000 0.000000 0.000000
vn -1.000000 0.000000 0.000000
vn -1.000000 0.000000 0.000000
vn -1.000000 0.000000 0.000000
vn -1.000000 0.000000 0.000000
vn -1.000000 0.000000 0.000000
vn -1.000000 0.000000 0.000000
vn -1.000000 0.000000 0.000000
vn -1.000000 0.000000 0.000000
vn -1.000000 0.000000 0.000000
vn -1.000000 0.000000 0.000000
vn -1.000000 0.000000 0.000000
vn -1.000000 0.000000 0.000000
vn -1.000000 0.000000 0.000000
vn -1.000000 0.000000 0.000000
vn -1.000000 0.000000 0.000000
vn -1.000000 0.000000 0.000000
vn -1.000000 0.000000 0.000000
vn -1.000000 0.000000 0.000000
vn -1.000000 0.000000 0.000000
vn -1.000000 0.000000 0.000000
vn -1.000000 0.000000 0.000000
vn -1.000000 0.000000 0.000000
vn -1.000000 0.000000 0.000000
vn -1.000000 0.000000 0.000000
vn -1.000000 0.000000 0.000000
vn -1.000000 0.000000 0.000000
vn -1.000000 0.000000 0.000000
vn -1.000000 0.000000 0.000000
vn -1.000000 0.000000 0.000000
vn -1.000000 0.000000 0.000000
vn -1.000000 0.000000 0.000000
vn -1.000000 0.000000 0.000000
vn -1.000000 0.000000 0.000000
vn -1.000000 0.000000 0.000000
vn -1.000000 0.000000 0.000000
vn -1.000000 0.000000 0.000000
vn -1.000000 0.000000 0.000000
vn -1.000000 0.000000 0.000000
vn -1.000000 0.000000 0.000000
vn -1.000000 0.000000 0.000000
vn -1.000000 0.000000 0.000000
vn -1.000000 0.000000 0.000000
vn -1.000000 0.000000 0.000000
vn -1.000000 0.000000 -0.000000
vn -1.000000 0.000000 -0.000000
vn -1.000000 0.000000 -0.000000
vn -1.000000 0.000000 -0.000000
vn -1.000000 0.000000 -0.000000
vn -1.000000 0.000000 -0.000000
vn -1.000000 0.000000 -0.000000
vn -1.000000 0.000000 -0.000000
vn -1.000000 0.000000 -0.000000
vn -1.000000 0.000000 -0.000000
vn -1.000000 0.000000 -0.000000
vn -1.000000 0.000000 -0.000000
vn -1.000000 0.000000 -0.000000
vn -1.000000 0.000000 -0.000000
vn -1.000000 0.000000 -0.000000
vn -1.000000 0.000000 -0.000000
vn -1.000000 0.000000 -0.000000
vn -1.000000 0.000000 -0.000000
vn -1.000000 0.000000 -0.000000
vn -1.000000 0.000000 -0.000000
vn -1.000000 0.000000 -0.000000
vn -1.000000 0.000000 -0.000000
vn -1.000000 0.000000 -0.000000
vn -1.000000 0.000000 -0.000000
vn -1.000000 0.000000 -0.000000
vn -1.000000 0.000000 -0.000000
vn -1.000000 0.000000 -0.000000
vn -1.000000 0.000000 -0.000000
vn 0.000000 0.923880 -0.382683
vn 0.000000 0.923880 -0.382683
vn 0.000000 0.707107 -0.707107
vn 0.000000 0.707107 -0.707107
vn 0.000000 0.382683 -0.923880
vn 0.000000 0.382683 -0.923880
vn -0.000000 -0.000000 -1.000000
vn -0.000000 -0.000000 -1.000000
vn 0.000000 0.000000 -1.000000
vn 0.000000 0.000000 -1.000000
vn -0.707107 0.218508 -0.672499
vn -0.707107 0.270598 -0.653281
vn -0.707107 0.415627 -0.572061
vn -0.707107 0.500000 -0.500000
vn -0.707107 0.572061 -0.415627
vn -0.707107 0.653281 -0.270598
vn -0.707107 0.672499 -0.218508
vn -0.707107 0.707107 -0.000000
vn -0.707107 0.707107 -0.000000
vn -0.707107 0.707107 -0.000000
vn -0.707107 0.707107 -0.000000
vn -1.000000 0.000000 -0.000000
vn -1.000000 0.000000 -0.000000
vn -1.000000 0.000000 -0.000000
vn -1.000000 0.000000 -0.000000
vn -1.000000 0.000000 -0.000000
vn -1.000000 0.000000 -0.000000
vn -1.000000 0.000000 -0.000000
vn -1.000000 0.000000 -0.000000
vn -1.000000 0.000000 -0.000000
vn -1.000000 0.000000 -0.000000
vn -1.000000 0.000000 -0.000000
vn -1.000000 0.000000 -0.000000
vn -1.000000 0.000000 -0.000000
vn -1.000000 0.000000 -0.000000
vn -1.000000 0.000000 -0.000000
vn -1.000000 0.000000 -0.000000
vn -1.000000 0.000000 -0.000000
vn -1.000000 0.000000 -0.000000
vn -1.000000 0.000000 -0.000000
vn -1.000000 0.000000 -0.000000
vn -1.000000 0.000000 -0.000000
vn -1.000000 0.000000 -0.000000
vn -1.000000 0.000000 -0.000000
vn -1.000000 0.000000 -0.000000
vn -0.000000 -1.000000 -0.000000
vn -0.000000 -1.000000 -0.000000
vn -0.000000 -1.000000 -0.000000
vn -0.000000 -1.000000 -0.000000
vn -1.000000 0.000000 -0.000000
vn -1.000000 0.000000 -0.000000
vn -1.000000 0.000000 -0.000000
vn -1.000000 0.000000 -0.000000
vn 0.000000 1.000000 -0.000000
vn 0.000000 1.000000 -0.000000
vn 0.000000 1.000000 -0.000000
vn 0.000000 1.000000 -0.000000
vn 0.000000 1.000000 -0.000000
vn 0.000000 1.000000 -0.000000
vn 0.000000 1.000000 -0.000000
vn 0.000000 1.000000 -0.000000
vn -1.000000 0.000000 -0.000000
vn -1.000000 0.000000 -0.000000
vn -1.000000 0.000000 -0.000000
vn -1.000000 0.000000 -0.000000
vn -0.000000 -1.000000 -0.000000
vn -0.000000 -1.000000 -0.000000
vn -0.000000 -1.000000 -0.000000
vn -0.000000 -1.000000 -0.000000
vn -0.000000 -1.000000 -0.000000
vn -0.000000 -1.000000 -0.000000
vn -0.000000 -1.000000 -0.000000
vn -0.000000 -1.000000 -0.000000
vn -1.000000 0.000000 -0.000000
vn -1.000000 0.000000 -0.000000
vn -1.000000 0.000000 -0.000000
vn -1.000000 0.000000 -0.000000
vn 0.000000 1.000000 -0.000000
vn 0.000000 1.000000 -0.000000
vn 0.000000 1.000000 -0.000000
vn 0.000000 1.000000 -0.000000
vn 0.000000 1.000000 -0.000000
vn 0.000000 1.000000 -0.000000
vn 0.000000 1.000000 -0.000000
vn 0.000000 1.000000 -0.000000
vn -1.000000 0.000000 -0.000000
vn -1.000000 0.000000 -0.000000
vn -1.000000 0.000000 -0.000000
vn -1.000000 0.000000 -0.000000
vn -0.000000 -1.000000 -0.000000
vn -0.000000 -1.000000 -0.000000
vn -0.000000 -1.000000 -0.000000
vn -0.000000 -1.000000 -0.000000
vn -1.000000 0.000000 -0.000000
vn -1.000000 0.000000 -0.000000
vn -1.000000 0.000000 -0.000000
vn -1.000000 0.000000 -0.000000
vn -1.000000 0.000000 -0.000000
vn -1.000000 0.000000 -0.000000
vn -1.000000 0.000000 -0.000000
vn -1.000000 0.000000 -0.000000
vn -1.000000 0.000000 -0.000000
vn -1.000000 0.000000 -0.000000
vn -1.000000 0.000000 -0.000000
vn -1.000000 0.000000 -0.000000
vn -0.000000 -1.000000 -0.000000
vn -0.000000 -1.000000 -0.000000
vn -0.000000 -1.000000 -0.000000
vn -0.000000 -1.000000 -0.000000
vn 0.000000 1.000000 -0.000000
vn 0.000000 1.000000 -0.000000
vn 0.000000 1.000000 -0.000000
vn 0.000000 1.000000 -0.000000
vn 0.000000 1.000000 -0.000000
vn 0.000000 1.000000 -0.000000
vn 0.000000 1.000000 -0.000000
vn 0.000000 1.000000 -0.000000
vn -1.000000 0.000000 -0.000000
vn -1.000000 0.000000 -0.000000
vn -1.000000 0.000000 -0.000000
vn -1.000000 0.000000 -0.000000
vn -0.000000 -1.000000 -0.000000
vn -0.000000 -1.000000 -0.000000
vn -0.000000 -1.000000 -0.000000
vn -0.000000 -1.000000 -0.000000
vn 0.000000 1.000000 -0.000000
vn 0.000000 1.000000 -0.000000
vn 0.000000 1.000000 -0.000000
vn 0.000000 1.000000 -0.000000
vn 0.000000 1.000000 -0.000000
vn 0.000000 1.000000 -0.000000
vn 0.000000 1.000000 -0.000000
vn 0.000000 1.000000 -0.000000
vn -1.000000 0.000000 -0.000000
vn -1.000000 0.000000 -0.000000
vn -1.000000 0.000000 -0.000000
vn -1.000000 0.000000 -0.000000
vn -0.000000 -1.000000 -0.000000
vn -0.000000 -1.000000 -0.000000
vn -0.000000 -1.000000 -0.000000
vn -0.000000 -1.000000 -0.000000
vn -0.000000 -1.000000 -0.000000
vn -0.000000 -1.000000 -0.000000
vn -0.000000 -1.000000 -0.000000
vn -0.000000 -1.000000 -0.000000
vn -0.707107 0.672499 0.218508
vn -0.707107 0.653281 0.270598
vn -0.707107 0.572061 0.415627
vn -0.707107 0.500000 0.500000
vn -0.707107 0.415627 0.572061
vn -0.707107 0.270598 0.653281
vn -0.707107 0.218508 0.672499
vn -0.707107 0.000000 0.707107
vn -0.707107 0.000000 0.707107
vn -0.707107 0.000000 0.707107
vn -0.707107 0.000000 0.707107
vn -0.707107 -0.218508 0.672499
vn -0.707107 -0.270598 0.653281
vn -0.707107 -0.415627 0.572061
vn -0.707107 -0.500000 0.500000
vn -0.707107 -0.572061 0.415627
vn -0.707107 -0.653281 0.270598
vn -0.707107 -0.672499 0.218508
vn -0.707107 -0.707107 0.000000
vn -0.707107 -0.707107 0.000000
vn -0.707107 -0.707107 -0.000000
vn -0.707107 -0.707107 -0.000000
vn -0.707107 -0.672499 -0.218508
vn -0.707107 -0.653281 -0.270598
vn -0.707107 -0.572061 -0.415627
vn -0.707107 -0.500000 -0.500000
vn -0.707107 -0.415627 -0.572061
vn -0.707107 -0.270598 -0.653281
vn -0.707107 -0.218508 -0.672499
vn -0.707107 0.000000 0.707107
vn -0.707107 0.000000 0.707107
vn -0.707107 0.000000 0.707107
vn -0.707107 0.000000 0.707107
vn -0.707107 0.000000 0.707107
vn -0.707107 0.000000 0.707107
vn -0.707107 0.000000 0.707107
vn -0.707107 0.000000 0.707107
vn -0.707107 0.000000 0.707107
vn -0.707107 0.000000 0.707107
vn -0.707107 0.000000 0.707107
vn -0.707107 0.000000 0.707107
vn -0.707107 0.000000 0.707107
vn -0.707107 0.000000 0.707107
vn -0.707107 0.000000 0.707107
vn -0.707107 0.000000 0.707107
vn -0.707107 0.000000 0.707107
vn -0.707107 0.000000 0.707107
vn -0.707107 0.000000 0.707107
vn -0.707107 0.000000 0.707107
vn -0.707107 0.000000 0.707107
vn -0.707107 0.000000 0.707107
vn -0.707107 0.000000 0.707107
vn -0.707107 0.000000 0.707107
vn -0.707107 0.000000 0.707107
vn -0.707107 0.000000 0.707107
vn -0.707107 0.000000 0.707107
vn -0.707107 0.000000 0.707107
vn -0.707107 0.000000 0.707107
vn -0.707107 0.000000 0.707107
vn -0.707107 0.000000 0.707107
vn -0.707107 0.000000 0.707107
vn -0.707107 0.000000 0.707107
vn -0.707107 0.000000 0.707107
vn -0.707107 0.000000 0.707107
vn -0.707107 0.000000 0.707107
vn -0.707107 0.000000 0.707107
vn -0.707107 0.000000 0.707107
vn -0.707107 0.000000 0.707107
vn -0.707107 0.000000 0.707107
vn -0.707107 0.000000 0.707107
vn -0.707107 0.000000 0.707107
vn -0.707107 0.000000 0.707107
vn -0.707107 0.000000 0.707107
vn -0.707107 0.000000 0.707107
vn -0.707107 0.000000 0.707107
vn -0.707107 0.000000 0.707107
vn -0.707107 0.000000 0.707107
vn -0.707107 0.707107 -0.000000
vn -0.707107 0.707107 -0.000000
vn -0.707107 0.653281 0.270598
vn -0.707107 0.653281 0.270598
vn -0.707107 0.500000 0.500000
vn -0.707107 0.500000 0.500000
vn -0.707107 0.270598 0.653281
vn -0.707107 0.270598 0.653281
vn -0.707107 0.707107 0.000000
vn -0.707107 0.707107 0.000000
vn -0.707107 0.000000 -0.707107
vn -0.707107 0.000000 -0.707107
vn -0.707107 0.270598 -0.653281
vn -0.707107 0.270598 -0.653281
vn -0.707107 0.500000 -0.500000
vn -0.707107 0.500000 -0.500000
vn -0.707107 0.653281 -0.270598
vn -0.707107 0.653281 -0.270598
vn -0.707107 0.000000 -0.707107
vn -0.707107 0.000000 -0.707107
vn -0.707107 -0.707107 -0.000000
vn -0.707107 -0.707107 -0.000000
vn -0.707107 -0.653281 -0.270598
vn -0.707107 -0.653281 -0.270598
vn -0.707107 -0.500000 -0.500000
vn -0.707107 -0.500000 -0.500000
vn -0.707107 -0.270598 -0.653281
vn -0.707107 -0.270598 -0.653281
vn -0.707107 -0.707107 0.000000
vn -0.707107 -0.707107 0.000000
vn -0.707107 0.000000 0.707107
vn -0.707107 0.000000 0.707107
vn -0.707107 -0.270598 0.653281
vn -0.707107 -0.270598 0.653281
vn -0.707107 -0.500000 0.500000
vn -0.707107 -0.500000 0.500000
vn -0.707107 -0.653281 0.270598
vn -0.707107 -0.653281 0.270598
vn -0.707107 0.000000 0.707107
vn -0.707107 0.000000 0.707107
vn -0.000000 -1.000000 0.000000
vn -0.000000 -1.000000 0.000000
vn -0.000000 -0.923880 0.382683
vn -0.000000 -0.923880 0.382683
vn -0.000000 -0.707107 0.707107
vn -0.000000 -0.707107 0.707107
vn -0.000000 -0.382683 0.923880
vn -0.000000 -0.382683 0.923880
vn -0.000000 -1.000000 0.000000
vn -0.000000 -1.000000 0.000000
vn -0.000000 -0.382683 -0.923880
vn -0.000000 -0.382683 -0.923880
vn -0.000000 -0.707107 -0.707107
vn -0.000000 -0.707107 -0.707107
vn -0.000000 -0.923880 -0.382683
vn -0.000000 -0.923880 -0.382683
vn -0.232734 -0.676699 0.698508
vn -0.401574 -0.707107 0.582012
vn -0.401574 -0.707107 0.582012
vn -0.600968 -0.664315 0.444436
vn -0.624301 -0.653281 0.428336
vn -0.793680 -0.522551 0.311469
vn -0.813119 -0.500000 0.298056
vn -0.927646 -0.302485 0.219036
vn -0.939283 -0.270598 0.211006
vn -0.969428 -0.155016 0.190207
vn -0.983586 0.000000 0.180438
vn -0.983586 0.000000 0.180438
vn -0.958405 0.205741 0.197812
vn -0.939283 0.270598 0.211006
vn -0.885135 0.393511 0.248367
vn -0.813119 0.500000 0.298056
vn -0.770256 0.547142 0.327631
vn -0.624301 0.653281 0.428336
vn -0.623745 0.653561 0.428720
vn -0.458019 0.703774 0.543067
vn -0.401574 0.707107 0.582012
vn -0.287375 0.693361 0.660807
vn -0.178848 0.653281 0.735688
vn -0.126631 0.623232 0.771716
vn 0.009971 0.500000 0.865968
vn 0.010323 0.499572 0.866211
vn 0.111912 0.332878 0.936305
vn 0.136135 0.270598 0.953018
vn 0.169336 0.137453 0.975926
vn 0.180438 -0.000000 0.983586
vn 0.177599 -0.069761 0.981627
vn 0.136135 -0.270598 0.953018
vn 0.136063 -0.270810 0.952968
vn 0.048271 -0.448668 0.892394
vn 0.009971 -0.500000 0.865968
vn -0.078312 -0.588008 0.805055
vn -0.178848 -0.653281 0.735688
vn -0.567912 0.000000 0.823090
vn -0.567912 0.000000 0.823090
vn -0.567912 0.000000 0.823090
vn -0.567912 0.000000 0.823090
vn -0.567912 0.000000 0.823090
vn -0.567912 0.000000 0.823090
vn -0.567912 0.000000 0.823090
vn -0.567912 0.000000 0.823090
vn -0.567912 0.000000 0.823090
vn -0.567912 0.000000 0.823090
vn -0.567912 0.000000 0.823090
vn -0.567912 0.000000 0.823090
vn -0.567912 0.000000 0.823090
vn -0.567912 0.000000 0.823090
vn -0.567912 0.000000 0.823090
vn -0.567912 0.000000 0.823090
vn -0.567912 0.000000 0.823090
vn -0.567912 0.000000 0.823090
vn -0.567912 0.000000 0.823090
vn -0.567912 0.000000 0.823090
vn -0.567912 0.000000 0.823090
vn -0.567912 0.000000 0.823090
vn -0.567912 0.000000 0.823090
vn -0.567912 0.000000 0.823090
vn -0.567912 0.000000 0.823090
vn -0.567912 0.000000 0.823090
vn -0.567912 0.000000 0.823090
vn -0.567912 0.000000 0.823090
vn -0.567912 0.000000 0.823090
vn -0.567912 0.000000 0.823090
vn -0.567912 0.000000 0.823090
vn -0.567912 0.000000 0.823090
vn -0.707107 -0.707107 0.000000
vn -0.707107 -0.707107 0.000000
vn -0.707107 -0.707107 0.000000
vn -0.707107 -0.707107 0.000000
vn 0.000000 0.707107 0.707107
vn 0.000000 0.707107 0.707107
vn 0.000000 0.707107 0.707107
vn 0.000000 0.707107 0.707107
vn -0.000000 -0.707107 0.707107
vn 0.218508 -0.672499 0.707107
vn -0.000000 -0.707107 0.707107
vn 0.241845 -0.664463 0.707107
vn 0.415627 -0.572061 0.707107
vn 0.454519 -0.541675 0.707107
vn 0.572061 -0.415627 0.707107
vn 0.612372 -0.353553 0.707107
vn 0.672499 -0.218508 0.707107
vn 0.696364 -0.122788 0.707107
vn 0.707107 -0.000000 0.707107
vn 0.696364 0.122788 0.707107
vn 0.672499 0.218508 0.707107
vn 0.612372 0.353553 0.707107
vn 0.572061 0.415627 0.707107
vn 0.454519 0.541675 0.707107
vn 0.415627 0.572061 0.707107
vn 0.241845 0.664463 0.707107
vn 0.218508 0.672499 0.707107
vn 0.000000 -0.707107 0.707107
vn 0.000000 -0.707107 0.707107
vn -0.500000 0.707107 0.500000
vn -0.500000 0.707107 0.500000
vn -0.500000 0.707107 0.500000
vn -0.500000 0.707107 0.500000
vn -0.500000 -0.707107 0.500000
vn -0.500000 -0.707107 0.500000
vn -0.500000 -0.707107 0.500000
vn -0.500000 -0.707107 0.500000
vn -0.707107 0.000000 -0.707107
vn -0.707107 0.000000 -0.707107
vn -0.707107 -0.270598 -0.653281
vn -0.707107 -0.270598 -0.653281
vn -0.707107 -0.500000 -0.500000
vn -0.707107 -0.500000 -0.500000
vn -0.707107 -0.653281 -0.270598
vn -0.707107 -0.653281 -0.270598
vn -0.707107 -0.707107 -0.000000
vn -0.707107 -0.707107 -0.000000
vn -0.707107 0.000000 -0.707107
vn -0.707107 0.000000 -0.707107
vn -0.707107 0.000000 -0.707107
vn -0.707107 0.000000 -0.707107
vn -0.707107 0.707107 -0.000000
vn -0.707107 0.707107 -0.000000
vn -0.707107 0.653281 -0.270598
vn -0.707107 0.653281 -0.270598
vn -0.707107 0.500000 -0.500000
vn -0.707107 0.500000 -0.500000
vn -0.707107 0.270598 -0.653281
vn -0.707107 0.270598 -0.653281
vn -0.707107 0.000000 -0.707107
vn -0.707107 0.000000 -0.707107
vn -0.707107 0.707107 0.000000
vn -0.707107 0.707107 0.000000
vn -0.707107 0.707107 0.000000
vn -0.707107 0.707107 0.000000
vn -0.707107 0.000000 0.707107
vn -0.707107 0.000000 0.707107
vn -0.707107 0.000000 0.707107
vn -0.707107 0.000000 0.707107
vn 0.000000 -0.000000 1.000000
vn 0.000000 -0.000000 1.000000
vn 0.000000 -0.000000 1.000000
vn 0.000000 -0.000000 1.000000
vn 0.000000 -0.000000 1.000000
vn 0.000000 -0.000000 1.000000
vn 0.000000 -0.000000 1.000000
vn 0.000000 -0.000000 1.000000
vn 0.000000 -0.000000 1.000000
vn 0.000000 -0.000000 1.000000
vn 0.000000 -0.000000 1.000000
vn 0.000000 -0.000000 1.000000
vn 0.000000 -0.000000 1.000000
vn 0.000000 -0.000000 1.000000
vn 0.000000 -0.000000 1.000000
vn 0.000000 -0.000000 1.000000
vn 0.000000 -0.000000 1.000000
vn 0.000000 -0.000000 1.000000
vn 0.000000 -0.000000 1.000000
vn 0.000000 -0.000000 1.000000
vn 0.000000 -0.000000 1.000000
vn 0.000000 -0.000000 1.000000
vn 0.000000 -0.000000 1.000000
vn 0.000000 -0.000000 1.000000
vn -0.500000 0.707107 0.500000
vn -0.500000 0.707107 0.500000
vn -0.500000 0.707107 0.500000
vn -0.500000 0.707107 0.500000
vn -0.500000 -0.707107 0.500000
vn -0.500000 -0.707107 0.500000
vn -0.500000 -0.707107 0.500000
vn -0.500000 -0.707107 0.500000
vn 0.000000 -0.707107 0.707107
vn 0.000000 -0.707107 0.707107
vn 0.000000 -0.707107 0.707107
vn 0.000000 -0.707107 0.707107
vn -0.000000 0.707107 0.707107
vn -0.241845 0.664463 0.707107
vn -0.000000 0.707107 0.707107
vn -0.270598 0.653281 0.707107
vn -0.454519 0.541675 0.707107
vn -0.500000 0.500000 0.707107
vn -0.612372 0.353553 0.707107
vn -0.653281 0.270598 0.707107
vn -0.696364 0.122788 0.707107
vn -0.707107 0.000000 0.707107
vn -0.696364 -0.122788 0.707107
vn -0.653281 -0.270598 0.707107
vn -0.612372 -0.353553 0.707107
vn -0.500000 -0.500000 0.707107
vn -0.454519 -0.541675 0.707107
vn -0.270598 -0.653281 0.707107
vn -0.241845 -0.664463 0.707107
vn 0.000000 0.707107 0.707107
vn 0.000000 0.707107 0.707107
vn -0.707107 0.707107 0.000000
vn -0.707107 0.707107 0.000000
vn -0.707107 0.707107 0.000000
vn -0.707107 0.707107 0.000000
vn -0.707107 0.653281 0.270598
vn -0.707107 0.653281 0.270598
vn -0.707107 0.500000 0.500000
vn -0.707107 0.500000 0.500000
vn -0.707107 0.270598 0.653281
vn -0.707107 0.270598 0.653281
vn -0.707107 0.000000 0.707107
vn -0.707107 0.000000 0.707107
vn -0.707107 0.000000 0.707107
vn -0.707107 0.000000 0.707107
vn -0.707107 -0.270598 0.653281
vn -0.707107 -0.270598 0.653281
vn -0.707107 -0.500000 0.500000
vn -0.707107 -0.500000 0.500000
vn -0.707107 -0.653281 0.270598
vn -0.707107 -0.653281 0.270598
vn -0.707107 -0.707107 -0.000000
vn -0.707107 -0.707107 -0.000000
vn -0.707107 -0.707107 0.000000
vn -0.707107 -0.707107 0.000000
vn -0.000000 1.000000 -0.000000
vn -0.000000 1.000000 -0.000000
vn -0.000000 1.000000 -0.000000
vn -0.000000 1.000000 -0.000000
vn -0.000000 1.000000 -0.000000
vn -0.000000 1.000000 -0.000000
vn -0.000000 1.000000 -0.000000
vn -0.000000 1.000000 -0.000000
vn -0.000000 1.000000 -0.000000
vn -0.382683 0.923880 0.000000
vn -0.192655 0.981266 0.000000
vn -0.095216 0.995457 0.000000
vn -0.048128 0.998841 0.000000
vn -0.707107 0.707107 0.000000
vn -0.697676 0.716413 0.000000
vn -0.375152 0.926963 0.000000
vn -0.825948 0.563747 0.000000
vn -0.923880 0.382683 0.000000
vn -0.921157 0.389192 0.000000
vn -0.979630 0.200810 0.000000
vn -1.000000 0.000000 0.000000
vn -1.000000 0.000000 0.000000
vn -0.979630 -0.200810 -0.000000
vn -0.923880 -0.382683 -0.000000
vn -0.921157 -0.389192 -0.000000
vn -0.825948 -0.563747 -0.000000
vn -0.707107 -0.707107 -0.000000
vn -0.697676 -0.716413 -0.000000
vn -0.382683 -0.923880 -0.000000
vn -0.375152 -0.926963 -0.000000
vn -0.192655 -0.981266 -0.000000
vn -0.000000 -1.000000 -0.000000
vn -0.095216 -0.995457 -0.000000
vn -0.048128 -0.998841 -0.000000
vn -0.023450 -0.999725 -0.000000
vn -0.011430 -0.999935 -0.000000
vn -0.005227 -0.999986 -0.000000
vn -0.002226 -0.999998 -0.000000
vn -0.000000 -1.000000 -0.000000
vn -0.023450 0.999725 0.000000
vn -0.011430 0.999935 0.000000
vn -0.005227 0.999986 0.000000
vn -0.002226 0.999998 0.000000
vn -0.000000 -1.000000 -0.000000
vn -0.000000 -1.000000 -0.000000
vn -0.000000 -1.000000 -0.000000
vn -0.000000 -1.000000 -0.000000
vn -0.000000 -1.000000 -0.000000
vn -0.000000 -1.000000 -0.000000
vn -0.000000 -1.000000 -0.000000
vn -1.000000 0.000000 0.000000
vn -1.000000 0.000000 0.000000
vn -1.000000 0.000000 0.000000
vn -1.000000 0.000000 0.000000
vn -1.000000 0.000000 0.000000
vn -1.000000 0.000000 0.000000
vn -1.000000 0.000000 0.000000
vn -1.000000 0.000000 0.000000
vn -1.000000 0.000000 0.000000
vn -1.000000 0.000000 0.000000
vn -1.000000 0.000000 0.000000
vn -1.000000 0.000000 0.000000
vn -1.000000 0.000000 0.000000
vn -1.000000 0.000000 0.000000
vn -1.000000 0.000000 0.000000
vn -1.000000 0.000000 0.000000
vn -1.000000 0.000000 0.000000
vn -1.000000 0.000000 0.000000
vn -1.000000 0.000000 0.000000
vn -1.000000 0.000000 0.000000
vn -1.000000 0.000000 0.000000
vn -1.000000 0.000000 0.000000
vn -1.000000 0.000000 0.000000
vn -1.000000 0.000000 0.000000
vn -0.707107 0.000000 0.707107
vn -0.707107 0.000000 0.707107
vn -0.707107 0.000000 0.707107
vn -0.707107 0.000000 0.707107
vn 0.000000 -0.000000 1.000000
vn -0.000000 0.382683 0.923880
vn 0.000000 -0.000000 1.000000
vn -0.000000 0.407047 0.913407
vn -0.000000 0.707107 0.707107
vn -0.000000 0.726371 0.687303
vn -0.000000 0.923880 0.382683
vn -0.000000 0.931723 0.363170
vn -0.000000 0.982324 0.187188
vn -0.000000 0.995577 0.093947
vn -0.000000 0.998829 0.048383
vn -0.000000 0.999691 0.024839
vn -0.000000 0.999914 0.013115
vn -0.000000 0.999976 0.006936
vn -0.000000 0.999994 0.003477
vn -0.000000 0.999999 0.001594
vn -0.000000 1.000000 -0.000023
vn -0.000000 -0.923880 0.382683
vn -0.000000 -0.982070 0.188519
vn -0.000000 -0.995530 0.094448
vn -0.000000 -0.998805 0.048880
vn -0.000000 -0.707107 0.707107
vn -0.000000 -0.727809 0.685780
vn -0.000000 -0.930426 0.366480
vn -0.000000 -0.403697 0.914893
vn -0.000000 -0.382683 0.923880
vn 0.000000 0.000000 1.000000
vn 0.000000 0.000000 1.000000
vn -0.000000 -0.999689 0.024946
vn -0.000000 -0.999912 0.013277
vn -0.000000 -0.999976 0.006930
vn -0.000000 -0.999994 0.003510
vn -0.000000 -0.999999 0.001613
vn -0.000000 -1.000000 -0.000023
vn 0.000000 0.000000 1.000000
vn -0.314983 -0.923880 -0.217330
vn -0.158602 -0.981260 -0.109431
vn -0.000000 -1.000000 -0.000000
vn -0.078431 -0.995450 -0.054115
vn -0.039724 -0.998835 -0.027409
vn -0.582012 -0.707107 -0.401574
vn -0.574254 -0.716408 -0.396222
vn -0.308797 -0.926957 -0.213062
vn -0.679831 -0.563743 -0.469067
vn -0.760436 -0.382683 -0.524682
vn -0.758195 -0.389190 -0.523136
vn -0.806324 -0.200809 -0.556344
vn -0.823090 0.000000 -0.567912
vn -0.823090 0.000000 -0.567912
vn -0.806324 0.200809 -0.556344
vn -0.760436 0.382683 -0.524682
vn -0.758195 0.389190 -0.523136
vn -0.679831 0.563743 -0.469067
vn -0.582012 0.707107 -0.401574
vn -0.574254 0.716408 -0.396222
vn -0.314983 0.923880 -0.217330
vn -0.308797 0.926957 -0.213062
vn -0.158602 0.981260 -0.109431
vn 0.000000 1.000000 0.000000
vn -0.078431 0.995450 -0.054115
vn -0.039724 0.998835 -0.027409
vn -0.019544 0.999718 -0.013485
vn -0.009896 0.999928 -0.006828
vn -0.005312 0.999979 -0.003665
vn -0.003613 0.999990 -0.002493
vn -0.003111 0.999993 -0.002146
vn -0.001036 0.999999 -0.000715
vn -0.003111 0.999993 -0.002146
vn 0.314983 0.923880 0.217330
vn 0.123767 0.988630 0.085396
vn 0.062101 0.997150 0.042848
vn 0.032059 0.999241 0.022120
vn 0.582012 0.707107 0.401574
vn 0.466244 0.824092 0.321697
vn 0.241189 0.956103 0.166415
vn 0.646569 0.618812 0.446117
vn 0.760436 0.382683 0.524682
vn 0.768807 0.357140 0.530458
vn 0.823090 -0.000000 0.567912
vn 0.823090 -0.000000 0.567912
vn 0.768807 -0.357140 0.530458
vn 0.760436 -0.382683 0.524682
vn 0.647961 -0.616660 0.447077
vn 0.582012 -0.707107 0.401574
vn 0.465135 -0.825017 0.320932
vn 0.314983 -0.923880 0.217330
vn 0.243422 -0.955268 0.167955
vn 0.124650 -0.988466 0.086005
vn 0.062430 -0.997119 0.043075
vn 0.032403 -0.999225 0.022357
vn 0.016734 -0.999793 0.011546
vn 0.009299 -0.999936 0.006416
vn 0.005529 -0.999977 0.003815
vn 0.003880 -0.999989 0.002677
vn 0.001039 -0.999999 0.000717
vn 0.003289 -0.999992 0.002269
vn 0.003117 -0.999993 0.002150
vn -0.003111 -0.999993 -0.002146
vn -0.001036 -0.999999 -0.000715
vn -0.003111 -0.999993 -0.002146
vn -0.003613 -0.999990 -0.002493
vn -0.005312 -0.999979 -0.003665
vn -0.009896 -0.999928 -0.006828
vn -0.019544 -0.999718 -0.013485
vn 0.016683 0.999795 0.011511
vn 0.009194 0.999938 0.006344
vn 0.005534 0.999977 0.003819
vn 0.003866 0.999989 0.002667
vn 0.001039 0.999999 0.000717
vn 0.003284 0.999992 0.002266
vn 0.003117 0.999993 0.002150
vn 1.000000 -0.000000 0.000000
vn 1.000000 -0.000000 0.000000
vn 1.000000 -0.000000 0.000000
vn 1.000000 -0.000000 0.000000
vn 1.000000 -0.000000 0.000000
vn 1.000000 -0.000000 0.000000
vn 1.000000 -0.000000 0.000000
vn 1.000000 -0.000000 0.000000
vn 1.000000 -0.000000 0.000000
vn 1.000000 -0.000000 0.000000
vn 1.000000 -0.000000 0.000000
vn 1.000000 -0.000000 0.000000
vn 1.000000 -0.000000 0.000000
vn 1.000000 -0.000000 0.000000
vn 1.000000 -0.000000 0.000000
vn 1.000000 -0.000000 0.000000
vn 0.707107 -0.707107 -0.000000
vn 0.707107 -0.707107 -0.000000
vn 0.706584 -0.653471 -0.271506
vn 0.706600 -0.637567 -0.306960
vn 0.707372 -0.502653 -0.496955
vn 0.707540 -0.440009 -0.552973
vn 0.706965 -0.266346 -0.655180
vn 0.706708 -0.156582 -0.689960
vn 0.706927 -0.003840 -0.707276
vn 0.707290 0.157330 -0.689194
vn 0.707058 0.274288 -0.651794
vn 0.706823 0.356014 -0.611274
vn 0.706940 0.497343 -0.502877
vn 0.707030 0.515254 -0.484378
vn 0.707737 0.636506 -0.306542
vn 0.707733 0.631401 -0.316933
vn 0.707049 0.699954 -0.100733
vn 0.706791 0.707415 -0.003200
vn 0.706824 0.699851 0.102997
vn 0.707277 0.636118 0.308403
vn 0.707277 0.636540 0.307532
vn 0.706853 0.516968 0.482807
vn 0.706820 0.499152 0.501251
vn 0.707108 0.357721 0.609945
vn 0.707498 0.275364 0.650861
vn 0.707812 0.157059 0.688720
vn 0.707304 -0.005648 0.706887
vn 0.707085 -0.057703 0.704770
vn 0.706884 -0.268054 0.654570
vn 0.706859 -0.256106 0.659363
vn 0.707305 -0.440902 0.552562
vn 0.707156 -0.360235 0.608409
vn 0.706942 -0.544678 0.451176
vn 0.706601 -0.637289 -0.307537
vn 0.707540 -0.439535 -0.553350
vn 0.706775 -0.203402 -0.677567
vn 0.707026 0.029157 -0.706586
vn 0.707073 0.269474 -0.653783
vn 0.706832 0.468207 -0.530256
vn 0.706845 0.434586 0.558127
vn 0.707803 0.141662 0.692059
vn 0.706866 -0.129215 0.695445
vn 0.706525 -0.637696 0.306865
vn 0.706541 -0.658081 0.260248
vn 0.706530 -0.653352 0.271930
vn 0.707155 -0.502681 0.497236
vn 0.707241 0.653985 0.268542
vn 0.706786 0.707426 0.001282
vn 0.707694 0.653755 -0.267905
vn 0.693360 -0.720591 0.000000
vn 0.886333 -0.463048 0.000000
vn 0.693360 -0.720591 0.000000
vn 0.930987 -0.365053 0.000000
vn 0.987511 -0.157548 0.000000
vn 0.998360 0.057244 0.000000
vn 0.986416 0.164269 0.000000
vn 0.883159 0.469073 0.000000
vn 0.883159 0.469073 0.000000
vn 1.000000 -0.000000 0.000000
vn 1.000000 -0.000000 0.000000
vn 1.000000 -0.000000 0.000000
vn 1.000000 -0.000000 0.000000
vn 1.000000 -0.000000 0.000000
vn 1.000000 -0.000000 0.000000
vn 1.000000 -0.000000 0.000000
vn 1.000000 -0.000000 0.000000
vn 1.000000 -0.000000 0.000000
vn 1.000000 -0.000000 0.000000
vn 1.000000 -0.000000 0.000000
vn 1.000000 -0.000000 0.000000
vn 1.000000 -0.000000 0.000000
vn 1.000000 -0.000000 0.000000
vn 0.052336 0.998630 0.000000
vn 0.068306 0.921830 -0.381529
vn 0.052336 0.998630 -0.000000
vn 0.068306 0.921830 -0.381529
vn 0.073913 0.705173 -0.705173
vn 0.073913 0.705173 -0.705173
vn 0.068306 0.381529 -0.921830
vn 0.068306 0.381529 -0.921830
vn 0.052336 -0.000000 -0.998630
vn 0.052336 -0.000000 -0.998630
vn 0.052336 -0.000000 -0.998630
vn 0.052336 -0.000000 -0.998630
vn 0.052336 -0.000000 -0.998630
vn 0.052336 -0.000000 -0.998630
vn 0.052336 -0.000000 -0.998630
vn 0.052336 -0.000000 -0.998630
vn 0.052336 -0.000000 -0.998630
vn 0.052336 -0.000000 -0.998630
vn 0.052336 -0.000000 -0.998630
vn 0.052336 -0.000000 -0.998630
vn 0.052336 -0.000000 -0.998630
vn 0.052336 -0.000000 -0.998630
vn 0.052336 -0.000000 -0.998630
vn 0.052336 -0.000000 -0.998630
vn 0.052336 -0.000000 -0.998630
vn 0.052336 -0.000000 -0.998630
vn 0.052336 -0.000000 -0.998630
vn 0.052336 -0.000000 -0.998630
vn 0.052336 -0.000000 -0.998630
vn 0.052336 -0.000000 -0.998630
vn 0.052336 -0.000000 -0.998630
vn 0.052336 -0.000000 -0.998630
vn 0.052336 -0.000000 -0.998630
vn 0.052336 -0.000000 -0.998630
vn 0.052336 -0.000000 -0.998630
vn 0.052336 -0.000000 -0.998630
vn 0.052336 -0.000000 -0.998630
vn 0.052336 -0.000000 -0.998630
vn 0.052336 -0.000000 -0.998630
vn 0.052336 -0.000000 -0.998630
vn 0.068306 -0.381529 -0.921830
vn 0.068306 -0.381529 -0.921830
vn 0.073913 -0.705173 -0.705173
vn 0.073913 -0.705173 -0.705173
vn 0.068306 -0.921830 -0.381529
vn 0.068306 -0.921830 -0.381529
vn 0.052336 -0.998630 0.000000
vn 0.052336 -0.998630 0.000000
vn 0.922626 -0.385697 -0.000000
vn 0.874620 -0.484810 -0.000000
vn 0.712209 -0.701967 -0.000000
vn 0.529919 -0.848048 -0.000000
vn 0.409199 -0.912445 -0.000000
vn 0.055529 -0.998457 -0.000000
vn 0.052336 -0.998630 -0.000000
vn 0.999998 -0.001646 -0.000945
vn 0.973190 -0.219777 -0.067813
vn 0.875686 -0.482881 0.000068
vn 0.874963 -0.462731 -0.142545
vn 0.708291 -0.674612 -0.207900
vn 0.876088 -0.402053 -0.266126
vn 0.710853 -0.586460 -0.388270
vn 0.876565 -0.329111 -0.351170
vn 0.711870 -0.480250 -0.512446
vn 0.876054 -0.221517 -0.428322
vn 0.710695 -0.323239 -0.624843
vn 0.875764 -0.192693 -0.442614
vn 0.710044 -0.281153 -0.645594
vn 0.875433 -0.163201 -0.454952
vn 0.709299 -0.238095 -0.663479
vn 0.874667 -0.102126 -0.473844
vn 0.707570 -0.148953 -0.690766
vn 0.875686 0.000068 -0.482881
vn 0.527945 -0.000048 -0.849279
vn 0.540794 -0.177444 -0.822226
vn 0.312861 -0.200367 -0.928424
vn 0.316597 -0.320436 -0.892797
vn 0.067777 -0.379979 -0.922509
vn 0.318190 -0.378514 -0.869185
vn 0.319574 -0.435338 -0.841637
vn 0.544629 -0.334924 -0.768899
vn 0.545637 -0.385089 -0.744303
vn 0.527945 -0.849279 -0.000048
vn 0.542012 -0.803052 -0.247649
vn 0.546041 -0.698539 -0.462475
vn 0.547509 -0.572257 -0.610538
vn 0.314690 -0.907014 -0.279815
vn 0.066917 -0.920902 -0.384008
vn 0.320321 -0.789965 -0.522829
vn 0.073077 -0.709680 -0.700724
vn 0.322194 -0.647497 -0.690608
vn 0.973124 -0.048618 -0.225090
vn 1.000000 -0.000217 -0.000378
vn 0.973558 -0.156240 -0.166652
vn 0.973440 -0.105188 -0.203348
vn 0.973373 -0.091531 -0.210160
vn 0.973448 -0.190887 -0.126337
vn 0.973297 -0.077560 -0.216048
vn 0.543476 -0.283617 -0.790061
vn 0.778099 0.399786 -0.484493
vn 0.881195 0.412198 -0.231490
vn 0.925329 0.379166 0.000153
vn 0.898697 0.372609 -0.231316
vn 0.914327 0.332527 -0.231153
vn 0.821461 0.293315 -0.489047
vn 0.833493 0.257495 -0.488862
vn 0.671604 0.202148 -0.712800
vn 0.677759 0.181036 -0.712649
vn 0.517113 0.133656 -0.845417
vn 0.521141 0.117940 -0.845282
vn 0.298001 0.061359 -0.952591
vn 0.301394 0.044803 -0.952446
vn 0.054812 0.000478 -0.998497
vn 0.303728 0.027969 -0.952348
vn 0.053015 0.000062 -0.998594
vn 0.304983 0.010869 -0.952296
vn 0.052671 -0.000003 -0.998612
vn 0.305135 -0.006208 -0.952289
vn 0.304192 -0.023163 -0.952329
vn 0.534902 -0.011933 -0.844830
vn 0.533085 -0.044526 -0.844889
vn 0.701930 -0.016164 -0.712062
vn 0.699461 -0.060315 -0.712121
vn 0.872437 -0.020597 -0.488293
vn 0.869264 -0.076851 -0.488338
vn 0.972755 -0.023366 -0.230657
vn 0.969116 -0.087177 -0.230684
vn 0.994647 -0.103325 0.000513
vn 0.961298 -0.150547 -0.230743
vn 0.979667 -0.200630 0.000517
vn 0.949279 -0.213495 -0.230843
vn 0.955123 -0.296209 0.000417
vn 0.931282 -0.281693 -0.231004
vn 0.915457 -0.329404 -0.231155
vn 0.822427 -0.290548 -0.489076
vn 0.806471 -0.331923 -0.489317
vn 0.650533 -0.260636 -0.713355
vn 0.636404 -0.292580 -0.713714
vn 0.486645 -0.216032 -0.846467
vn 0.520461 -0.262276 -0.812608
vn 0.280673 -0.127441 -0.951305
vn 0.958020 0.286700 0.000417
vn 0.928112 0.291964 -0.231010
vn 0.841393 0.230620 -0.488745
vn 0.683226 0.159752 -0.712518
vn 0.527679 0.086119 -0.845067
vn 0.981445 0.191742 0.000582
vn 0.945219 0.230808 -0.230842
vn 0.937168 0.261518 -0.230919
vn 0.958302 0.168581 -0.230733
vn 0.995549 0.094243 0.000591
vn 0.967320 0.105264 -0.230677
vn 0.972175 0.040911 -0.230656
vn 0.871923 0.036063 -0.488313
vn 0.999987 -0.004988 0.000532
vn 0.921440 -0.388521 0.000178
vn 0.897180 -0.376235 -0.231334
vn 0.788352 -0.372544 -0.489604
vn 0.781895 -0.412715 -0.467232
vn 0.876444 -0.422184 -0.231531
vn 0.878636 -0.477492 -0.000002
vn 0.878654 -0.477455 -0.001694
vn 0.878670 -0.477417 -0.003385
vn 0.878684 -0.477377 -0.005076
vn 0.878695 -0.477336 -0.006765
vn 0.280087 -0.112403 -0.953371
vn 0.052903 -0.000245 -0.998600
vn 0.053226 -0.000284 -0.998582
vn 0.290250 -0.087624 -0.952931
vn 0.285492 -0.100122 -0.953137
vn 0.497054 -0.192437 -0.846112
vn 0.053051 -0.000152 -0.998592
vn 0.299042 -0.056750 -0.952551
vn 0.294366 -0.074907 -0.952753
vn 0.514142 -0.143978 -0.845534
vn 0.506216 -0.168419 -0.845802
vn 0.673728 -0.195016 -0.712783
vn 0.662969 -0.228114 -0.713047
vn 0.836237 -0.248421 -0.488871
vn 0.302163 -0.040007 -0.952416
vn 0.053137 -0.000088 -0.998587
vn 0.055224 0.000861 -0.998474
vn 0.295909 0.069536 -0.952682
vn 0.512578 0.149244 -0.845570
vn 0.662228 0.230293 -0.713035
vn 0.807810 0.328726 -0.489267
vn 0.053688 0.000554 -0.998558
vn 0.289964 0.088460 -0.952940
vn 0.293554 0.077646 -0.952784
vn 0.052336 0.000000 -0.998630
vn 0.281326 0.109733 -0.953318
vn 0.285890 0.099156 -0.953118
vn 0.497827 0.190583 -0.846077
vn 0.505669 0.170028 -0.845807
vn 0.651585 0.258126 -0.713308
vn 0.472982 0.227522 -0.851188
vn 0.489036 0.210907 -0.846382
vn 0.639651 0.285641 -0.713621
vn 0.792512 0.363718 -0.489524
vn 0.848414 0.203518 -0.488644
vn 0.859820 0.148626 -0.488487
vn 0.867684 0.092794 -0.488379
vn 0.692105 0.116652 -0.712308
vn 0.532180 0.053764 -0.844922
vn 0.698225 0.072827 -0.712165
vn 0.701526 0.028303 -0.712081
vn 0.534607 0.020894 -0.844843
vn 0.862438 -0.132724 -0.488452
vn 0.851943 -0.188242 -0.488628
vn 0.694142 -0.104171 -0.712261
vn 0.685964 -0.147756 -0.712476
vn 0.529171 -0.076904 -0.845023
vn 0.523152 -0.109083 -0.845230
vn 0.998285 0.058537 0.000969
vn 0.883159 0.469073 -0.000000
vn 0.939165 0.255822 -0.229180
vn 0.778127 0.399819 -0.484420
vn 0.843592 0.225824 -0.487192
vn 0.679974 0.177604 -0.711402
vn 0.872283 0.044862 -0.486939
vn 0.702324 0.035342 -0.710979
vn 0.866331 -0.110613 -0.487069
vn 0.697687 -0.086861 -0.711117
vn 0.817681 -0.306196 -0.487485
vn 0.659779 -0.240823 -0.711826
vn 0.798855 -0.352069 -0.487726
vn 0.645068 -0.276967 -0.712164
vn 0.777389 -0.396837 -0.488043
vn 0.628280 -0.312243 -0.712579
vn 0.726298 -0.483164 -0.488921
vn 0.588302 -0.380261 -0.713654
vn 0.618658 -0.616459 -0.487074
vn 0.382883 -0.351363 -0.854368
vn 0.452975 -0.282110 -0.845711
vn 0.262354 -0.146646 -0.953764
vn 0.277742 -0.120387 -0.953082
vn 0.052336 0.000000 -0.998630
vn 0.051620 0.000374 -0.998667
vn 0.284203 -0.106762 -0.952802
vn 0.289856 -0.092801 -0.952561
vn 0.495033 -0.205440 -0.844237
vn 0.505926 -0.178605 -0.843883
vn 0.472921 0.227477 -0.851234
vn 0.520760 0.131714 -0.843481
vn 0.537308 0.026217 -0.842978
vn 0.533916 -0.064359 -0.843084
vn 0.297465 0.068433 -0.952277
vn 0.052336 -0.000000 -0.998630
vn 0.052142 -0.000033 -0.998640
vn 0.306064 0.013613 -0.951914
vn 0.052040 0.000048 -0.998645
vn 0.304334 -0.033412 -0.951979
vn 0.805122 -0.546698 -0.230000
vn 0.930495 -0.366303 0.001265
vn 0.965365 -0.125324 -0.228831
vn 0.909585 -0.346738 -0.228969
vn 0.888030 -0.398625 -0.229129
vn 0.863474 -0.449231 -0.229355
vn 0.972133 0.050763 -0.228870
vn 0.482595 -0.231629 -0.844660
vn 0.382920 -0.351429 -0.854324
vn 0.415167 -0.329483 -0.847984
vn 0.053758 -0.001143 -0.998553
vn 0.438834 -0.299569 -0.847162
vn 0.055260 -0.001795 -0.998470
vn 0.459979 -0.268264 -0.846436
vn 0.478656 -0.235588 -0.845805
vn 0.624205 -0.318297 -0.713481
vn 0.646189 -0.272306 -0.712944
vn 0.800636 -0.346655 -0.488684
vn 0.824552 -0.285739 -0.488331
vn 0.917713 -0.323907 -0.229971
vn 0.939865 -0.252677 -0.229800
vn 0.954327 -0.298763 0.000798
vn 0.984317 -0.176406 0.000855
vn 0.956444 -0.180196 -0.229661
vn 0.968444 -0.097102 -0.229537
vn 0.858364 -0.158897 -0.487814
vn 0.868832 -0.085614 -0.487649
vn 0.691181 -0.124752 -0.711833
vn 0.699336 -0.067210 -0.711627
vn 0.528076 -0.092310 -0.844165
vn 0.534097 -0.049730 -0.843959
vn 0.051987 0.000059 -0.998648
vn 0.053151 -0.000031 -0.998587
vn 0.054427 -0.000944 -0.998517
vn 0.494882 -0.201532 -0.845267
vn 0.664831 -0.224407 -0.712489
vn 0.843896 -0.222851 -0.488034
vn 0.508636 -0.166069 -0.844814
vn 0.052557 -0.000067 -0.998618
vn 0.519758 -0.129487 -0.844444
vn 0.536515 -0.006869 -0.843863
vn 0.054977 0.000235 -0.998488
vn 0.535544 0.032472 -0.843883
vn 0.531541 0.071430 -0.844015
vn 0.695851 0.096533 -0.711669
vn 0.686332 0.148698 -0.711925
vn 0.852127 0.189384 -0.487866
vn 0.834596 0.255203 -0.488182
vn 0.929227 0.289328 -0.229840
vn 0.902883 0.363113 -0.230113
vn 0.948058 0.318097 0.000874
vn 0.900023 0.435841 0.000663
vn 0.870771 0.434370 -0.230393
vn 0.833540 0.501988 -0.230692
vn 0.783513 0.383366 -0.489017
vn 0.750962 0.443227 -0.489496
vn 0.632814 0.301178 -0.713329
vn 0.607420 0.348307 -0.713949
vn 0.485000 0.222906 -0.845628
vn 0.466254 0.257811 -0.846251
vn 0.052642 0.000157 -0.998613
vn 0.053935 0.001094 -0.998544
vn 0.054268 0.000423 -0.998526
vn 0.524512 0.110034 -0.844263
vn 0.672655 0.200405 -0.712301
vn 0.811574 0.320368 -0.488582
vn 0.514412 0.148301 -0.844622
vn 0.052112 -0.000080 -0.998641
vn 0.501153 0.186215 -0.845085
vn 0.053334 0.000887 -0.998576
vn 0.428504 0.313185 -0.847526
vn 0.444951 0.290976 -0.846966
vn 0.578574 0.393076 -0.714663
vn 0.714014 0.500034 -0.490051
vn 0.791321 0.566066 -0.231042
vn 0.838580 0.544777 0.000531
vn 0.221478 0.193561 -0.955762
vn 0.410777 0.334558 -0.848135
vn 0.532313 0.451880 -0.715854
vn 0.556308 0.423047 -0.715229
vn 0.654831 0.574555 -0.491002
vn 0.685517 0.538031 -0.490499
vn 0.723798 0.649969 -0.231640
vn 0.758793 0.608870 -0.231325
vn 0.764545 0.644570 0.000253
vn 0.403917 0.401251 -0.822100
vn 0.604859 0.633416 -0.482628
vn 0.678103 0.734748 -0.017938
vn 0.677841 0.735195 -0.004494
vn 0.678028 0.734913 -0.013462
vn 0.677941 0.735062 -0.008978
vn 0.677725 0.735315 0.000003
vn 0.949292 0.214749 -0.229623
vn 0.980389 0.197068 0.001154
vn 0.963272 0.139446 -0.229483
vn 0.997246 0.074153 0.001223
vn 0.971258 0.063406 -0.229427
vn 0.973228 -0.013410 -0.229448
vn 0.873013 -0.011825 -0.487554
vn 0.998711 -0.050751 0.001046
vn 0.909268 -0.416210 0.000841
vn 0.890335 -0.392844 -0.230168
vn 0.772447 -0.405103 -0.489098
vn 0.598914 -0.362416 -0.714112
vn 0.858082 -0.458918 -0.230413
vn 0.850672 -0.525696 0.000698
vn 0.821036 -0.522172 -0.230730
vn 0.779189 -0.582621 -0.231123
vn 0.703400 -0.514737 -0.490178
vn 0.662431 -0.565889 -0.490871
vn 0.538258 -0.445038 -0.715695
vn 0.618649 -0.616412 -0.487144
vn 0.778820 -0.627247 0.000282
vn 0.732459 -0.640217 -0.231575
vn 0.570291 -0.404675 -0.714848
vn 0.740043 -0.461126 -0.489591
vn 0.679907 -0.174987 -0.712114
vn 0.702601 -0.009284 -0.711523
vn 0.701278 0.043885 -0.711536
vn 0.871302 0.055902 -0.487552
vn 0.864335 0.122957 -0.487654
vn 0.654697 0.251624 -0.712781
vn 1.000000 -0.000000 -0.000000
vn 1.000000 -0.000000 -0.000000
vn 0.874620 -0.000000 -0.484810
vn 0.883208 -0.000000 -0.468982
vn 0.583707 -0.000000 -0.811964
vn 0.529919 -0.000000 -0.848048
vn 0.309408 -0.000000 -0.950929
vn 1.000000 0.000217 -0.000378
vn 0.973200 0.060829 -0.221771
vn 0.875686 -0.000068 -0.482881
vn 0.875003 0.127890 -0.466921
vn 0.708328 0.186550 -0.680787
vn 0.876253 0.244409 -0.415265
vn 0.711142 0.356666 -0.605860
vn 0.876565 0.329111 -0.351170
vn 0.711870 0.480250 -0.512446
vn 0.875892 0.417326 -0.242183
vn 0.710415 0.608670 -0.353314
vn 0.875629 0.433934 -0.212074
vn 0.709819 0.632812 -0.309364
vn 0.875340 0.448423 -0.180822
vn 0.709159 0.653856 -0.263753
vn 0.874670 0.470935 -0.114776
vn 0.707613 0.686488 -0.167387
vn 0.875686 0.482881 0.000068
vn 0.527945 0.849279 -0.000048
vn 0.540932 0.817084 -0.199415
vn 0.313144 0.922595 -0.225296
vn 0.316657 0.879605 -0.354997
vn 0.066917 0.920902 -0.384008
vn 0.318126 0.851695 -0.416428
vn 0.319411 0.819582 -0.475670
vn 0.544440 0.753536 -0.368467
vn 0.545370 0.724901 -0.420822
vn 0.527945 0.000048 -0.849279
vn 0.541969 0.222217 -0.810487
vn 0.546329 0.424942 -0.721768
vn 0.547509 0.572257 -0.610538
vn 0.314502 0.250984 -0.915476
vn 0.067777 0.379979 -0.922509
vn 0.320521 0.480506 -0.816321
vn 0.073077 0.709680 -0.700724
vn 0.322194 0.647497 -0.690608
vn 0.973124 0.223702 -0.054651
vn 1.000000 0.000000 -0.000000
vn 0.999998 0.001646 -0.000945
vn 0.973558 0.156240 -0.166652
vn 0.973403 0.198147 -0.115000
vn 0.973342 0.206048 -0.100744
vn 0.973276 0.212949 -0.085945
vn 0.973486 0.116039 -0.197131
vn 0.543395 0.778480 -0.314150
vn 0.314414 -0.000000 -0.949286
vn 0.529919 -0.000000 -0.848048
vn 0.588541 -0.000000 -0.808467
vn 0.874620 -0.000000 -0.484810
vn 0.886771 -0.000000 -0.462210
vn 1.000000 -0.000000 0.000000
vn 0.052336 -0.998630 0.000000
vn 0.052336 -0.998630 0.000000
vn 0.052336 -0.998630 0.000000
vn 0.052336 0.998630 0.000000
vn 0.052336 0.998630 0.000000
vn 0.052336 0.998630 0.000000
vn 0.052336 0.998630 0.000000
vn 0.052336 -0.000000 0.998630
vn 0.052336 -0.000000 0.998630
vn 0.052336 -0.000000 0.998630
vn 0.052336 -0.000000 0.998630
vn 0.052336 -0.000000 0.998630
vn 0.052336 -0.000000 0.998630
vn 0.052336 -0.000000 0.998630
vn 0.052336 -0.000000 0.998630
vn 0.052336 -0.000000 0.998630
vn 0.055529 0.998457 0.000000
vn 0.409199 0.912445 0.000000
vn 0.529919 0.848048 0.000000
vn 0.712209 0.701967 0.000000
vn 0.874620 0.484810 0.000000
vn 0.922626 0.385697 0.000000
vn 1.000000 0.000000 0.000000
vn 1.000000 -0.000000 0.000000
vn 1.000000 -0.000000 0.000000
vn 1.000000 -0.000000 0.000000
vn 1.000000 -0.000000 0.000000
vn 1.000000 -0.000000 0.000000
vn 1.000000 -0.000000 0.000000
vn 1.000000 -0.000000 0.000000
vn 1.000000 -0.000000 0.000000
vn 1.000000 -0.000000 0.000000
vn 1.000000 -0.000000 0.000000
vn 0.066986 -0.942183 0.328335
vn 0.063006 -0.972521 0.224128
vn 0.070342 -0.897570 0.435224
vn 0.074050 -0.779110 0.622499
vn 0.074052 -0.778952 0.622696
vn 0.074055 -0.622949 0.778750
vn 0.074045 -0.622094 0.779433
vn 0.070307 -0.433962 0.898184
vn 0.067055 -0.330315 0.941486
vn 0.062860 -0.220618 0.973333
vn 0.052336 -0.000000 0.998630
vn 0.052336 -0.000000 0.998630
vn 0.068762 -0.381778 0.921693
vn 0.074517 -0.705141 0.705141
vn 0.068762 -0.921693 0.381778
vn 0.491864 -0.271374 -0.827300
vn 0.495739 -0.228326 -0.837920
vn 0.473310 -0.403217 -0.783195
vn 0.462471 -0.457476 -0.759497
vn 0.418630 -0.613747 -0.669376
vn 0.418791 -0.613287 -0.669697
vn 0.348577 -0.770408 -0.533821
vn 0.500672 -0.136614 -0.854789
vn 0.500000 0.000000 -0.866025
vn 0.500000 0.000000 -0.866025
vn 0.329066 -0.802888 -0.497079
vn 0.234471 -0.916935 -0.322883
vn 0.204738 -0.941073 -0.269193
vn 0.053727 -0.998553 -0.002415
vn 0.500000 -0.000000 -0.866025
vn 0.500000 -0.000000 -0.866025
vn 0.500000 -0.000000 -0.866025
vn 0.500000 -0.000000 -0.866025
vn 0.500000 -0.000000 -0.866025
vn 0.500000 -0.000000 -0.866025
vn 0.500000 -0.000000 -0.866025
vn 0.500000 -0.000000 -0.866025
vn 0.500000 -0.000000 -0.866025
vn 0.500000 -0.000000 -0.866025
vn 0.500000 -0.000000 -0.866025
vn 0.052336 -0.000000 0.998630
vn 0.052336 -0.000000 0.998630
vn 0.067021 0.329327 0.941834
vn 0.067056 0.330322 0.941483
vn 0.074046 0.622107 0.779423
vn 0.074047 0.622204 0.779346
vn 0.074074 0.777294 0.624762
vn 0.074069 0.777679 0.624283
vn 0.070384 0.896824 0.436753
vn 0.070307 0.898184 0.433962
vn 0.062997 0.972573 0.223905
vn 0.062860 0.973333 0.220618
vn 0.068762 0.921693 0.381778
vn 0.074517 0.705141 0.705141
vn 0.068762 0.381778 0.921693
vn 0.874620 0.484810 0.000000
vn 0.874620 0.484810 0.000000
vn 1.000000 -0.000000 -0.000000
vn 0.874620 0.484810 0.000000
vn 1.000000 0.000000 0.000000
vn 0.874620 0.484810 0.000000
vn 0.529919 0.848048 0.000000
vn 0.529919 0.848048 0.000000
vn 0.529919 0.848048 0.000000
vn 0.529919 0.848048 0.000000
vn 1.000000 0.000374 0.000156
vn 0.972773 0.221385 0.068560
vn 0.875684 0.482885 -0.000069
vn 0.874435 0.463518 0.143228
vn 0.707947 0.674775 0.208541
vn 0.875586 0.402463 0.267158
vn 0.710562 0.586187 0.389212
vn 0.876027 0.329714 0.351944
vn 0.711520 0.480376 0.512814
vn 0.875510 0.222573 0.428886
vn 0.710330 0.324283 0.624717
vn 0.875220 0.193773 0.443217
vn 0.709678 0.282292 0.645499
vn 0.874886 0.164264 0.455622
vn 0.708926 0.239266 0.663457
vn 0.874100 0.103040 0.474692
vn 0.707156 0.150027 0.690957
vn 0.875684 -0.000069 0.482885
vn 0.527948 0.000049 0.849276
vn 0.540441 0.178655 0.822196
vn 0.312842 0.201675 0.928147
vn 0.316657 0.321828 0.892275
vn 0.066502 0.330013 0.941631
vn 0.318272 0.379837 0.868577
vn 0.319669 0.436505 0.840996
vn 0.544353 0.336175 0.768548
vn 0.545370 0.386212 0.743917
vn 0.527948 0.849276 0.000049
vn 0.541745 0.803025 0.248319
vn 0.545864 0.698014 0.463475
vn 0.547272 0.572213 0.610790
vn 0.314753 0.906782 0.280494
vn 0.062320 0.971200 0.229970
vn 0.068910 0.896624 0.437397
vn 0.320492 0.789211 0.523861
vn 0.072747 0.781003 0.620276
vn 0.322323 0.647291 0.690740
vn 0.073352 0.623820 0.778118
vn 0.972697 0.049357 0.226769
vn 1.000000 0.000000 0.000000
vn 1.000000 0.000155 0.000375
vn 1.000000 0.000387 0.000382
vn 0.973019 0.106306 0.204777
vn 0.972952 0.092585 0.211642
vn 0.972876 0.078529 0.217592
vn 0.973038 0.192169 0.127549
vn 0.973139 0.157439 0.167967
vn 0.543185 0.284919 0.789792
vn 0.874620 -0.000000 0.484810
vn 0.874620 -0.000000 0.484810
vn 0.874620 -0.000000 0.484810
vn 0.874620 -0.000000 0.484810
vn 0.529919 -0.000000 0.848048
vn 0.529919 -0.000000 0.848048
vn 0.529919 -0.000000 0.848048
vn 0.529919 -0.000000 0.848048
vn 0.874620 -0.000000 0.484810
vn 0.874620 -0.000000 0.484810
vn 1.000000 -0.000000 -0.000000
vn 0.529919 -0.000000 0.848048
vn 0.529919 -0.000000 0.848048
vn 0.529919 -0.000000 0.848048
vn 0.874620 -0.000000 0.484810
vn 1.000000 -0.000155 0.000375
vn 0.972775 -0.061569 0.223424
vn 0.875684 0.000069 0.482885
vn 0.874444 -0.128662 0.467754
vn 0.707930 -0.187366 0.680977
vn 0.875708 -0.245419 0.415818
vn 0.710777 -0.357591 0.605743
vn 0.876027 -0.329714 0.351944
vn 0.711520 -0.480376 0.512814
vn 0.875392 -0.417783 0.243199
vn 0.710129 -0.608445 0.354276
vn 0.875128 -0.434448 0.213087
vn 0.709530 -0.632643 0.310372
vn 0.874832 -0.449017 0.181806
vn 0.708854 -0.653776 0.264769
vn 0.874126 -0.471734 0.115633
vn 0.707241 -0.686640 0.168333
vn 0.875684 -0.482885 -0.000069
vn 0.527948 -0.849276 0.000049
vn 0.540629 -0.817030 0.200458
vn 0.313171 -0.922316 0.226402
vn 0.316783 -0.879086 0.356169
vn 0.062339 -0.971146 0.230195
vn 0.068844 -0.897346 0.435926
vn 0.318279 -0.851073 0.417579
vn 0.319577 -0.818892 0.476745
vn 0.544254 -0.753135 0.369561
vn 0.545193 -0.724434 0.421853
vn 0.527948 -0.000049 0.849276
vn 0.541638 -0.223110 0.810463
vn 0.546066 -0.425908 0.721397
vn 0.547272 -0.572213 0.610790
vn 0.314510 -0.251924 0.915215
vn 0.066502 -0.329999 0.941636
vn 0.320624 -0.481486 0.815703
vn 0.073352 -0.623819 0.778119
vn 0.322323 -0.647291 0.690740
vn 0.072699 -0.782635 0.618221
vn 0.972703 -0.225340 0.055409
vn 1.000000 0.000000 -0.000000
vn 1.000000 -0.000374 0.000156
vn 1.000000 -0.000387 0.000382
vn 0.972993 -0.199486 0.116145
vn 0.972932 -0.207452 0.101816
vn 0.972864 -0.214426 0.086929
vn 0.973064 -0.117196 0.198521
vn 0.973139 -0.157439 0.167967
vn 0.543184 -0.778179 0.315260
vn 0.874620 -0.484810 -0.000000
vn 0.874620 -0.484810 -0.000000
vn 0.874620 -0.484810 -0.000000
vn 1.000000 -0.000000 -0.000000
vn 0.874620 -0.484810 -0.000000
vn 0.529919 -0.848048 -0.000000
vn 0.529919 -0.848048 -0.000000
vn 0.529919 -0.848048 -0.000000
vn 0.529919 -0.848048 -0.000000
vn 0.999995 -0.003051 -0.000945
vn 1.000000 0.000000 0.000000
vn 0.977183 -0.202990 -0.062517
vn 0.875690 -0.482872 0.001014
vn 0.897294 -0.422459 -0.128027
vn 0.761128 -0.620459 -0.188984
vn 0.913537 -0.348975 -0.208968
vn 0.797936 -0.516580 -0.310553
vn 0.921093 -0.302878 -0.244649
vn 0.815205 -0.450346 -0.364182
vn 0.933038 -0.186998 -0.307364
vn 0.842723 -0.278861 -0.460494
vn 0.936077 -0.135627 -0.324599
vn 0.849821 -0.202375 -0.486671
vn 0.937767 -0.084050 -0.336939
vn 0.853789 -0.124988 -0.505394
vn 0.939931 0.000017 -0.341364
vn 0.765615 -0.000012 -0.643299
vn 0.766461 -0.153851 -0.623592
vn 0.642289 -0.183593 -0.744150
vn 0.632470 -0.297331 -0.715246
vn 0.496104 -0.229288 -0.837442
vn 0.461981 -0.457076 -0.760037
vn 0.615295 -0.407880 -0.674571
vn 0.418732 -0.614093 -0.668995
vn 0.550947 -0.648614 -0.525127
vn 0.348120 -0.769654 -0.535206
vn 0.511332 -0.735786 -0.444026
vn 0.234571 -0.917504 -0.321189
vn 0.428490 -0.864146 -0.263910
vn 0.527936 -0.849284 -0.000659
vn 0.620266 -0.749935 -0.229929
vn 0.500000 0.000000 -0.866025
vn 0.986544 -0.040212 -0.158472
vn 1.000000 -0.000000 -0.000000
vn 0.999997 -0.000774 -0.002409
vn 0.986059 -0.064632 -0.153333
vn 0.999986 -0.003200 -0.004303
vn 0.985284 -0.089247 -0.145778
vn 0.982537 -0.144440 -0.117298
vn 0.999989 -0.004026 -0.002442
vn 0.980840 -0.166961 -0.100380
vn 0.677684 -0.629553 -0.380010
vn 0.704807 -0.551168 -0.446610
vn 0.748433 -0.343055 -0.567593
vn 0.759929 -0.249322 -0.600289
vn 0.499969 -0.000000 -0.866043
vn 0.499996 -0.000000 -0.866028
vn 0.767058 -0.000000 -0.641578
vn 0.786081 -0.000000 -0.618123
vn 0.866017 -0.000000 -0.500015
vn 0.946655 -0.000000 -0.322248
vn 0.921923 -0.000000 -0.387372
vn 0.984877 -0.000000 -0.173253
vn 0.996447 -0.000000 -0.084222
vn 0.998176 -0.000000 -0.060370
vn 1.000000 -0.000000 -0.000000
vn 0.999858 -0.000000 -0.016831
vn 0.999995 -0.000000 -0.003179
vn 1.000000 -0.000000 -0.000203
vn 1.000000 -0.000000 -0.000000
vn 0.999997 0.000774 -0.002409
vn 1.000000 -0.000000 -0.000000
vn 0.986669 0.027725 -0.160362
vn 0.939931 -0.000017 -0.341364
vn 0.938116 0.057668 -0.341486
vn 0.854636 0.085464 -0.512146
vn 0.936880 0.116074 -0.329821
vn 0.851698 0.173062 -0.494632
vn 0.929084 0.235818 -0.284943
vn 0.833505 0.351616 -0.426187
vn 0.921093 0.302878 -0.244649
vn 0.815205 0.450346 -0.364182
vn 0.909934 0.368510 -0.190314
vn 0.789729 0.544640 -0.282302
vn 0.891890 0.440683 -0.101635
vn 0.748944 0.645454 -0.149908
vn 0.875690 0.482872 0.001014
vn 0.527936 0.849284 -0.000659
vn 0.601335 0.777888 -0.182443
vn 0.401421 0.891879 -0.208357
vn 0.492630 0.771992 -0.401677
vn 0.234571 0.917504 -0.321189
vn 0.348120 0.769654 -0.535206
vn 0.550947 0.648614 -0.525127
vn 0.418732 0.614093 -0.668995
vn 0.593162 0.511793 -0.621471
vn 0.461981 0.457076 -0.760037
vn 0.637050 0.254393 -0.727635
vn 0.496104 0.229288 -0.837442
vn 0.644584 0.125287 -0.754198
vn 0.500000 -0.000000 -0.866025
vn 0.765615 0.000012 -0.643299
vn 0.767933 0.105061 -0.631855
vn 0.052336 0.998630 -0.000000
vn 0.975962 0.212103 -0.050100
vn 0.999995 0.003051 -0.000945
vn 0.980032 0.176409 -0.091743
vn 0.999989 0.004026 -0.002442
vn 0.982537 0.144440 -0.117298
vn 0.999986 0.003200 -0.004303
vn 0.984353 0.112435 -0.135676
vn 0.986280 0.055354 -0.155524
vn 0.762992 0.213201 -0.610236
vn 0.733622 0.431940 -0.524621
vn 0.704807 0.551168 -0.446610
vn 0.664825 0.662583 -0.344952
vn 0.500000 -0.000000 -0.866025
vn 0.500000 -0.000000 -0.866025
vn 0.500000 -0.000000 -0.866025
vn 0.500000 -0.000000 -0.866025
vn 0.500000 -0.000000 -0.866025
vn 0.500000 -0.000000 -0.866025
vn 0.500000 -0.000000 -0.866025
vn 0.500000 -0.000000 -0.866025
vn 0.500000 -0.000000 -0.866025
vn 0.500000 -0.000000 -0.866025
vn 1.000000 -0.000000 -0.000000
vn 0.996975 -0.000000 -0.077723
vn 0.939693 -0.000000 -0.342020
vn 0.953709 -0.000000 -0.300732
vn 0.799741 -0.000000 -0.600345
vn 0.766044 -0.000000 -0.642788
vn 0.499974 -0.000000 -0.866040
vn 0.499985 -0.000000 -0.866034
vn 0.719646 -0.000000 -0.694341
vn 0.766044 -0.000000 -0.642788
vn 0.868397 -0.000000 -0.495869
vn 0.939693 -0.000000 -0.342020
vn 0.952530 -0.000000 -0.304445
vn 0.988581 -0.000000 -0.150693
vn 0.998643 -0.000000 -0.052087
vn 0.999942 -0.000000 -0.010754
vn 1.000000 -0.000000 -0.000602
vn 1.000000 -0.000000 -0.000000
vn 0.500672 0.136614 -0.854789
vn 0.495739 0.228326 -0.837920
vn 0.491864 0.271374 -0.827300
vn 0.473310 0.403217 -0.783195
vn 0.462471 0.457476 -0.759497
vn 0.418630 0.613747 -0.669376
vn 0.418791 0.613287 -0.669697
vn 0.348577 0.770408 -0.533821
vn 0.329066 0.802888 -0.497079
vn 0.234471 0.916935 -0.322883
vn 0.204738 0.941073 -0.269193
vn 0.053727 0.998553 -0.002415
vn 0.856619 0.515949 0.000000
vn 0.838871 0.544331 0.000000
vn 0.788405 0.615157 0.000000
vn 0.764154 0.645034 0.000000
vn 0.735382 0.677653 0.000000
vn 0.677421 0.735595 0.000000
vn 0.677419 0.735597 0.000000
vn 0.900397 0.435069 0.000000
vn 0.912417 0.409262 0.000000
vn 0.947766 0.318965 0.000000
vn 0.954989 0.296642 0.000000
vn 0.980233 0.197847 0.000000
vn 0.983717 0.179723 0.000000
vn 0.997287 0.073617 0.000000
vn 0.998186 0.060199 0.000000
vn 0.998659 -0.051770 -0.000000
vn 0.998186 -0.060199 -0.000000
vn 0.984329 -0.176343 -0.000000
vn 0.983717 -0.179723 -0.000000
vn 0.954521 -0.298143 -0.000000
vn 0.954989 -0.296642 -0.000000
vn 0.912417 -0.409262 -0.000000
vn 0.909705 -0.415256 -0.000000
vn 0.856619 -0.515949 -0.000000
vn 0.850584 -0.525839 -0.000000
vn 0.788405 -0.615157 -0.000000
vn 0.778090 -0.628153 -0.000000
vn 0.742756 -0.669563 -0.000000
vn 0.053577 -0.000502 0.998564
vn 0.053474 -0.000639 0.998569
vn 0.262796 -0.094201 0.960242
vn 0.387502 -0.209668 0.897709
vn 0.491955 -0.198416 0.847709
vn 0.465201 -0.251793 0.848639
vn 0.647677 -0.366661 0.667888
vn 0.645744 -0.407914 0.645462
vn 0.753028 -0.435169 0.493536
vn 0.774149 -0.539772 0.330665
vn 0.856915 -0.515457 -0.000129
vn 0.794270 -0.603619 0.069133
vn 0.912343 -0.409427 -0.000241
vn 0.799679 -0.343079 0.492757
vn 0.686813 -0.289001 0.666908
vn 0.716481 -0.206987 0.666191
vn 0.512221 -0.142080 0.847020
vn 0.525711 -0.083445 0.846561
vn 0.278743 -0.039603 0.959549
vn 0.280888 -0.023438 0.959454
vn 0.052426 -0.000012 0.998625
vn 0.281934 -0.007183 0.959407
vn 0.053370 0.000000 0.998575
vn 0.281926 0.007563 0.959406
vn 0.053542 0.000155 0.998566
vn 0.281014 0.022234 0.959446
vn 0.276472 0.051382 0.959647
vn 0.530515 0.046850 0.846380
vn 0.520906 0.108259 0.846721
vn 0.743261 0.068265 0.665510
vn 0.729198 0.157729 0.665877
vn 0.867018 0.081068 0.491638
vn 0.850244 0.187296 0.491940
vn 0.983821 0.179157 -0.000294
vn 0.954950 0.296767 -0.000183
vn 0.954832 -0.297146 -0.000225
vn 0.835071 -0.245767 0.492193
vn 0.736237 -0.121582 0.665712
vn 0.530247 -0.049386 0.846404
vn 0.983702 -0.179804 -0.000219
vn 0.858648 -0.144381 0.491810
vn 0.742880 -0.071961 0.665546
vn 0.532458 -0.015136 0.846321
vn 0.866575 -0.085459 0.491676
vn 0.998218 -0.059675 -0.000279
vn 0.870428 -0.026193 0.491598
vn 0.998179 0.060326 -0.000350
vn 0.870393 0.027575 0.491586
vn 0.912278 0.409571 -0.000161
vn 0.819971 0.291780 0.492456
vn 0.836746 0.240034 0.492179
vn 0.717880 0.202155 0.666169
vn 0.513173 0.138761 0.846994
vn 0.272819 0.065865 0.959808
vn 0.052402 0.000017 0.998626
vn 0.856783 0.515678 -0.000087
vn 0.777295 0.390670 0.493143
vn 0.800140 0.341982 0.492773
vn 0.687190 0.288071 0.666922
vn 0.703817 0.245757 0.666517
vn 0.492206 0.197774 0.847714
vn 0.503566 0.168706 0.847325
vn 0.262919 0.093898 0.960238
vn 0.268283 0.080087 0.960005
vn 0.052772 0.000177 0.998607
vn 0.788405 0.615157 0.000000
vn 0.794249 0.603648 0.069119
vn 0.770006 0.534092 0.349050
vn 0.739276 0.457876 0.493781
vn 0.629946 0.394595 0.668926
vn 0.636134 0.385818 0.668189
vn 0.468658 0.245690 0.848526
vn 0.652738 0.357788 0.667773
vn 0.668030 0.329123 0.667393
vn 0.375516 0.201493 0.904648
vn 0.251792 0.116673 0.960723
vn 0.479112 0.225985 0.848164
vn 0.256734 0.107305 0.960507
vn 0.053082 0.000420 0.998590
vn 0.052613 -0.000073 0.998615
vn 0.272367 -0.067440 0.959827
vn 0.759065 0.424655 0.493446
vn 0.746113 -0.022056 0.665454
vn 0.532444 0.015935 0.846315
vn 0.746087 0.023219 0.665443
vn 0.972168 0.234285 0.000000
vn 0.957952 0.286928 0.000000
vn 0.945693 0.325062 0.000000
vn 0.925050 0.379846 0.000000
vn 0.917257 0.398296 0.000000
vn 0.981547 0.191223 0.000000
vn 0.989950 0.141414 0.000000
vn 0.995604 0.093659 0.000000
vn 0.998882 0.047279 0.000000
vn 0.999988 -0.004815 -0.000000
vn 0.998882 -0.047279 -0.000000
vn 0.994656 -0.103241 -0.000000
vn 0.989950 -0.141414 -0.000000
vn 0.979660 -0.200665 -0.000000
vn 0.972168 -0.234285 -0.000000
vn 0.955145 -0.296139 -0.000000
vn 0.945693 -0.325062 -0.000000
vn 0.921349 -0.388736 -0.000000
vn 0.915328 -0.402708 -0.000000
vn 0.878602 -0.477555 -0.000000
vn 0.878602 -0.477555 -0.000000
vn 0.052736 -0.000000 0.998608
vn 0.052762 -0.000001 0.998607
vn 0.282046 -0.003555 0.959394
vn 0.087652 -0.001748 0.996150
vn 0.199340 -0.015122 0.979814
vn 0.280680 -0.025821 0.959454
vn 0.364245 -0.047794 0.930076
vn 0.529768 -0.054402 0.846396
vn 0.526165 -0.080963 0.846520
vn 0.736887 -0.117965 0.665644
vn 0.557310 -0.101487 0.824079
vn 0.729564 -0.156249 0.665825
vn 0.733654 -0.164824 0.659231
vn 0.850586 -0.185517 0.492023
vn 0.863334 -0.225872 0.451260
vn 0.943774 -0.209261 0.255931
vn 0.931057 -0.259952 0.256041
vn 0.972182 -0.234225 -0.000034
vn 0.929766 -0.275236 0.244500
vn 0.947641 -0.313469 0.060941
vn 0.953716 -0.158010 0.255848
vn 0.989927 -0.141578 -0.000064
vn 0.960883 -0.106187 0.255790
vn 0.998891 -0.047081 -0.000089
vn 0.966636 -0.014621 0.255735
vn 0.998859 0.047755 -0.000171
vn 0.965792 0.042998 0.255729
vn 0.961540 0.100155 0.255755
vn 0.866201 0.088776 0.491747
vn 0.863222 0.113961 0.491793
vn 0.740165 0.095977 0.665541
vn 0.737046 0.117109 0.665619
vn 0.526280 0.080376 0.846504
vn 0.590024 0.111568 0.799640
vn 0.387872 0.053036 0.920186
vn 0.989955 0.141380 -0.000153
vn 0.958148 0.128563 0.255782
vn 0.859502 0.139050 0.491854
vn 0.728937 0.159138 0.665827
vn 0.800195 0.193145 0.567788
vn 0.849833 0.188946 0.492020
vn 0.844684 0.210560 0.492110
vn 0.942912 0.213126 0.255920
vn 0.937055 0.237494 0.255976
vn 0.972279 0.233822 -0.000091
vn 0.930547 0.261778 0.256038
vn 0.947664 0.313401 0.060929
vn 0.917177 0.262806 0.299532
vn 0.953914 0.156860 0.255818
vn 0.234679 0.020900 0.971848
vn 0.280845 0.024355 0.959444
vn 0.528410 0.065872 0.846430
vn 0.132909 0.006050 0.991110
vn 0.281850 0.010455 0.959401
vn 0.532249 0.022027 0.846302
vn 0.532665 -0.007490 0.846293
vn 0.746403 -0.010914 0.665405
vn 0.742163 -0.079267 0.665516
vn 0.865616 -0.094123 0.491783
vn 0.859321 -0.140068 0.491882
vn 0.072921 0.000770 0.997337
vn 0.052817 0.000001 0.998604
vn 0.052763 0.000001 0.998607
vn 0.052736 0.000000 0.998608
vn 0.869932 0.038111 0.491696
vn 0.870670 -0.012960 0.491697
vn 0.745788 0.032095 0.665410
vn 0.742662 0.074765 0.665480
vn 0.530115 0.051313 0.846371
vn 1.000000 -0.000000 0.000000
vn 1.000000 -0.000000 0.000000
vn 1.000000 -0.000000 0.000000
vn 1.000000 -0.000000 0.000000
vn 1.000000 -0.000000 0.000000
vn 1.000000 -0.000000 0.000000
vn 1.000000 -0.000000 0.000000
vn 1.000000 -0.000000 0.000000
vn 1.000000 -0.000000 0.000000
vn 1.000000 -0.000000 0.000000
vn 1.000000 -0.000000 0.000000
vn 1.000000 -0.000000 0.000000
vn 1.000000 -0.000000 0.000000
vn 1.000000 -0.000000 0.000000
vn 1.000000 -0.000000 0.000000
vn 1.000000 -0.000000 0.000000
vn 1.000000 -0.000000 0.000000
vn 1.000000 -0.000000 0.000000
vn 1.000000 -0.000000 0.000000
vn 1.000000 -0.000000 0.000000
vn 1.000000 -0.000000 0.000000
vn 1.000000 -0.000000 0.000000
vn 1.000000 -0.000000 0.000000
vn 1.000000 -0.000000 0.000000
vn 1.000000 -0.000000 0.000000
vn 1.000000 -0.000000 0.000000
vn 1.000000 -0.000000 0.000000
vn 1.000000 -0.000000 0.000000
vn 1.000000 -0.000000 0.000000
vn 1.000000 -0.000000 0.000000
vn 1.000000 -0.000000 0.000000
vn 1.000000 -0.000000 0.000000
vn 1.000000 -0.000000 0.000000
vn 1.000000 -0.000000 0.000000
vn 1.000000 -0.000000 0.000000
vn 1.000000 -0.000000 0.000000
vn 1.000000 -0.000000 0.000000
vn 1.000000 -0.000000 0.000000
vn 1.000000 -0.000000 0.000000
vn 1.000000 -0.000000 0.000000
vn 1.000000 -0.000000 0.000000
vn 1.000000 -0.000000 0.000000
vn 1.000000 -0.000000 0.000000
vn 1.000000 -0.000000 0.000000
vn 1.000000 -0.000000 0.000000
vn 1.000000 -0.000000 0.000000
vn 1.000000 -0.000000 0.000000
vn 1.000000 -0.000000 0.000000
vn 1.000000 -0.000000 0.000000
vn 1.000000 -0.000000 0.000000
vn 1.000000 -0.000000 0.000000
vn 1.000000 -0.000000 0.000000
vn 1.000000 -0.000000 0.000000
vn 1.000000 -0.000000 0.000000
vn 1.000000 -0.000000 0.000000
vn 1.000000 -0.000000 0.000000
vn 1.000000 -0.000000 0.000000
vn 1.000000 -0.000000 0.000000
vn 1.000000 -0.000000 0.000000
vn 1.000000 -0.000000 0.000000
vn 1.000000 -0.000000 0.000000
vn 1.000000 -0.000000 0.000000
vn 1.000000 -0.000000 0.000000
vn 1.000000 -0.000000 0.000000
vn 1.000000 -0.000000 0.000000
vn 1.000000 -0.000000 0.000000
vn 1.000000 -0.000000 0.000000
vn 1.000000 -0.000000 0.000000
vn 1.000000 -0.000000 0.000000
vn 1.000000 -0.000000 0.000000
vn 1.000000 -0.000000 0.000000
vn 1.000000 -0.000000 0.000000
vn 1.000000 -0.000000 0.000000
vn 1.000000 -0.000000 0.000000
vn 1.000000 -0.000000 0.000000
vn 1.000000 -0.000000 0.000000
vn 1.000000 -0.000000 0.000000
vn 1.000000 -0.000000 0.000000
vn 1.000000 -0.000000 0.000000
vn 1.000000 -0.000000 0.000000
vn 1.000000 -0.000000 0.000000
vn 1.000000 -0.000000 0.000000
vn 1.000000 -0.000000 0.000000
vn 1.000000 -0.000000 0.000000
vn 0.707107 0.653281 -0.270598
vn 0.707107 0.707107 -0.000000
vn 0.707107 0.707107 -0.000000
vn 0.707107 0.653281 0.270598
vn 0.707107 0.645974 0.287606
vn 0.707107 0.500000 0.500000
vn 0.707107 0.473147 0.525483
vn 0.707107 0.270598 0.653281
vn 0.707107 0.218508 0.672499
vn 0.707107 -0.000000 0.707107
vn 0.707107 -0.073913 0.703233
vn 0.707107 -0.270598 0.653281
vn 0.707107 -0.353553 0.612372
vn 0.707107 -0.500000 0.500000
vn 0.707107 -0.572061 0.415627
vn 0.707107 -0.653281 0.270598
vn 0.707107 -0.691655 0.147016
vn 0.707107 -0.707107 -0.000000
vn 0.707107 -0.691655 -0.147016
vn 0.707107 -0.653281 -0.270598
vn 0.707107 -0.572061 -0.415627
vn 0.707107 -0.500000 -0.500000
vn 0.707107 -0.353553 -0.612372
vn 0.707107 -0.270598 -0.653281
vn 0.707107 -0.073913 -0.703233
vn 0.707107 -0.000000 -0.707107
vn 0.707107 0.218508 -0.672499
vn 0.707107 0.270598 -0.653281
vn 0.707107 0.473147 -0.525483
vn 0.707107 0.500000 -0.500000
vn 0.707107 0.645974 -0.287606
vn 0.707107 0.653281 -0.270598
vn 0.707107 0.707107 -0.000000
vn 0.707107 0.707107 -0.000000
vn 0.707107 0.653281 0.270598
vn 0.707107 0.645974 0.287606
vn 0.707107 0.500000 0.500000
vn 0.707107 0.473147 0.525483
vn 0.707107 0.270598 0.653281
vn 0.707107 0.218508 0.672499
vn 0.707107 -0.000000 0.707107
vn 0.707107 -0.073913 0.703233
vn 0.707107 -0.270598 0.653281
vn 0.707107 -0.353553 0.612372
vn 0.707107 -0.500000 0.500000
vn 0.707107 -0.572061 0.415627
vn 0.707107 -0.653281 0.270598
vn 0.707107 -0.691655 0.147016
vn 0.707107 -0.707107 -0.000000
vn 0.707107 -0.691655 -0.147016
vn 0.707107 -0.653281 -0.270598
vn 0.707107 -0.572061 -0.415627
vn 0.707107 -0.500000 -0.500000
vn 0.707107 -0.353553 -0.612372
vn 0.707107 -0.270598 -0.653281
vn 0.707107 -0.073913 -0.703233
vn 0.707107 -0.000000 -0.707107
vn 0.707107 0.218508 -0.672499
vn 0.707107 0.270598 -0.653281
vn 0.707107 0.473147 -0.525483
vn 0.707107 0.500000 -0.500000
vn 0.707107 0.645974 -0.287606
vn 1.000000 -0.000000 0.000000
vn 1.000000 -0.000000 0.000000
vn 1.000000 -0.000000 0.000000
vn 1.000000 -0.000000 0.000000
vn 1.000000 -0.000000 0.000000
vn 1.000000 -0.000000 0.000000
vn 1.000000 -0.000000 0.000000
vn 1.000000 -0.000000 0.000000
vn 1.000000 -0.000000 0.000000
vn 1.000000 -0.000000 0.000000
vn 1.000000 -0.000000 0.000000
vn 1.000000 -0.000000 0.000000
vn 1.000000 -0.000000 0.000000
vn 1.000000 -0.000000 0.000000
vn 1.000000 -0.000000 0.000000
vn 1.000000 -0.000000 0.000000
vn 1.000000 -0.000000 0.000000
vn 1.000000 -0.000000 0.000000
vn 1.000000 -0.000000 0.000000
vn 1.000000 -0.000000 0.000000
vn 1.000000 -0.000000 0.000000
vn 1.000000 -0.000000 0.000000
vn 1.000000 -0.000000 0.000000
vn 1.000000 -0.000000 0.000000
vn 1.000000 -0.000000 0.000000
vn 1.000000 -0.000000 0.000000
vn 1.000000 -0.000000 0.000000
vn 1.000000 -0.000000 0.000000
vn 1.000000 -0.000000 0.000000
vn 1.000000 -0.000000 0.000000
vn 1.000000 -0.000000 0.000000
vn 1.000000 -0.000000 0.000000
vn 1.000000 -0.000000 0.000000
vn 1.000000 -0.000000 0.000000
vn 1.000000 -0.000000 0.000000
vn 1.000000 -0.000000 0.000000
vn 1.000000 -0.000000 0.000000
vn 1.000000 -0.000000 0.000000
vn 1.000000 -0.000000 0.000000
vn 1.000000 -0.000000 0.000000
vn 1.000000 -0.000000 0.000000
vn 1.000000 -0.000000 0.000000
vn 1.000000 -0.000000 0.000000
vn 1.000000 -0.000000 0.000000
vn 1.000000 -0.000000 0.000000
vn 1.000000 -0.000000 0.000000
vn 0.707107 0.653281 -0.270598
vn 0.707107 0.707107 -0.000000
vn 0.707107 0.707107 -0.000000
vn 0.707107 0.653281 0.270598
vn 0.707107 0.645974 0.287606
vn 0.707107 0.500000 0.500000
vn 0.707107 0.473147 0.525483
vn 0.707107 0.270598 0.653281
vn 0.707107 0.218508 0.672499
vn 0.707107 -0.000000 0.707107
vn 0.707107 -0.073913 0.703233
vn 0.707107 -0.270598 0.653281
vn 0.707107 -0.353553 0.612372
vn 0.707107 -0.500000 0.500000
vn 0.707107 -0.572061 0.415627
vn 0.707107 -0.653281 0.270598
vn 0.707107 -0.691655 0.147016
vn 0.707107 -0.707107 -0.000000
vn 0.707107 -0.691655 -0.147016
vn 0.707107 -0.653281 -0.270598
vn 0.707107 -0.572061 -0.415627
vn 0.707107 -0.500000 -0.500000
vn 0.707107 -0.353553 -0.612372
vn 0.707107 -0.270598 -0.653281
vn 0.707107 -0.073913 -0.703233
vn 0.707107 -0.000000 -0.707107
vn 0.707107 0.218508 -0.672499
vn 0.707107 0.270598 -0.653281
vn 0.707107 0.473147 -0.525483
vn 0.707107 0.500000 -0.500000
vn 0.707107 0.645974 -0.287606
vn -1.000000 0.000000 0.000000
vn -1.000000 0.000000 0.000000
vn -1.000000 0.000000 0.000000
vn -1.000000 0.000000 0.000000
vn -1.000000 0.000000 0.000000
vn -1.000000 0.000000 0.000000
vn -1.000000 0.000000 0.000000
vn -1.000000 0.000000 0.000000
vn -1.000000 0.000000 0.000000
vn -1.000000 0.000000 0.000000
vn -1.000000 0.000000 0.000000
vn -1.000000 0.000000 0.000000
vn -1.000000 0.000000 0.000000
vn -1.000000 0.000000 0.000000
vn -1.000000 0.000000 0.000000
vn -1.000000 0.000000 0.000000
vn -1.000000 0.000000 0.000000
vn -1.000000 0.000000 0.000000
vn -1.000000 0.000000 0.000000
vn -1.000000 0.000000 0.000000
vn -1.000000 0.000000 0.000000
vn -1.000000 0.000000 0.000000
vn -1.000000 0.000000 0.000000
vn -1.000000 0.000000 0.000000
vn -1.000000 0.000000 0.000000
vn -1.000000 0.000000 0.000000
vn -1.000000 0.000000 0.000000
vn -1.000000 0.000000 0.000000
vn -1.000000 0.000000 0.000000
vn -1.000000 0.000000 0.000000
vn -1.000000 0.000000 0.000000
vn -1.000000 0.000000 0.000000
vn -1.000000 0.000000 0.000000
vn -1.000000 0.000000 0.000000
vn -1.000000 0.000000 0.000000
vn -1.000000 0.000000 0.000000
vn -1.000000 0.000000 0.000000
vn -1.000000 0.000000 0.000000
vn -1.000000 0.000000 0.000000
vn -1.000000 0.000000 0.000000
usemtl Opaque(64,64,64)
f 2/1/1 4/2/2 1/3/3
f 1/3/3 4/2/2 5/4/4
f 1/3/3 5/4/4 30/5/5
f 30/5/5 5/4/4 29/6/6
f 29/6/6 5/4/4 6/7/7
f 29/6/6 6/7/7 28/8/8
f 28/8/8 6/7/7 7/9/9
f 28/8/8 7/9/9 27/10/10
f 27/10/10 7/9/9 8/11/11
f 27/10/10 8/11/11 26/12/12
f 26/12/12 8/11/11 9/13/13
f 26/12/12 9/13/13 25/14/14
f 25/14/14 9/13/13 24/15/15
f 24/15/15 9/13/13 10/16/16
f 24/15/15 10/16/16 23/17/17
f 23/17/17 10/16/16 11/18/18
f 23/17/17 11/18/18 22/19/19
f 22/19/19 11/18/18 12/20/20
f 22/19/19 12/20/20 21/21/21
f 21/21/21 12/20/20 13/22/22
f 21/21/21 13/22/22 20/23/23
f 20/23/23 13/22/22 14/24/24
f 20/23/23 14/24/24 19/25/25
f 19/25/25 14/24/24 18/26/26
f 18/26/26 14/24/24 15/27/27
f 18/26/26 15/27/27 17/28/28
f 17/28/28 15/27/27 16/29/29
f 2/1/1 3/30/30 4/2/2
f 10/31/31 31/32/32 11/33/33
f 11/33/33 31/32/32 32/34/34
f 11/33/33 32/34/34 12/35/35
f 12/35/35 32/34/34 33/36/36
f 12/35/35 33/36/36 13/37/37
f 13/37/37 33/36/36 34/38/38
f 13/37/37 34/38/38 14/39/39
f 14/39/39 34/38/38 35/40/40
f 31/41/32 10/42/31 36/43/41
f 36/43/41 10/42/31 9/44/42
f 5/45/43 37/46/44 6/47/45
f 6/47/45 37/46/44 38/48/46
f 6/47/45 38/48/46 7/49/47
f 7/49/47 38/48/46 39/50/48
f 7/49/47 39/50/48 8/51/49
f 8/51/49 39/50/48 40/52/50
f 8/51/49 40/52/50 9/53/42
f 9/53/42 40/52/50 36/54/41
f 41/55/51 42/56/52 35/57/40
f 35/57/40 42/56/52 14/58/39
f 14/58/39 42/56/52 43/59/53
f 14/58/39 43/59/53 15/60/54
f 4/61/55 44/62/56 5/63/43
f 5/63/43 44/62/56 45/64/57
f 5/63/43 45/64/57 37/65/44
f 37/65/44 45/64/57 46/66/58
f 15/67/59 43/68/60 16/69/61
f 16/69/61 43/68/60 42/70/62
f 16/69/61 42/70/62 17/71/63
f 17/71/63 42/70/62 41/72/64
f 17/71/63 41/72/64 18/73/65
f 41/74/64 35/75/66 18/76/65
f 18/76/65 35/75/66 19/77/67
f 19/78/67 35/79/66 20/80/68
f 20/80/68 35/79/66 34/81/69
f 20/80/68 34/81/69 21/82/70
f 21/82/70 34/81/69 33/83/71
f 21/82/70 33/83/71 22/84/72
f 22/84/72 33/83/71 32/85/73
f 22/84/72 32/85/73 23/86/74
f 23/86/74 32/85/73 31/87/75
f 23/86/74 31/87/75 24/88/76
f 31/89/75 36/90/77 24/91/76
f 24/91/76 36/90/77 25/92/78
f 25/93/78 36/94/77 26/95/79
f 26/95/79 36/94/77 40/96/80
f 26/95/79 40/96/80 27/97/81
f 27/97/81 40/96/80 39/98/82
f 27/97/81 39/98/82 28/99/83
f 28/99/83 39/98/82 38/100/84
f 28/99/83 38/100/84 29/101/85
f 29/101/85 38/100/84 37/102/86
f 29/101/85 37/102/86 30/103/87
f 37/104/86 46/105/88 30/106/87
f 30/106/87 46/105/88 1/107/89
f 1/108/89 46/109/88 2/110/90
f 2/110/90 46/109/88 45/111/91
f 2/110/90 45/111/91 3/112/92
f 3/112/92 45/111/91 44/113/93
f 3/112/92 44/113/93 4/114/94
f 48/115/95 78/116/96 47/117/97
f 47/117/97 78/116/96 79/118/98
f 47/117/97 79/118/98 61/119/99
f 61/119/99 79/118/98 91/120/100
f 61/119/99 91/120/100 60/121/101
f 60/121/101 91/120/100 90/122/102
f 60/121/101 90/122/102 59/123/103
f 59/123/103 90/122/102 77/124/104
f 59/123/103 77/124/104 58/125/105
f 58/126/105 77/127/104 89/128/106
f 58/126/105 89/128/106 57/129/107
f 57/129/107 89/128/106 88/130/108
f 57/129/107 88/130/108 56/131/109
f 56/131/109 88/130/108 87/132/110
f 56/131/109 87/132/110 55/133/111
f 55/133/111 87/132/110 86/134/112
f 55/133/111 86/134/112 54/135/113
f 54/135/113 86/134/112 85/136/114
f 54/135/113 85/136/114 53/137/115
f 53/137/115 85/136/114 84/138/116
f 53/137/115 84/138/116 52/139/117
f 52/139/117 84/138/116 83/140/118
f 52/139/117 83/140/118 51/141/119
f 51/141/119 83/140/118 82/142/120
f 51/141/119 82/142/120 50/143/121
f 50/143/121 82/142/120 81/144/122
f 50/143/121 81/144/122 49/145/123
f 49/145/123 81/144/122 80/146/124
f 49/145/123 80/146/124 48/115/95
f 48/115/95 80/146/124 78/116/96
f 63/147/125 89/128/106 62/148/126
f 62/148/126 89/128/106 77/127/104
f 62/149/126 77/124/104 76/150/127
f 76/150/127 77/124/104 90/122/102
f 76/150/127 90/122/102 75/151/128
f 75/151/128 90/122/102 91/120/100
f 75/151/128 91/120/100 74/152/129
f 74/152/129 91/120/100 79/118/98
f 74/152/129 79/118/98 73/153/130
f 73/153/130 79/118/98 78/116/96
f 73/153/130 78/116/96 72/154/131
f 72/154/131 78/116/96 80/146/124
f 72/154/131 80/146/124 71/155/132
f 71/155/132 80/146/124 81/144/122
f 71/155/132 81/144/122 70/156/133
f 70/156/133 81/144/122 82/142/120
f 70/156/133 82/142/120 69/157/134
f 69/157/134 82/142/120 83/140/118
f 69/157/134 83/140/118 68/158/135
f 68/158/135 83/140/118 84/138/116
f 68/158/135 84/138/116 67/159/136
f 67/159/136 84/138/116 85/136/114
f 67/159/136 85/136/114 66/160/137
f 66/160/137 85/136/114 86/134/112
f 66/160/137 86/134/112 65/161/138
f 65/161/138 86/134/112 87/132/110
f 65/161/138 87/132/110 64/162/139
f 64/162/139 87/132/110 88/130/108
f 64/162/139 88/130/108 63/147/125
f 63/147/125 88/130/108 89/128/106
f 93/163/140 121/164/141 92/165/142
f 92/165/142 121/164/141 122/166/143
f 92/165/142 122/166/143 112/167/144
f 112/167/144 122/166/143 123/168/145
f 112/167/144 123/168/145 111/169/146
f 111/169/146 123/168/145 124/170/147
f 111/169/146 124/170/147 110/171/148
f 110/171/148 124/170/147 125/172/149
f 110/171/148 125/172/149 109/173/150
f 109/173/150 125/172/149 108/174/151
f 108/174/151 125/172/149 126/175/152
f 108/174/151 126/175/152 107/176/153
f 107/176/153 126/175/152 127/177/154
f 107/176/153 127/177/154 106/178/155
f 106/178/155 127/177/154 105/179/156
f 105/179/156 127/177/154 128/180/157
f 105/179/156 128/180/157 104/181/158
f 104/181/158 128/180/157 129/182/159
f 104/181/158 129/182/159 103/183/160
f 103/183/160 129/182/159 102/184/161
f 102/184/161 129/182/159 130/185/162
f 102/184/161 130/185/162 101/186/163
f 101/186/163 130/185/162 131/187/164
f 101/186/163 131/187/164 100/188/165
f 100/188/165 131/187/164 99/189/166
f 99/189/166 131/187/164 132/190/167
f 99/189/166 132/190/167 98/191/168
f 98/191/168 132/190/167 113/192/169
f 98/191/168 113/192/169 97/193/170
f 97/193/170 113/192/169 119/194/171
f 97/195/170 119/196/171 96/197/172
f 96/197/172 119/196/171 95/198/173
f 95/198/173 119/196/171 120/199/174
f 95/198/173 120/199/174 94/200/175
f 94/200/175 120/199/174 121/164/141
f 94/200/175 121/164/141 93/163/140
f 61/201/99 114/202/176 47/203/97
f 47/204/97 114/205/176 133/206/177
f 47/204/97 133/206/177 48/207/95
f 48/207/95 133/206/177 134/208/178
f 48/207/95 134/208/178 49/209/123
f 49/209/123 134/208/178 135/210/179
f 49/209/123 135/210/179 50/211/121
f 50/211/121 135/210/179 136/212/180
f 50/211/121 136/212/180 51/213/119
f 51/213/119 136/212/180 137/214/181
f 51/213/119 137/214/181 52/215/117
f 52/215/117 137/214/181 138/216/182
f 52/215/117 138/216/182 53/217/115
f 53/217/115 138/216/182 139/218/183
f 53/217/115 139/218/183 54/219/113
f 54/219/113 139/218/183 140/220/184
f 54/219/113 140/220/184 55/221/111
f 55/221/111 140/220/184 141/222/185
f 55/221/111 141/222/185 56/223/109
f 56/223/109 141/222/185 142/224/186
f 56/223/109 142/224/186 57/225/107
f 57/225/107 142/224/186 143/226/187
f 57/225/107 143/226/187 58/227/105
f 58/227/105 143/226/187 144/228/188
f 58/227/105 144/228/188 59/229/103
f 59/229/103 144/228/188 145/230/189
f 59/229/103 145/230/189 60/231/101
f 60/231/101 145/230/189 146/232/190
f 60/231/101 146/232/190 61/201/99
f 61/201/99 146/232/190 114/202/176
f 114/205/176 115/233/191 147/234/192
f 147/234/192 115/233/191 161/235/193
f 147/234/192 161/235/193 162/236/194
f 162/236/194 161/235/193 176/237/195
f 162/236/194 176/237/195 177/238/196
f 177/238/196 176/237/195 191/239/197
f 177/238/196 191/239/197 192/240/198
f 192/240/198 191/239/197 129/182/159
f 192/240/198 129/182/159 128/180/157
f 115/233/191 116/241/199 161/235/193
f 161/235/193 116/241/199 175/242/200
f 161/235/193 175/242/200 176/237/195
f 176/237/195 175/242/200 190/243/201
f 176/237/195 190/243/201 191/239/197
f 191/239/197 190/243/201 130/185/162
f 191/239/197 130/185/162 129/182/159
f 114/202/176 146/232/190 115/244/191
f 115/244/191 146/232/190 160/245/202
f 115/244/191 160/245/202 116/246/199
f 116/246/199 160/245/202 174/247/203
f 116/246/199 174/247/203 117/248/204
f 117/248/204 174/247/203 188/249/205
f 117/248/204 188/249/205 118/250/206
f 118/250/206 188/249/205 202/251/207
f 118/250/206 202/251/207 113/252/169
f 113/252/169 202/251/207 119/196/171
f 116/241/199 117/253/204 175/242/200
f 175/242/200 117/253/204 189/254/208
f 175/242/200 189/254/208 190/243/201
f 190/243/201 189/254/208 131/187/164
f 190/243/201 131/187/164 130/185/162
f 117/253/204 118/255/206 189/254/208
f 189/254/208 118/255/206 132/190/167
f 189/254/208 132/190/167 131/187/164
f 118/255/206 113/192/169 132/190/167
f 133/206/177 114/205/176 147/234/192
f 120/199/174 119/196/171 201/256/209
f 201/256/209 119/196/171 202/251/207
f 201/256/209 202/251/207 187/257/210
f 187/257/210 202/251/207 188/249/205
f 187/257/210 188/249/205 173/258/211
f 173/258/211 188/249/205 174/247/203
f 173/258/211 174/247/203 159/259/212
f 159/259/212 174/247/203 160/245/202
f 159/259/212 160/245/202 145/230/189
f 145/230/189 160/245/202 146/232/190
f 121/164/141 120/199/174 200/260/213
f 200/260/213 120/199/174 201/256/209
f 200/260/213 201/256/209 186/261/214
f 186/261/214 201/256/209 187/257/210
f 186/261/214 187/257/210 172/262/215
f 172/262/215 187/257/210 173/258/211
f 172/262/215 173/258/211 158/263/216
f 158/263/216 173/258/211 159/259/212
f 158/263/216 159/259/212 144/228/188
f 144/228/188 159/259/212 145/230/189
f 122/166/143 121/164/141 199/264/217
f 199/264/217 121/164/141 200/260/213
f 199/264/217 200/260/213 185/265/218
f 185/265/218 200/260/213 186/261/214
f 185/265/218 186/261/214 171/266/219
f 171/266/219 186/261/214 172/262/215
f 171/266/219 172/262/215 157/267/220
f 157/267/220 172/262/215 158/263/216
f 157/267/220 158/263/216 143/226/187
f 143/226/187 158/263/216 144/228/188
f 123/168/145 122/166/143 198/268/221
f 198/268/221 122/166/143 199/264/217
f 198/268/221 199/264/217 184/269/222
f 184/269/222 199/264/217 185/265/218
f 184/269/222 185/265/218 170/270/223
f 170/270/223 185/265/218 171/266/219
f 170/270/223 171/266/219 156/271/224
f 156/271/224 171/266/219 157/267/220
f 156/271/224 157/267/220 142/224/186
f 142/224/186 157/267/220 143/226/187
f 124/170/147 123/168/145 197/272/225
f 197/272/225 123/168/145 198/268/221
f 197/272/225 198/268/221 183/273/226
f 183/273/226 198/268/221 184/269/222
f 183/273/226 184/269/222 169/274/227
f 169/274/227 184/269/222 170/270/223
f 169/274/227 170/270/223 155/275/228
f 155/275/228 170/270/223 156/271/224
f 155/275/228 156/271/224 141/222/185
f 141/222/185 156/271/224 142/224/186
f 125/172/149 124/170/147 196/276/229
f 196/276/229 124/170/147 197/272/225
f 196/276/229 197/272/225 182/277/230
f 182/277/230 197/272/225 183/273/226
f 182/277/230 183/273/226 168/278/231
f 168/278/231 183/273/226 169/274/227
f 168/278/231 169/274/227 154/279/232
f 154/279/232 169/274/227 155/275/228
f 154/279/232 155/275/228 140/220/184
f 140/220/184 155/275/228 141/222/185
f 126/175/152 125/172/149 195/280/233
f 195/280/233 125/172/149 196/276/229
f 195/280/233 196/276/229 181/281/234
f 181/281/234 196/276/229 182/277/230
f 181/281/234 182/277/230 167/282/235
f 167/282/235 182/277/230 168/278/231
f 167/282/235 168/278/231 153/283/236
f 153/283/236 168/278/231 154/279/232
f 153/283/236 154/279/232 139/218/183
f 139/218/183 154/279/232 140/220/184
f 127/177/154 126/175/152 194/284/237
f 194/284/237 126/175/152 195/280/233
f 194/284/237 195/280/233 180/285/238
f 180/285/238 195/280/233 181/281/234
f 180/285/238 181/281/234 166/286/239
f 166/286/239 181/281/234 167/282/235
f 166/286/239 167/282/235 152/287/240
f 152/287/240 167/282/235 153/283/236
f 152/287/240 153/283/236 138/216/182
f 138/216/182 153/283/236 139/218/183
f 128/180/157 127/177/154 193/288/241
f 193/288/241 127/177/154 194/284/237
f 193/288/241 194/284/237 179/289/242
f 179/289/242 194/284/237 180/285/238
f 179/289/242 180/285/238 165/290/243
f 165/290/243 180/285/238 166/286/239
f 165/290/243 166/286/239 151/291/244
f 151/291/244 166/286/239 152/287/240
f 151/291/244 152/287/240 137/214/181
f 137/214/181 152/287/240 138/216/182
f 134/208/178 133/206/177 148/292/245
f 148/292/245 133/206/177 147/234/192
f 148/292/245 147/234/192 162/236/194
f 135/210/179 134/208/178 149/293/246
f 149/293/246 134/208/178 148/292/245
f 149/293/246 148/292/245 163/294/247
f 163/294/247 148/292/245 162/236/194
f 163/294/247 162/236/194 177/238/196
f 151/291/244 137/214/181 136/212/180
f 136/212/180 135/210/179 150/295/248
f 150/295/248 135/210/179 149/293/246
f 150/295/248 149/293/246 164/296/249
f 164/296/249 149/293/246 163/294/247
f 164/296/249 163/294/247 178/297/250
f 178/297/250 163/294/247 177/238/196
f 178/297/250 177/238/196 192/240/198
f 165/290/243 151/291/244 150/295/248
f 150/295/248 151/291/244 136/212/180
f 165/290/243 150/295/248 164/296/249
f 179/289/242 165/290/243 164/296/249
f 179/289/242 164/296/249 178/297/250
f 193/288/241 179/289/242 178/297/250
f 193/288/241 178/297/250 192/240/198
f 128/180/157 193/288/241 192/240/198
f 62/298/251 76/299/252 63/300/253
f 63/300/253 76/299/252 64/301/254
f 64/301/254 76/299/252 75/302/255
f 64/301/254 75/302/255 65/303/256
f 65/303/256 75/302/255 74/304/257
f 65/303/256 74/304/257 66/305/258
f 66/305/258 74/304/257 73/306/259
f 66/305/258 73/306/259 67/307/260
f 67/307/260 73/306/259 72/308/261
f 67/307/260 72/308/261 68/309/262
f 68/309/262 72/308/261 71/310/263
f 68/309/262 71/310/263 69/311/264
f 69/311/264 71/310/263 70/312/265
f 260/313/266 203/314/267 222/315/268
f 222/315/268 203/314/267 204/316/269
f 222/315/268 204/316/269 221/317/270
f 221/317/270 204/316/269 205/318/271
f 221/317/270 205/318/271 206/319/272
f 206/319/272 207/320/273 221/317/270
f 221/317/270 207/320/273 208/321/274
f 221/317/270 208/321/274 217/322/275
f 217/322/275 208/321/274 209/323/276
f 217/322/275 209/323/276 216/324/277
f 216/324/277 209/323/276 215/325/278
f 215/325/278 209/323/276 214/326/279
f 214/326/279 209/323/276 213/327/280
f 213/327/280 209/323/276 212/328/281
f 212/328/281 209/323/276 211/329/282
f 211/329/282 209/323/276 210/330/283
f 218/331/284 219/332/285 217/322/275
f 217/322/275 219/332/285 220/333/286
f 217/322/275 220/333/286 221/317/270
f 223/334/287 226/335/288 222/315/268
f 222/315/268 226/335/288 257/336/289
f 222/315/268 257/336/289 258/337/290
f 223/334/287 224/338/291 226/335/288
f 226/335/288 224/338/291 225/339/292
f 227/340/293 255/341/294 226/335/288
f 226/335/288 255/341/294 256/342/295
f 226/335/288 256/342/295 257/336/289
f 228/343/296 229/344/297 227/340/293
f 227/340/293 229/344/297 230/345/298
f 227/340/293 230/345/298 231/346/299
f 232/347/300 250/348/301 231/346/299
f 231/346/299 250/348/301 251/349/302
f 231/346/299 251/349/302 252/350/303
f 233/351/304 236/352/305 232/347/300
f 232/347/300 236/352/305 245/353/306
f 232/347/300 245/353/306 246/354/307
f 233/351/304 234/355/308 236/352/305
f 236/352/305 234/355/308 235/356/309
f 245/353/306 236/352/305 244/357/310
f 244/357/310 236/352/305 237/358/311
f 244/357/310 237/358/311 238/359/312
f 238/359/312 239/360/313 244/357/310
f 244/357/310 239/360/313 240/361/314
f 244/357/310 240/361/314 241/362/315
f 241/362/315 242/363/316 244/357/310
f 244/357/310 242/363/316 243/364/317
f 246/354/307 247/365/318 232/347/300
f 232/347/300 247/365/318 248/366/319
f 232/347/300 248/366/319 249/367/320
f 249/367/320 250/348/301 232/347/300
f 252/350/303 253/368/321 231/346/299
f 231/346/299 253/368/321 254/369/322
f 231/346/299 254/369/322 227/340/293
f 227/340/293 254/369/322 255/341/294
f 258/337/290 259/370/323 222/315/268
f 222/315/268 259/370/323 260/313/266
f 262/371/324 263/372/325 261/373/326
f 261/373/326 263/372/325 264/374/327
f 262/375/328 261/376/329 266/377/330
f 266/377/330 261/376/329 265/378/331
f 268/379/332 269/380/333 267/381/334
f 267/381/334 269/380/333 270/382/335
f 272/383/336 294/384/337 271/385/338
f 271/385/338 294/384/337 283/386/339
f 271/387/338 283/388/339 282/389/340
f 282/389/340 283/388/339 284/390/341
f 282/389/340 284/390/341 281/391/342
f 281/391/342 284/390/341 285/392/343
f 281/391/342 285/392/343 280/393/344
f 280/393/344 285/392/343 286/394/345
f 280/393/344 286/394/345 279/395/346
f 279/395/346 286/394/345 287/396/347
f 279/395/346 287/396/347 278/397/348
f 278/397/348 287/396/347 288/398/349
f 278/397/348 288/398/349 277/399/350
f 277/399/350 288/398/349 289/400/351
f 277/399/350 289/400/351 276/401/352
f 276/401/352 289/400/351 290/402/353
f 276/401/352 290/402/353 275/403/354
f 275/403/354 290/402/353 291/404/355
f 275/403/354 291/404/355 274/405/356
f 274/405/356 291/404/355 292/406/357
f 274/405/356 292/406/357 273/407/358
f 273/407/358 292/406/357 293/408/359
f 273/407/358 293/408/359 272/383/336
f 272/383/336 293/408/359 294/384/337
f 295/409/360 296/410/361 268/411/362
f 268/411/362 296/410/361 297/412/363
f 268/411/362 297/412/363 256/413/364
f 256/413/364 297/412/363 298/414/365
f 255/415/366 321/416/367 256/413/364
f 256/413/364 321/416/367 324/417/368
f 256/413/364 324/417/368 325/418/369
f 299/419/370 300/420/371 255/415/366
f 255/415/366 300/420/371 261/421/372
f 255/415/366 261/421/372 264/422/373
f 301/423/374 265/424/375 300/420/371
f 300/420/371 265/424/375 261/421/372
f 302/425/376 303/426/377 264/422/373
f 264/422/373 303/426/377 304/427/378
f 264/422/373 304/427/378 255/415/366
f 255/415/366 304/427/378 305/428/379
f 255/415/366 305/428/379 308/429/380
f 308/429/380 305/428/379 307/430/381
f 307/430/381 305/428/379 306/431/382
f 308/429/380 309/432/383 255/415/366
f 255/415/366 309/432/383 312/433/384
f 255/415/366 312/433/384 313/434/385
f 310/435/386 311/436/387 309/432/383
f 309/432/383 311/436/387 312/433/384
f 314/437/388 315/438/389 313/434/385
f 313/434/385 315/438/389 316/439/390
f 313/434/385 316/439/390 255/415/366
f 255/415/366 316/439/390 317/440/391
f 255/415/366 317/440/391 320/441/392
f 320/441/392 317/440/391 319/442/393
f 319/442/393 317/440/391 318/443/394
f 320/441/392 321/416/367 255/415/366
f 322/444/395 323/445/396 321/416/367
f 321/416/367 323/445/396 324/417/368
f 326/446/397 327/447/398 325/418/369
f 325/418/369 327/447/398 328/448/399
f 325/418/369 328/448/399 256/413/364
f 256/413/364 328/448/399 329/449/400
f 256/413/364 329/449/400 332/450/401
f 332/450/401 329/449/400 331/451/402
f 331/451/402 329/449/400 330/452/403
f 332/450/401 333/453/404 256/413/364
f 256/413/364 333/453/404 336/454/405
f 256/413/364 336/454/405 337/455/406
f 334/456/407 335/457/408 333/453/404
f 333/453/404 335/457/408 336/454/405
f 338/458/409 339/459/410 337/455/406
f 337/455/406 339/459/410 269/460/411
f 337/455/406 269/460/411 256/413/364
f 256/413/364 269/460/411 268/411/362
f 267/461/412 340/462/413 268/463/414
f 268/463/414 340/462/413 295/464/415
f 295/465/416 340/466/417 296/467/418
f 296/467/418 340/466/417 341/468/419
f 342/469/420 343/470/421 297/471/422
f 297/471/422 343/470/421 298/472/423
f 298/472/423 343/470/421 351/473/424
f 351/473/424 343/470/421 344/474/425
f 351/473/424 344/474/425 350/475/426
f 350/475/426 344/474/425 345/476/427
f 350/475/426 345/476/427 349/477/428
f 349/477/428 345/476/427 346/478/429
f 349/477/428 346/478/429 348/479/430
f 348/479/430 346/478/429 347/480/431
f 296/481/432 341/482/433 297/483/434
f 297/483/434 341/482/433 342/484/435
f 335/485/436 354/486/437 352/487/438
f 352/487/438 354/486/437 355/488/439
f 352/487/438 355/488/439 356/489/440
f 334/490/441 286/491/442 335/485/436
f 335/485/436 286/491/442 285/492/443
f 335/485/436 285/492/443 284/493/444
f 353/494/445 289/495/446 334/490/441
f 334/490/441 289/495/446 288/496/447
f 334/490/441 288/496/447 287/497/448
f 352/487/438 357/498/449 353/494/445
f 353/494/445 357/498/449 358/499/450
f 353/494/445 358/499/450 359/500/451
f 294/501/452 365/502/453 283/503/454
f 283/503/454 365/502/453 354/486/437
f 283/503/454 354/486/437 335/485/436
f 365/502/453 294/501/452 364/504/455
f 364/504/455 294/501/452 293/505/456
f 364/504/455 293/505/456 363/506/457
f 363/506/457 293/505/456 292/507/458
f 363/506/457 292/507/458 362/508/459
f 362/508/459 292/507/458 291/509/460
f 362/508/459 291/509/460 361/510/461
f 361/510/461 291/509/460 290/511/462
f 361/510/461 290/511/462 360/512/463
f 360/512/463 290/511/462 289/495/446
f 360/512/463 289/495/446 353/494/445
f 287/497/448 286/491/442 334/490/441
f 284/493/444 283/503/454 335/485/436
f 356/489/440 357/498/449 352/487/438
f 359/500/451 360/512/463 353/494/445
f 367/513/464 355/514/465 366/515/466
f 366/515/466 355/514/465 354/516/467
f 366/517/466 354/518/467 377/519/468
f 377/519/468 354/518/467 365/520/469
f 377/519/468 365/520/469 376/521/470
f 376/521/470 365/520/469 364/522/471
f 376/521/470 364/522/471 375/523/472
f 375/523/472 364/522/471 363/524/473
f 375/523/472 363/524/473 374/525/474
f 374/525/474 363/524/473 362/526/475
f 374/525/474 362/526/475 373/527/476
f 373/527/476 362/526/475 361/528/477
f 373/527/476 361/528/477 372/529/478
f 372/529/478 361/528/477 360/530/479
f 372/529/478 360/530/479 371/531/480
f 371/531/480 360/530/479 359/532/481
f 371/531/480 359/532/481 370/533/482
f 370/533/482 359/532/481 358/534/483
f 370/533/482 358/534/483 369/535/484
f 369/535/484 358/534/483 357/536/485
f 369/535/484 357/536/485 368/537/486
f 368/537/486 357/536/485 356/538/487
f 368/537/486 356/538/487 367/513/464
f 367/513/464 356/538/487 355/514/465
f 317/539/488 316/540/489 378/541/490
f 378/541/490 316/540/489 379/542/491
f 318/543/492 317/544/493 380/545/494
f 380/545/494 317/544/493 378/546/495
f 381/547/496 319/548/497 380/549/498
f 380/549/498 319/548/497 318/550/499
f 382/551/500 320/552/501 381/553/502
f 381/553/502 320/552/501 319/554/503
f 321/555/504 320/556/505 383/557/506
f 383/557/506 320/556/505 382/558/507
f 322/559/508 321/560/509 384/561/510
f 384/561/510 321/560/509 383/562/511
f 385/563/512 323/564/513 384/565/514
f 384/565/514 323/564/513 322/566/515
f 386/567/516 324/568/517 385/569/518
f 385/569/518 324/568/517 323/570/519
f 325/571/520 324/572/521 387/573/522
f 387/573/522 324/572/521 386/574/523
f 326/575/524 325/576/525 388/577/526
f 388/577/526 325/576/525 387/578/527
f 389/579/528 327/580/529 388/581/530
f 388/581/530 327/580/529 326/582/531
f 391/583/532 413/584/533 390/585/534
f 390/585/534 413/584/533 402/586/535
f 390/587/534 402/588/535 401/589/536
f 401/589/536 402/588/535 403/590/537
f 401/589/536 403/590/537 400/591/538
f 400/591/538 403/590/537 404/592/539
f 400/591/538 404/592/539 399/593/540
f 399/593/540 404/592/539 405/594/541
f 399/593/540 405/594/541 398/595/542
f 398/595/542 405/594/541 406/596/543
f 398/595/542 406/596/543 397/597/544
f 397/597/544 406/596/543 407/598/545
f 397/597/544 407/598/545 396/599/546
f 396/599/546 407/598/545 408/600/547
f 396/599/546 408/600/547 395/601/548
f 395/601/548 408/600/547 409/602/549
f 395/601/548 409/602/549 394/603/550
f 394/603/550 409/602/549 410/604/551
f 394/603/550 410/604/551 393/605/552
f 393/605/552 410/604/551 411/606/553
f 393/605/552 411/606/553 392/607/554
f 392/607/554 411/606/553 412/608/555
f 392/607/554 412/608/555 391/583/532
f 391/583/532 412/608/555 413/584/533
f 415/609/556 437/610/557 414/611/558
f 414/611/558 437/610/557 426/612/559
f 414/613/558 426/614/559 425/615/560
f 425/615/560 426/614/559 427/616/561
f 425/615/560 427/616/561 424/617/562
f 424/617/562 427/616/561 428/618/563
f 424/617/562 428/618/563 423/619/564
f 423/619/564 428/618/563 429/620/565
f 423/619/564 429/620/565 422/621/566
f 422/621/566 429/620/565 430/622/567
f 422/621/566 430/622/567 421/623/568
f 421/623/568 430/622/567 431/624/569
f 421/623/568 431/624/569 420/625/570
f 420/625/570 431/624/569 432/626/571
f 420/625/570 432/626/571 419/627/572
f 419/627/572 432/626/571 433/628/573
f 419/627/572 433/628/573 418/629/574
f 418/629/574 433/628/573 434/630/575
f 418/629/574 434/630/575 417/631/576
f 417/631/576 434/630/575 435/632/577
f 417/631/576 435/632/577 416/633/578
f 416/633/578 435/632/577 436/634/579
f 416/633/578 436/634/579 415/609/556
f 415/609/556 436/634/579 437/610/557
f 438/635/580 439/636/581 447/637/582
f 447/637/582 439/636/581 440/638/583
f 447/637/582 440/638/583 446/639/584
f 446/639/584 440/638/583 441/640/585
f 446/639/584 441/640/585 445/641/586
f 445/641/586 441/640/585 442/642/587
f 445/641/586 442/642/587 444/643/588
f 444/643/588 442/642/587 443/644/589
f 448/645/590 449/646/591 438/647/580
f 438/647/580 449/646/591 439/648/581
f 450/649/592 451/650/593 457/651/594
f 457/651/594 451/650/593 452/652/595
f 457/651/594 452/652/595 456/653/596
f 456/653/596 452/652/595 453/654/597
f 456/653/596 453/654/597 455/655/598
f 455/655/598 453/654/597 454/656/599
f 455/655/598 454/656/599 448/657/590
f 448/657/590 454/656/599 449/658/591
f 458/659/600 459/660/601 450/661/592
f 450/661/592 459/660/601 451/662/593
f 460/663/602 461/664/603 467/665/604
f 467/665/604 461/664/603 462/666/605
f 467/665/604 462/666/605 466/667/606
f 466/667/606 462/666/605 463/668/607
f 466/667/606 463/668/607 465/669/608
f 465/669/608 463/668/607 464/670/609
f 465/669/608 464/670/609 458/671/600
f 458/671/600 464/670/609 459/672/601
f 468/673/610 469/674/611 460/675/602
f 460/675/602 469/674/611 461/676/603
f 470/677/612 471/678/613 477/679/614
f 477/679/614 471/678/613 472/680/615
f 477/679/614 472/680/615 476/681/616
f 476/681/616 472/680/615 473/682/617
f 476/681/616 473/682/617 475/683/618
f 475/683/618 473/682/617 474/684/619
f 475/683/618 474/684/619 468/685/610
f 468/685/610 474/684/619 469/686/611
f 444/687/588 443/688/589 470/689/612
f 470/689/612 443/688/589 471/690/613
f 469/691/620 485/692/621 461/693/622
f 461/693/622 485/692/621 486/694/623
f 461/693/622 486/694/623 487/695/624
f 478/696/625 481/697/626 469/691/620
f 469/691/620 481/697/626 482/698/627
f 469/691/620 482/698/627 483/699/628
f 479/700/629 480/701/630 478/696/625
f 478/696/625 480/701/630 481/697/626
f 483/699/628 484/702/631 469/691/620
f 469/691/620 484/702/631 485/692/621
f 487/695/624 488/703/632 461/693/622
f 461/693/622 488/703/632 489/704/633
f 461/693/622 489/704/633 492/705/634
f 492/705/634 489/704/633 490/706/635
f 492/705/634 490/706/635 491/707/636
f 478/708/625 469/709/620 496/710/637
f 496/710/637 469/709/620 474/711/638
f 496/710/637 474/711/638 495/712/639
f 495/712/639 474/711/638 473/713/640
f 495/712/639 473/713/640 494/714/641
f 494/714/641 473/713/640 472/715/642
f 494/714/641 472/715/642 493/716/643
f 493/716/643 472/715/642 471/717/644
f 471/718/644 443/719/645 493/720/643
f 493/720/643 443/719/645 497/721/646
f 499/722/647 238/723/648 498/724/649
f 498/724/649 238/723/648 237/725/650
f 491/726/651 500/727/652 237/728/653
f 237/728/653 500/727/652 498/729/654
f 479/730/655 501/731/656 480/732/657
f 480/732/657 501/731/656 502/733/658
f 503/734/659 490/735/660 512/736/661
f 512/736/661 490/735/660 489/737/662
f 512/736/661 489/737/662 511/738/663
f 511/738/663 489/737/662 488/739/664
f 511/738/663 488/739/664 510/740/665
f 510/740/665 488/739/664 487/741/666
f 510/740/665 487/741/666 509/742/667
f 509/742/667 487/741/666 486/743/668
f 509/742/667 486/743/668 508/744/669
f 508/744/669 486/743/668 485/745/670
f 508/744/669 485/745/670 507/746/671
f 507/746/671 485/745/670 484/747/672
f 507/746/671 484/747/672 506/748/673
f 506/748/673 484/747/672 483/749/674
f 506/748/673 483/749/674 505/750/675
f 505/750/675 483/749/674 482/751/676
f 505/750/675 482/751/676 504/752/677
f 504/752/677 482/751/676 481/753/678
f 504/752/677 481/753/678 502/754/658
f 502/754/658 481/753/678 480/755/657
f 503/756/659 500/757/679 490/758/660
f 490/758/660 500/757/679 491/759/680
f 513/760/681 501/761/682 216/762/683
f 216/762/683 501/761/682 479/763/684
f 243/764/685 242/765/686 514/766/687
f 514/766/687 242/765/686 517/767/688
f 517/767/688 242/765/686 241/768/689
f 517/767/688 241/768/689 516/769/690
f 516/769/690 241/768/689 240/770/691
f 516/769/690 240/770/691 515/771/692
f 515/771/692 240/770/691 239/772/693
f 515/771/692 239/772/693 499/773/647
f 499/773/647 239/772/693 238/774/648
f 215/775/694 214/776/695 518/777/696
f 518/777/696 214/776/695 522/778/697
f 522/778/697 214/776/695 213/779/698
f 522/778/697 213/779/698 521/780/699
f 521/780/699 213/779/698 212/781/700
f 521/780/699 212/781/700 520/782/701
f 520/782/701 212/781/700 211/783/702
f 520/782/701 211/783/702 519/784/703
f 519/784/703 211/783/702 210/785/704
f 216/786/705 215/787/694 513/788/706
f 513/788/706 215/787/694 518/789/696
f 479/790/707 478/791/708 216/792/709
f 216/792/709 478/791/708 217/793/710
f 282/794/711 278/795/712 271/796/713
f 271/796/713 278/795/712 277/797/714
f 271/796/713 277/797/714 272/798/715
f 272/798/715 277/797/714 276/799/716
f 272/798/715 276/799/716 273/800/717
f 273/800/717 276/799/716 275/801/718
f 273/800/717 275/801/718 274/802/719
f 278/795/712 282/794/711 279/803/720
f 279/803/720 282/794/711 281/804/721
f 279/803/720 281/804/721 280/805/722
f 377/806/723 373/807/724 366/808/725
f 366/808/725 373/807/724 372/809/726
f 366/808/725 372/809/726 367/810/727
f 367/810/727 372/809/726 371/811/728
f 367/810/727 371/811/728 368/812/729
f 368/812/729 371/811/728 370/813/730
f 368/812/729 370/813/730 369/814/731
f 373/807/724 377/806/723 374/815/732
f 374/815/732 377/806/723 376/816/733
f 374/815/732 376/816/733 375/817/734
f 401/818/735 397/819/736 390/820/737
f 390/820/737 397/819/736 396/821/738
f 390/820/737 396/821/738 391/822/739
f 391/822/739 396/821/738 395/823/740
f 391/822/739 395/823/740 392/824/741
f 392/824/741 395/823/740 394/825/742
f 392/824/741 394/825/742 393/826/743
f 397/819/736 401/818/735 398/827/744
f 398/827/744 401/818/735 400/828/745
f 398/827/744 400/828/745 399/829/746
f 425/830/747 421/831/748 414/832/749
f 414/832/749 421/831/748 420/833/750
f 414/832/749 420/833/750 415/834/751
f 415/834/751 420/833/750 419/835/752
f 415/834/751 419/835/752 416/836/753
f 416/836/753 419/835/752 418/837/754
f 416/836/753 418/837/754 417/838/755
f 421/831/748 425/830/747 422/839/756
f 422/839/756 425/830/747 424/840/757
f 422/839/756 424/840/757 423/841/758
f 307/842/759 402/843/760 523/844/761
f 523/844/761 402/843/760 413/845/762
f 523/844/761 413/845/762 412/846/763
f 306/847/764 429/848/765 307/842/759
f 307/842/759 429/848/765 428/849/766
f 307/842/759 428/849/766 427/850/767
f 524/851/768 432/852/769 306/847/764
f 306/847/764 432/852/769 431/853/770
f 306/847/764 431/853/770 430/854/771
f 523/844/761 411/855/772 524/851/768
f 524/851/768 411/855/772 410/856/773
f 524/851/768 410/856/773 409/857/774
f 412/846/763 411/855/772 523/844/761
f 409/857/774 408/858/775 524/851/768
f 524/851/768 408/858/775 432/852/769
f 432/852/769 408/858/775 433/859/776
f 433/859/776 408/858/775 407/860/777
f 433/859/776 407/860/777 434/861/778
f 434/861/778 407/860/777 406/862/779
f 434/861/778 406/862/779 435/863/780
f 435/863/780 406/862/779 405/864/781
f 435/863/780 405/864/781 436/865/782
f 436/865/782 405/864/781 404/866/783
f 436/865/782 404/866/783 437/867/784
f 437/867/784 404/866/783 403/868/785
f 437/867/784 403/868/785 426/869/786
f 426/869/786 403/868/785 402/843/760
f 426/869/786 402/843/760 307/842/759
f 430/854/771 429/848/765 306/847/764
f 427/850/767 426/869/786 307/842/759
f 497/870/646 443/871/645 528/872/787
f 528/872/787 443/871/645 442/873/788
f 528/872/787 442/873/788 527/874/789
f 527/874/789 442/873/788 441/875/790
f 527/874/789 441/875/790 526/876/791
f 526/876/791 441/875/790 440/877/792
f 526/876/791 440/877/792 525/878/793
f 525/878/793 440/877/792 439/879/794
f 529/880/795 525/881/793 449/882/796
f 449/882/796 525/881/793 439/883/794
f 256/884/364 298/885/365 257/886/797
f 257/886/797 298/885/365 351/887/798
f 257/886/797 351/887/798 258/888/799
f 258/888/799 351/887/798 350/889/800
f 258/888/799 350/889/800 259/890/801
f 259/890/801 350/889/800 349/891/802
f 259/890/801 349/891/802 260/892/803
f 260/892/803 349/891/802 348/893/804
f 260/892/803 348/893/804 203/894/805
f 348/895/804 347/896/806 203/897/805
f 203/897/805 347/896/806 204/898/807
f 302/899/808 530/900/809 303/901/810
f 303/901/810 530/900/809 531/902/811
f 266/903/812 265/904/813 532/905/814
f 532/905/814 265/904/813 301/906/815
f 533/907/816 311/908/817 534/909/818
f 534/909/818 311/908/817 310/910/819
f 535/911/820 315/912/821 536/913/822
f 536/913/822 315/912/821 314/914/823
f 330/915/824 537/916/825 331/917/826
f 331/917/826 537/916/825 538/918/827
f 338/919/828 539/920/829 339/921/830
f 339/921/830 539/920/829 540/922/831
f 541/923/832 539/924/833 337/925/834
f 337/925/834 539/924/833 338/926/835
f 542/927/836 541/928/837 336/929/838
f 336/929/838 541/928/837 337/930/839
f 335/931/840 352/932/841 336/933/842
f 336/933/842 352/932/841 542/934/843
f 543/935/844 328/936/845 389/937/846
f 389/937/846 328/936/845 327/938/847
f 329/939/848 328/940/849 544/941/850
f 544/941/850 328/940/849 543/942/851
f 544/943/852 537/944/853 329/945/854
f 329/945/854 537/944/853 330/946/855
f 314/947/856 313/948/857 536/949/858
f 536/949/858 313/948/857 545/950/859
f 313/951/860 312/952/861 545/953/862
f 545/953/862 312/952/861 546/954/863
f 546/955/864 312/956/865 533/957/866
f 533/957/866 312/956/865 311/958/867
f 547/959/868 308/960/869 523/961/870
f 523/961/870 308/960/869 307/962/871
f 547/963/872 548/964/873 308/965/874
f 308/965/874 548/964/873 309/966/875
f 548/967/876 534/968/877 309/969/878
f 309/969/878 534/968/877 310/970/879
f 549/971/880 550/972/881 558/973/882
f 558/973/882 550/972/881 557/974/883
f 557/974/883 550/972/881 551/975/884
f 557/974/883 551/975/884 556/976/885
f 556/976/885 551/975/884 552/977/886
f 556/976/885 552/977/886 555/978/887
f 555/978/887 552/977/886 553/979/888
f 555/978/887 553/979/888 299/980/889
f 299/980/889 553/979/888 300/981/890
f 300/981/890 553/979/888 554/982/891
f 554/983/892 532/984/893 300/985/894
f 300/985/894 532/984/893 301/986/895
f 270/987/896 269/988/897 540/989/898
f 540/989/898 269/988/897 339/990/899
f 559/991/900 332/992/901 538/993/902
f 538/993/902 332/992/901 331/994/903
f 559/995/904 560/996/905 332/997/906
f 332/997/906 560/996/905 333/998/907
f 560/999/908 353/1000/909 333/1001/910
f 333/1001/910 353/1000/909 334/1002/911
f 379/1003/912 316/1004/913 535/1005/914
f 535/1005/914 316/1004/913 315/1006/915
f 561/1007/916 304/1008/917 531/1009/918
f 531/1009/918 304/1008/917 303/1010/919
f 561/1011/920 562/1012/921 304/1013/922
f 304/1013/922 562/1012/921 305/1014/923
f 562/1015/924 524/1016/925 305/1017/926
f 305/1017/926 524/1016/925 306/1018/927
f 263/1019/928 530/1020/929 264/1021/930
f 264/1021/930 530/1020/929 302/1022/931
f 204/1023/807 347/1024/806 205/1025/932
f 205/1025/932 347/1024/806 346/1026/933
f 205/1025/932 346/1026/933 206/1027/934
f 206/1027/934 346/1026/933 345/1028/935
f 206/1027/934 345/1028/935 207/1029/936
f 207/1029/936 345/1028/935 344/1030/937
f 207/1029/936 344/1030/937 208/1031/938
f 208/1031/938 344/1030/937 343/1032/939
f 208/1031/938 343/1032/939 209/1033/940
f 244/1034/941 553/1035/942 245/1036/943
f 245/1036/943 553/1035/942 552/1037/944
f 245/1036/943 552/1037/944 246/1038/945
f 246/1038/945 552/1037/944 551/1039/946
f 246/1038/945 551/1039/946 247/1040/947
f 247/1040/947 551/1039/946 550/1041/948
f 247/1040/947 550/1041/948 248/1042/949
f 248/1042/949 550/1041/948 549/1043/950
f 248/1042/949 549/1043/950 249/1044/951
f 250/1045/952 558/1046/953 251/1047/954
f 251/1047/954 558/1046/953 557/1048/955
f 251/1047/954 557/1048/955 252/1049/956
f 252/1049/956 557/1048/955 556/1050/957
f 252/1049/956 556/1050/957 253/1051/958
f 253/1051/958 556/1050/957 555/1052/959
f 253/1051/958 555/1052/959 254/1053/960
f 254/1053/960 555/1052/959 299/1054/370
f 254/1053/960 299/1054/370 255/1055/366
f 549/1056/950 558/1057/953 249/1058/951
f 249/1058/951 558/1057/953 250/1059/952
f 514/1060/687 519/1061/703 243/1062/685
f 243/1062/685 519/1061/703 210/1063/704
f 243/1062/685 210/1063/704 382/1064/961
f 382/1064/961 210/1063/704 383/1065/962
f 383/1065/962 210/1063/704 386/1066/963
f 383/1065/962 386/1066/963 384/1067/964
f 384/1067/964 386/1066/963 385/1068/965
f 209/1069/940 560/1070/966 210/1063/704
f 210/1063/704 560/1070/966 559/1071/967
f 210/1063/704 559/1071/967 544/1072/968
f 544/1072/968 559/1071/967 537/1073/969
f 537/1073/969 559/1071/967 538/1074/970
f 343/1075/939 342/1076/971 209/1069/940
f 209/1069/940 342/1076/971 267/1077/972
f 209/1069/940 267/1077/972 270/1078/973
f 341/1079/974 340/1080/975 342/1076/971
f 342/1076/971 340/1080/975 267/1077/972
f 540/1081/976 539/1082/977 270/1078/973
f 270/1078/973 539/1082/977 541/1083/978
f 270/1078/973 541/1083/978 209/1069/940
f 209/1069/940 541/1083/978 542/1084/979
f 209/1069/940 542/1084/979 560/1070/966
f 560/1070/966 542/1084/979 353/1085/980
f 353/1085/980 542/1084/979 352/1086/981
f 544/1072/968 543/1087/982 210/1063/704
f 210/1063/704 543/1087/982 387/1088/983
f 210/1063/704 387/1088/983 386/1066/963
f 389/1089/984 388/1090/985 543/1087/982
f 543/1087/982 388/1090/985 387/1088/983
f 381/1091/986 380/1092/987 382/1064/961
f 382/1064/961 380/1092/987 378/1093/988
f 382/1064/961 378/1093/988 243/1062/685
f 243/1062/685 378/1093/988 379/1094/989
f 243/1062/685 379/1094/989 545/1095/990
f 545/1095/990 379/1094/989 536/1096/991
f 536/1096/991 379/1094/989 535/1097/992
f 545/1095/990 546/1098/993 243/1062/685
f 243/1062/685 546/1098/993 548/1099/994
f 243/1062/685 548/1099/994 547/1100/995
f 533/1101/996 534/1102/997 546/1098/993
f 546/1098/993 534/1102/997 548/1099/994
f 523/1103/998 524/1104/999 547/1100/995
f 547/1100/995 524/1104/999 562/1105/1000
f 547/1100/995 562/1105/1000 244/1106/941
f 244/1106/941 562/1105/1000 561/1107/1001
f 244/1106/941 561/1107/1001 263/1108/1002
f 263/1108/1002 561/1107/1001 530/1109/1003
f 530/1109/1003 561/1107/1001 531/1110/1004
f 263/1108/1002 262/1111/1005 244/1106/941
f 244/1106/941 262/1111/1005 554/1112/1006
f 244/1106/941 554/1112/1006 553/1113/942
f 266/1114/1007 532/1115/1008 262/1111/1005
f 262/1111/1005 532/1115/1008 554/1112/1006
f 244/1106/941 243/1062/685 547/1100/995
f 493/1116/1009 221/1117/1010 494/1118/1011
f 494/1118/1011 221/1117/1010 220/1119/1012
f 494/1118/1011 220/1119/1012 495/1120/1013
f 495/1120/1013 220/1119/1012 219/1121/1014
f 495/1120/1013 219/1121/1014 496/1122/1015
f 496/1122/1015 219/1121/1014 218/1123/1016
f 496/1122/1015 218/1123/1016 478/1124/708
f 478/1124/708 218/1123/1016 217/1125/710
f 222/1126/1017 221/1127/1010 497/1128/1018
f 497/1128/1018 221/1127/1010 493/1129/1009
f 525/1130/1019 226/1131/1020 526/1132/1021
f 526/1132/1021 226/1131/1020 225/1133/1022
f 526/1132/1021 225/1133/1022 527/1134/1023
f 527/1134/1023 225/1133/1022 224/1135/1024
f 527/1134/1023 224/1135/1024 528/1136/1025
f 528/1136/1025 224/1135/1024 223/1137/1026
f 528/1136/1025 223/1137/1026 497/1138/1018
f 497/1138/1018 223/1137/1026 222/1139/1017
f 227/1140/1027 226/1141/1020 529/1142/1028
f 529/1142/1028 226/1141/1020 525/1143/1019
f 563/1144/1029 231/1145/1030 566/1146/1031
f 566/1146/1031 231/1145/1030 230/1147/1032
f 566/1146/1031 230/1147/1032 565/1148/1033
f 565/1148/1033 230/1147/1032 229/1149/1034
f 565/1148/1033 229/1149/1034 564/1150/1035
f 564/1150/1035 229/1149/1034 228/1151/1036
f 564/1150/1035 228/1151/1036 529/1152/1028
f 529/1152/1028 228/1151/1036 227/1153/1027
f 232/1154/1037 231/1155/1030 567/1156/1038
f 567/1156/1038 231/1155/1030 563/1157/1029
f 492/1158/1039 236/1159/1040 570/1160/1041
f 570/1160/1041 236/1159/1040 235/1161/1042
f 570/1160/1041 235/1161/1042 569/1162/1043
f 569/1162/1043 235/1161/1042 234/1163/1044
f 569/1162/1043 234/1163/1044 568/1164/1045
f 568/1164/1045 234/1163/1044 233/1165/1046
f 568/1164/1045 233/1165/1046 567/1166/1038
f 567/1166/1038 233/1165/1046 232/1167/1037
f 237/1168/1047 236/1169/1040 491/1170/1048
f 491/1170/1048 236/1169/1040 492/1171/1039
f 567/1172/1049 459/1173/1050 568/1174/1051
f 568/1174/1051 459/1173/1050 464/1175/1052
f 568/1174/1051 464/1175/1052 569/1176/1053
f 569/1176/1053 464/1175/1052 463/1177/1054
f 569/1176/1053 463/1177/1054 570/1178/1055
f 570/1178/1055 463/1177/1054 462/1179/1056
f 570/1178/1055 462/1179/1056 492/1180/634
f 492/1180/634 462/1179/1056 461/1181/622
f 451/1182/1057 459/1183/1050 563/1184/1058
f 563/1184/1058 459/1183/1050 567/1185/1049
f 529/1186/795 449/1187/796 564/1188/1059
f 564/1188/1059 449/1187/796 454/1189/1060
f 564/1188/1059 454/1189/1060 565/1190/1061
f 565/1190/1061 454/1189/1060 453/1191/1062
f 565/1190/1061 453/1191/1062 566/1192/1063
f 566/1192/1063 453/1191/1062 452/1193/1064
f 566/1192/1063 452/1193/1064 563/1194/1058
f 563/1194/1058 452/1193/1064 451/1195/1057
f 93/1196/1065 92/1197/1066 571/1198/1067
f 571/1199/1067 92/1200/1066 112/1201/1068
f 571/1199/1067 112/1201/1068 586/1202/1069
f 586/1202/1069 112/1201/1068 111/1203/1070
f 586/1202/1069 111/1203/1070 585/1204/1071
f 585/1204/1071 111/1203/1070 110/1205/1072
f 585/1204/1071 110/1205/1072 584/1206/1073
f 584/1206/1073 110/1205/1072 109/1207/1074
f 584/1206/1073 109/1207/1074 583/1208/1075
f 583/1208/1075 109/1207/1074 108/1209/1076
f 583/1208/1075 108/1209/1076 107/1210/1077
f 583/1208/1075 107/1210/1077 582/1211/1078
f 582/1211/1078 107/1210/1077 106/1212/1079
f 582/1211/1078 106/1212/1079 581/1213/1080
f 581/1213/1080 106/1212/1079 105/1214/1081
f 581/1213/1080 105/1214/1081 580/1215/1082
f 580/1215/1082 105/1214/1081 104/1216/1083
f 580/1215/1082 104/1216/1083 103/1217/1084
f 580/1215/1082 103/1217/1084 579/1218/1085
f 579/1218/1085 103/1217/1084 102/1219/1086
f 579/1218/1085 102/1219/1086 578/1220/1087
f 578/1220/1087 102/1219/1086 101/1221/1088
f 578/1220/1087 101/1221/1088 577/1222/1089
f 577/1222/1089 101/1221/1088 100/1223/1090
f 577/1222/1089 100/1223/1090 99/1224/1091
f 577/1222/1089 99/1224/1091 576/1225/1092
f 576/1225/1092 99/1224/1091 98/1226/1093
f 576/1225/1092 98/1226/1093 575/1227/1094
f 575/1227/1094 98/1226/1093 97/1228/1095
f 575/1227/1094 97/1228/1095 574/1229/1096
f 574/1229/1096 97/1228/1095 96/1230/1097
f 574/1229/1096 96/1230/1097 95/1231/1098
f 574/1229/1096 95/1231/1098 573/1232/1099
f 573/1232/1099 95/1231/1098 94/1233/1100
f 573/1232/1099 94/1233/1100 572/1234/1101
f 572/1234/1101 94/1233/1100 93/1196/1065
f 572/1234/1101 93/1196/1065 571/1198/1067
f 588/1235/1102 572/1236/1103 587/1237/1104
f 587/1237/1104 572/1236/1103 571/1238/1105
f 587/1237/1104 571/1238/1105 586/1239/1106
f 572/1236/1103 588/1235/1102 573/1240/1107
f 573/1240/1107 588/1235/1102 589/1241/1108
f 573/1240/1107 589/1241/1108 574/1242/1109
f 574/1242/1109 589/1241/1108 590/1243/1110
f 574/1242/1109 590/1243/1110 575/1244/1111
f 575/1244/1111 590/1243/1110 591/1245/1112
f 575/1244/1111 591/1245/1112 592/1246/1113
f 575/1244/1111 592/1246/1113 576/1247/1114
f 576/1247/1114 592/1246/1113 593/1248/1115
f 576/1247/1114 593/1248/1115 577/1249/1116
f 577/1249/1116 593/1248/1115 594/1250/1117
f 577/1249/1116 594/1250/1117 578/1251/1118
f 578/1251/1118 594/1250/1117 579/1252/1119
f 579/1252/1119 594/1250/1117 595/1253/1120
f 579/1252/1119 595/1253/1120 580/1254/1121
f 580/1254/1121 595/1253/1120 596/1255/1122
f 580/1254/1121 596/1255/1122 581/1256/1123
f 581/1256/1123 596/1255/1122 597/1257/1124
f 581/1256/1123 597/1257/1124 582/1258/1125
f 582/1258/1125 597/1257/1124 598/1259/1126
f 582/1258/1125 598/1259/1126 583/1260/1127
f 583/1260/1127 598/1259/1126 599/1261/1128
f 583/1260/1127 599/1261/1128 600/1262/1129
f 583/1260/1127 600/1262/1129 584/1263/1130
f 584/1263/1130 600/1262/1129 601/1264/1131
f 584/1263/1130 601/1264/1131 585/1265/1132
f 585/1265/1132 601/1264/1131 602/1266/1133
f 585/1265/1132 602/1266/1133 586/1239/1106
f 586/1239/1106 602/1266/1133 587/1237/1104
f 603/1267/1134 604/1268/1135 498/1269/1136
f 498/1269/1136 604/1268/1135 499/1270/1137
f 605/1271/1138 606/1272/1139 501/1273/1140
f 501/1273/1140 606/1272/1139 502/1274/1141
f 503/1275/1142 512/1276/1143 607/1277/1144
f 607/1277/1144 512/1276/1143 615/1278/1145
f 615/1278/1145 512/1276/1143 511/1279/1146
f 615/1278/1145 511/1279/1146 614/1280/1147
f 614/1280/1147 511/1279/1146 510/1281/1148
f 614/1280/1147 510/1281/1148 613/1282/1149
f 613/1282/1149 510/1281/1148 509/1283/1150
f 613/1282/1149 509/1283/1150 612/1284/1151
f 612/1284/1151 509/1283/1150 508/1285/1152
f 612/1284/1151 508/1285/1152 611/1286/1153
f 611/1286/1153 508/1285/1152 507/1287/1154
f 611/1286/1153 507/1287/1154 610/1288/1155
f 610/1288/1155 507/1287/1154 506/1289/1156
f 610/1288/1155 506/1289/1156 609/1290/1157
f 609/1290/1157 506/1289/1156 505/1291/1158
f 609/1290/1157 505/1291/1158 608/1292/1159
f 608/1292/1159 505/1291/1158 504/1293/1160
f 608/1292/1159 504/1293/1160 606/1294/1139
f 606/1294/1139 504/1293/1160 502/1295/1141
f 503/1296/1142 607/1297/1144 500/1298/1161
f 500/1298/1161 607/1297/1144 616/1299/1162
f 605/1300/1163 501/1301/1164 617/1302/1165
f 617/1302/1165 501/1301/1164 513/1303/1166
f 498/1304/1167 500/1305/1168 603/1306/1169
f 603/1306/1169 500/1305/1168 616/1307/1170
f 618/1308/1171 514/1309/1172 621/1310/1173
f 621/1310/1173 514/1309/1172 517/1311/1174
f 621/1310/1173 517/1311/1174 620/1312/1175
f 620/1312/1175 517/1311/1174 516/1313/1176
f 620/1312/1175 516/1313/1176 619/1314/1177
f 619/1314/1177 516/1313/1176 515/1315/1178
f 619/1314/1177 515/1315/1178 604/1316/1179
f 604/1316/1179 515/1315/1178 499/1317/1180
f 618/1318/1181 622/1319/1182 514/1320/1183
f 514/1320/1183 622/1319/1182 519/1321/1184
f 623/1322/1185 518/1323/1186 626/1324/1187
f 626/1324/1187 518/1323/1186 522/1325/1188
f 626/1324/1187 522/1325/1188 625/1326/1189
f 625/1326/1189 522/1325/1188 521/1327/1190
f 625/1326/1189 521/1327/1190 624/1328/1191
f 624/1328/1191 521/1327/1190 520/1329/1192
f 624/1328/1191 520/1329/1192 622/1330/1193
f 622/1330/1193 520/1329/1192 519/1331/1194
f 518/1332/1195 623/1333/1196 513/1334/1197
f 513/1334/1197 623/1333/1196 617/1335/1198
f 603/1336/1199 616/1337/1200 628/1338/1201
f 628/1338/1201 616/1337/1200 627/1339/1202
f 616/1340/1203 607/1341/1204 627/1342/1205
f 627/1342/1205 607/1341/1204 639/1343/1206
f 639/1343/1206 607/1341/1204 638/1344/1207
f 638/1344/1207 607/1341/1204 615/1345/1208
f 638/1344/1207 615/1345/1208 637/1346/1209
f 637/1346/1209 615/1345/1208 614/1347/1210
f 637/1346/1209 614/1347/1210 636/1348/1211
f 636/1348/1211 614/1347/1210 613/1349/1212
f 636/1348/1211 613/1349/1212 635/1350/1213
f 635/1350/1213 613/1349/1212 612/1351/1214
f 635/1350/1213 612/1351/1214 611/1352/1215
f 635/1350/1213 611/1352/1215 634/1353/1216
f 634/1353/1216 611/1352/1215 610/1354/1217
f 634/1353/1216 610/1354/1217 633/1355/1218
f 633/1355/1218 610/1354/1217 609/1356/1219
f 633/1355/1218 609/1356/1219 632/1357/1220
f 632/1357/1220 609/1356/1219 608/1358/1221
f 632/1357/1220 608/1358/1221 631/1359/1222
f 631/1359/1222 608/1358/1221 606/1360/1223
f 631/1359/1222 606/1360/1223 630/1361/1224
f 630/1361/1224 606/1360/1223 605/1362/1225
f 630/1361/1224 605/1362/1225 629/1363/1226
f 627/1364/1227 640/1365/1228 628/1366/1229
f 628/1366/1229 640/1365/1228 641/1367/1230
f 642/1368/1231 643/1369/1232 644/1370/1233
f 644/1370/1233 643/1369/1232 629/1371/1234
f 645/1372/1235 630/1373/1236 643/1374/1237
f 643/1374/1237 630/1373/1236 629/1375/1238
f 639/1376/1239 638/1377/1240 646/1378/1241
f 646/1378/1241 638/1377/1240 653/1379/1242
f 653/1379/1242 638/1377/1240 637/1380/1243
f 653/1379/1242 637/1380/1243 652/1381/1244
f 652/1381/1244 637/1380/1243 636/1382/1245
f 652/1381/1244 636/1382/1245 651/1383/1246
f 651/1383/1246 636/1382/1245 635/1384/1247
f 651/1383/1246 635/1384/1247 650/1385/1248
f 650/1385/1248 635/1384/1247 634/1386/1249
f 650/1385/1248 634/1386/1249 649/1387/1250
f 649/1387/1250 634/1386/1249 633/1388/1251
f 649/1387/1250 633/1388/1251 648/1389/1252
f 648/1389/1252 633/1388/1251 632/1390/1253
f 648/1389/1252 632/1390/1253 647/1391/1254
f 647/1391/1254 632/1390/1253 631/1392/1255
f 647/1391/1254 631/1392/1255 645/1393/1235
f 645/1393/1235 631/1392/1255 630/1394/1236
f 627/1395/1256 639/1396/1239 640/1397/1257
f 640/1397/1257 639/1396/1239 646/1398/1241
f 654/1399/1258 655/1400/1259 641/1401/1260
f 641/1401/1260 655/1400/1259 628/1402/1261
f 655/1403/1259 654/1404/1258 663/1405/1262
f 663/1405/1262 654/1404/1258 656/1406/1263
f 663/1405/1262 656/1406/1263 662/1407/1264
f 662/1407/1264 656/1406/1263 657/1408/1265
f 662/1407/1264 657/1408/1265 661/1409/1266
f 661/1409/1266 657/1408/1265 658/1410/1267
f 661/1409/1266 658/1410/1267 660/1411/1268
f 660/1411/1268 658/1410/1267 659/1412/1269
f 665/1413/1270 660/1414/1268 664/1415/1271
f 664/1415/1271 660/1414/1268 659/1416/1269
f 665/1417/1270 664/1418/1271 673/1419/1272
f 673/1419/1272 664/1418/1271 666/1420/1273
f 673/1419/1272 666/1420/1273 672/1421/1274
f 672/1421/1274 666/1420/1273 667/1422/1275
f 672/1421/1274 667/1422/1275 671/1423/1276
f 671/1423/1276 667/1422/1275 668/1424/1277
f 671/1423/1276 668/1424/1277 670/1425/1278
f 670/1425/1278 668/1424/1277 669/1426/1279
f 644/1427/1280 670/1428/1278 642/1429/1281
f 642/1429/1281 670/1428/1278 669/1430/1279
f 654/1431/1282 640/1432/1283 674/1433/1284
f 674/1433/1284 640/1432/1283 646/1434/1285
f 674/1433/1284 646/1434/1285 678/1435/1286
f 678/1435/1286 646/1434/1285 677/1436/1287
f 677/1436/1287 646/1434/1285 676/1437/1288
f 676/1437/1288 646/1434/1285 675/1438/1289
f 654/1431/1282 641/1439/1290 640/1432/1283
f 653/1440/1291 698/1441/1292 646/1442/1285
f 646/1442/1285 698/1441/1292 699/1443/1293
f 646/1442/1285 699/1443/1293 700/1444/1294
f 652/1445/1295 696/1446/1296 653/1440/1291
f 653/1440/1291 696/1446/1296 697/1447/1297
f 653/1440/1291 697/1447/1297 698/1441/1292
f 696/1446/1296 652/1445/1295 695/1448/1298
f 695/1448/1298 652/1445/1295 651/1449/1299
f 695/1448/1298 651/1449/1299 694/1450/1300
f 694/1450/1300 651/1449/1299 693/1451/1301
f 693/1451/1301 651/1449/1299 650/1452/1302
f 693/1451/1301 650/1452/1302 692/1453/1303
f 692/1453/1303 650/1452/1302 691/1454/1304
f 691/1454/1304 650/1452/1302 649/1455/1305
f 691/1454/1304 649/1455/1305 690/1456/1306
f 690/1456/1306 649/1455/1305 689/1457/1307
f 689/1457/1307 649/1455/1305 648/1458/1308
f 689/1457/1307 648/1458/1308 688/1459/1309
f 688/1459/1309 648/1458/1308 647/1460/1310
f 688/1459/1309 647/1460/1310 687/1461/1311
f 687/1461/1311 647/1460/1310 686/1462/1312
f 686/1462/1312 647/1460/1310 645/1463/1313
f 686/1462/1312 645/1463/1313 685/1464/1314
f 685/1464/1314 645/1463/1313 684/1465/1315
f 684/1465/1315 645/1463/1313 683/1466/1316
f 683/1466/1316 645/1463/1313 682/1467/1317
f 682/1467/1317 645/1463/1313 681/1468/1318
f 681/1468/1318 645/1463/1313 680/1469/1319
f 680/1469/1319 645/1463/1313 679/1470/1320
f 700/1444/1294 701/1471/1321 646/1442/1285
f 646/1442/1285 701/1471/1321 702/1472/1322
f 646/1442/1285 702/1472/1322 703/1473/1323
f 703/1473/1323 704/1474/1324 646/1442/1285
f 646/1442/1285 704/1474/1324 675/1475/1289
f 706/1476/1325 645/1477/1313 705/1478/1326
f 705/1478/1326 645/1477/1313 643/1479/1327
f 705/1478/1326 643/1479/1327 669/1480/1328
f 669/1480/1328 643/1479/1327 642/1481/1329
f 706/1476/1325 707/1482/1330 645/1477/1313
f 645/1477/1313 707/1482/1330 708/1483/1331
f 645/1477/1313 708/1483/1331 679/1484/1320
f 603/1485/1332 628/1486/1333 604/1487/1334
f 604/1487/1334 628/1486/1333 655/1488/1335
f 604/1487/1334 655/1488/1335 619/1489/1336
f 619/1489/1336 655/1488/1335 663/1490/1337
f 619/1489/1336 663/1490/1337 620/1491/1338
f 620/1491/1338 663/1490/1337 662/1492/1339
f 620/1491/1338 662/1492/1339 621/1493/1340
f 621/1493/1340 662/1492/1339 661/1494/1341
f 621/1493/1340 661/1494/1341 618/1495/1342
f 618/1495/1342 661/1494/1341 660/1496/1343
f 618/1495/1342 660/1496/1343 622/1497/1344
f 622/1497/1344 660/1496/1343 665/1498/1345
f 622/1497/1344 665/1498/1345 673/1499/1346
f 622/1497/1344 673/1499/1346 624/1500/1347
f 624/1500/1347 673/1499/1346 672/1501/1348
f 624/1500/1347 672/1501/1348 625/1502/1349
f 625/1502/1349 672/1501/1348 671/1503/1350
f 625/1502/1349 671/1503/1350 626/1504/1351
f 626/1504/1351 671/1503/1350 670/1505/1352
f 626/1504/1351 670/1505/1352 623/1506/1353
f 623/1506/1353 670/1505/1352 617/1507/1354
f 617/1507/1354 670/1505/1352 644/1508/1355
f 605/1509/1356 617/1510/1357 629/1511/1358
f 629/1511/1358 617/1510/1357 644/1512/1359
f 659/1513/1360 658/1514/1361 720/1515/1362
f 720/1515/1362 658/1514/1361 719/1516/1363
f 719/1516/1363 658/1514/1361 657/1517/1364
f 719/1516/1363 657/1517/1364 718/1518/1365
f 718/1518/1365 657/1517/1364 656/1519/1366
f 718/1518/1365 656/1519/1366 717/1520/1367
f 717/1520/1367 656/1519/1366 716/1521/1368
f 716/1521/1368 656/1519/1366 654/1522/1282
f 716/1521/1368 654/1522/1282 715/1523/1369
f 715/1523/1369 654/1522/1282 714/1524/1370
f 714/1524/1370 654/1522/1282 713/1525/1371
f 713/1525/1371 654/1522/1282 712/1526/1372
f 712/1526/1372 654/1522/1282 711/1527/1373
f 711/1527/1373 654/1522/1282 710/1528/1374
f 710/1528/1374 654/1522/1282 709/1529/1375
f 709/1529/1375 654/1522/1282 674/1530/1376
f 668/1531/1377 725/1532/1378 669/1533/1328
f 669/1533/1328 725/1532/1378 726/1534/1379
f 669/1533/1328 726/1534/1379 727/1535/1380
f 667/1536/1381 723/1537/1382 668/1531/1377
f 668/1531/1377 723/1537/1382 724/1538/1383
f 668/1531/1377 724/1538/1383 725/1532/1378
f 723/1537/1382 667/1536/1381 722/1539/1384
f 722/1539/1384 667/1536/1381 666/1540/1385
f 722/1539/1384 666/1540/1385 721/1541/1386
f 721/1541/1386 666/1540/1385 664/1542/1387
f 727/1535/1380 728/1543/1388 669/1533/1328
f 669/1533/1328 728/1543/1388 729/1544/1389
f 669/1533/1328 729/1544/1389 730/1545/1390
f 730/1545/1390 731/1546/1391 669/1533/1328
f 669/1533/1328 731/1546/1391 732/1547/1392
f 669/1533/1328 732/1547/1392 705/1548/1393
f 721/1549/1386 664/1550/1387 733/1551/1394
f 733/1551/1394 664/1550/1387 659/1552/1360
f 733/1551/1394 659/1552/1360 720/1553/1362
f 602/1554/1395 686/1555/1396 587/1556/1397
f 587/1556/1397 686/1555/1396 685/1557/1398
f 587/1556/1397 685/1557/1398 684/1558/1399
f 601/1559/1400 688/1560/1401 602/1554/1395
f 602/1554/1395 688/1560/1401 687/1561/1402
f 602/1554/1395 687/1561/1402 686/1555/1396
f 688/1560/1401 601/1559/1400 689/1562/1403
f 689/1562/1403 601/1559/1400 600/1563/1404
f 689/1562/1403 600/1563/1404 690/1564/1405
f 690/1564/1405 600/1563/1404 691/1565/1406
f 691/1565/1406 600/1563/1404 599/1566/1407
f 691/1565/1406 599/1566/1407 692/1567/1408
f 692/1567/1408 599/1566/1407 693/1568/1409
f 693/1568/1409 599/1566/1407 598/1569/1410
f 693/1568/1409 598/1569/1410 694/1570/1411
f 694/1570/1411 598/1569/1410 695/1571/1412
f 695/1571/1412 598/1569/1410 597/1572/1413
f 695/1571/1412 597/1572/1413 696/1573/1414
f 696/1573/1414 597/1572/1413 596/1574/1415
f 696/1573/1414 596/1574/1415 697/1575/1416
f 697/1575/1416 596/1574/1415 698/1576/1417
f 698/1576/1417 596/1574/1415 595/1577/1418
f 698/1576/1417 595/1577/1418 699/1578/1419
f 699/1578/1419 595/1577/1418 700/1579/1420
f 700/1579/1420 595/1577/1418 701/1580/1421
f 701/1580/1421 595/1577/1418 702/1581/1422
f 702/1581/1422 595/1577/1418 703/1582/1423
f 703/1582/1423 595/1577/1418 704/1583/1424
f 704/1583/1424 595/1577/1418 675/1584/1425
f 675/1584/1425 595/1577/1418 677/1585/1426
f 675/1584/1425 677/1585/1426 676/1586/1427
f 594/1587/1428 716/1588/1429 595/1577/1418
f 595/1577/1418 716/1588/1429 715/1589/1430
f 595/1577/1418 715/1589/1430 714/1590/1431
f 593/1591/1432 718/1592/1433 594/1587/1428
f 594/1587/1428 718/1592/1433 717/1593/1434
f 594/1587/1428 717/1593/1434 716/1588/1429
f 718/1592/1433 593/1591/1432 719/1594/1435
f 719/1594/1435 593/1591/1432 592/1595/1436
f 719/1594/1435 592/1595/1436 720/1596/1437
f 720/1596/1437 592/1595/1436 591/1597/1438
f 720/1596/1437 591/1597/1438 733/1598/1439
f 733/1598/1439 591/1597/1438 721/1599/1440
f 721/1599/1440 591/1597/1438 590/1600/1441
f 721/1599/1440 590/1600/1441 722/1601/1442
f 722/1601/1442 590/1600/1441 589/1602/1443
f 722/1601/1442 589/1602/1443 723/1603/1444
f 723/1603/1444 589/1602/1443 588/1604/1445
f 723/1603/1444 588/1604/1445 724/1605/1446
f 724/1605/1446 588/1604/1445 725/1606/1447
f 725/1606/1447 588/1604/1445 587/1607/1397
f 725/1606/1447 587/1607/1397 726/1608/1448
f 726/1608/1448 587/1607/1397 727/1609/1449
f 727/1609/1449 587/1607/1397 728/1610/1450
f 728/1610/1450 587/1607/1397 729/1611/1451
f 729/1611/1451 587/1607/1397 730/1612/1452
f 730/1612/1452 587/1607/1397 731/1613/1453
f 731/1613/1453 587/1607/1397 706/1614/1454
f 731/1613/1453 706/1614/1454 732/1615/1455
f 732/1615/1455 706/1614/1454 705/1616/1456
f 708/1617/1457 707/1618/1458 679/1619/1459
f 679/1619/1459 707/1618/1458 587/1556/1397
f 679/1619/1459 587/1556/1397 680/1620/1460
f 680/1620/1460 587/1556/1397 681/1621/1461
f 681/1621/1461 587/1556/1397 682/1622/1462
f 682/1622/1462 587/1556/1397 683/1623/1463
f 683/1623/1463 587/1556/1397 684/1558/1399
f 707/1624/1458 706/1614/1454 587/1607/1397
f 714/1590/1431 713/1625/1464 595/1577/1418
f 595/1577/1418 713/1625/1464 712/1626/1465
f 595/1577/1418 712/1626/1465 711/1627/1466
f 711/1627/1466 710/1628/1467 595/1577/1418
f 595/1577/1418 710/1628/1467 678/1629/1468
f 595/1577/1418 678/1629/1468 677/1585/1426
f 710/1628/1467 709/1630/1469 678/1629/1468
f 678/1629/1468 709/1630/1469 674/1631/1470
f 734/1632/1471 735/1633/1472 749/1634/1473
f 749/1634/1473 735/1633/1472 736/1635/1474
f 749/1634/1473 736/1635/1474 737/1636/1475
f 737/1636/1475 738/1637/1476 749/1634/1473
f 749/1634/1473 738/1637/1476 748/1638/1477
f 748/1638/1477 738/1637/1476 747/1639/1478
f 747/1639/1478 738/1637/1476 746/1640/1479
f 746/1640/1479 738/1637/1476 745/1641/1480
f 745/1641/1480 738/1637/1476 744/1642/1481
f 744/1642/1481 738/1637/1476 739/1643/1482
f 744/1642/1481 739/1643/1482 740/1644/1483
f 741/1645/1484 742/1646/1485 740/1644/1483
f 740/1644/1483 742/1646/1485 743/1647/1486
f 740/1644/1483 743/1647/1486 744/1642/1481
f 734/1648/1487 750/1649/1488 735/1650/1489
f 735/1650/1489 750/1649/1488 771/1651/1490
f 735/1650/1489 771/1651/1490 736/1652/1491
f 736/1652/1491 771/1651/1490 772/1653/1492
f 736/1652/1491 772/1653/1492 737/1654/1493
f 737/1654/1493 772/1653/1492 773/1655/1494
f 737/1654/1493 773/1655/1494 738/1656/1495
f 738/1656/1495 773/1655/1494 774/1657/1496
f 738/1656/1495 774/1657/1496 739/1658/1497
f 739/1658/1497 774/1657/1496 775/1659/1498
f 739/1658/1497 775/1659/1498 740/1660/1499
f 740/1660/1499 775/1659/1498 776/1661/1500
f 740/1660/1499 776/1661/1500 766/1662/1501
f 766/1662/1501 776/1661/1500 757/1663/1502
f 766/1662/1501 757/1663/1502 767/1664/1503
f 767/1664/1503 757/1663/1502 758/1665/1504
f 767/1664/1503 758/1665/1504 777/1666/1505
f 777/1666/1505 758/1665/1504 759/1667/1506
f 777/1666/1505 759/1667/1506 768/1668/1507
f 768/1668/1507 759/1667/1506 778/1669/1508
f 768/1668/1507 778/1669/1508 744/1670/1509
f 744/1670/1509 778/1669/1508 769/1671/1510
f 744/1670/1509 769/1671/1510 745/1672/1511
f 745/1672/1511 769/1671/1510 779/1673/1512
f 745/1672/1511 779/1673/1512 746/1674/1513
f 746/1674/1513 779/1673/1512 770/1675/1514
f 746/1674/1513 770/1675/1514 747/1676/1515
f 747/1676/1515 770/1675/1514 780/1677/1516
f 747/1676/1515 780/1677/1516 781/1678/1517
f 781/1678/1517 780/1677/1516 763/1679/1518
f 781/1678/1517 763/1679/1518 764/1680/1519
f 750/1649/1488 751/1681/1520 771/1651/1490
f 771/1651/1490 751/1681/1520 772/1653/1492
f 751/1681/1520 752/1682/1521 772/1653/1492
f 772/1653/1492 752/1682/1521 753/1683/1522
f 772/1653/1492 753/1683/1522 773/1655/1494
f 773/1655/1494 753/1683/1522 754/1684/1523
f 773/1655/1494 754/1684/1523 774/1657/1496
f 774/1657/1496 754/1684/1523 755/1685/1524
f 774/1657/1496 755/1685/1524 775/1659/1498
f 775/1659/1498 755/1685/1524 756/1686/1525
f 775/1659/1498 756/1686/1525 776/1661/1500
f 776/1661/1500 756/1686/1525 757/1663/1502
f 759/1667/1506 760/1687/1526 778/1669/1508
f 778/1669/1508 760/1687/1526 769/1671/1510
f 760/1687/1526 761/1688/1527 769/1671/1510
f 769/1671/1510 761/1688/1527 779/1673/1512
f 779/1673/1512 761/1688/1527 770/1675/1514
f 770/1675/1514 761/1688/1527 762/1689/1528
f 770/1675/1514 762/1689/1528 780/1677/1516
f 780/1677/1516 762/1689/1528 763/1679/1518
f 781/1678/1517 764/1680/1519 782/1690/1529
f 782/1690/1529 764/1680/1519 765/1691/1530
f 782/1690/1529 765/1691/1530 734/1692/1487
f 734/1692/1487 765/1691/1530 750/1693/1488
f 734/1692/1487 749/1694/1531 782/1690/1529
f 782/1690/1529 749/1694/1531 748/1695/1532
f 782/1690/1529 748/1695/1532 781/1678/1517
f 781/1678/1517 748/1695/1532 747/1676/1515
f 744/1670/1509 743/1696/1533 768/1668/1507
f 768/1668/1507 743/1696/1533 777/1666/1505
f 743/1696/1533 742/1697/1534 777/1666/1505
f 777/1666/1505 742/1697/1534 767/1664/1503
f 742/1697/1534 741/1698/1535 767/1664/1503
f 767/1664/1503 741/1698/1535 766/1662/1501
f 741/1698/1535 740/1660/1499 766/1662/1501
f 783/1699/1536 784/1700/1537 791/1701/1538
f 791/1701/1538 784/1700/1537 790/1702/1539
f 790/1702/1539 784/1700/1537 785/1703/1540
f 790/1702/1539 785/1703/1540 789/1704/1541
f 789/1704/1541 785/1703/1540 786/1705/1542
f 789/1704/1541 786/1705/1542 788/1706/1543
f 788/1706/1543 786/1705/1542 787/1707/1544
f 792/1708/1545 793/1709/1546 805/1710/1547
f 805/1710/1547 793/1709/1546 800/1711/1548
f 805/1710/1547 800/1711/1548 803/1712/1549
f 803/1712/1549 800/1711/1548 802/1713/1550
f 802/1713/1550 800/1711/1548 801/1714/1551
f 793/1709/1546 794/1715/1552 800/1711/1548
f 800/1711/1548 794/1715/1552 799/1716/1553
f 799/1716/1553 794/1715/1552 797/1717/1554
f 799/1716/1553 797/1717/1554 798/1718/1555
f 794/1715/1552 795/1719/1556 797/1717/1554
f 797/1717/1554 795/1719/1556 796/1720/1557
f 803/1712/1549 804/1721/1558 805/1710/1547
f 806/1722/1559 807/1723/1560 815/1724/1561
f 815/1724/1561 807/1723/1560 814/1725/1562
f 814/1725/1562 807/1723/1560 808/1726/1563
f 814/1725/1562 808/1726/1563 813/1727/1564
f 813/1727/1564 808/1726/1563 812/1728/1565
f 812/1728/1565 808/1726/1563 809/1729/1566
f 812/1728/1565 809/1729/1566 811/1730/1567
f 811/1730/1567 809/1729/1566 810/1731/1568
f 817/1732/1569 818/1733/1570 816/1734/1571
f 816/1734/1571 818/1733/1570 835/1735/1572
f 816/1734/1571 835/1735/1572 836/1736/1573
f 835/1735/1572 818/1733/1570 834/1737/1574
f 834/1737/1574 818/1733/1570 811/1738/1567
f 834/1737/1574 811/1738/1567 819/1739/1575
f 819/1739/1575 811/1738/1567 810/1740/1568
f 820/1741/1576 832/1742/1577 819/1739/1575
f 819/1739/1575 832/1742/1577 833/1743/1578
f 819/1739/1575 833/1743/1578 834/1737/1574
f 832/1742/1577 820/1741/1576 831/1744/1579
f 831/1744/1579 820/1741/1576 821/1745/1580
f 831/1744/1579 821/1745/1580 830/1746/1581
f 830/1746/1581 821/1745/1580 822/1747/1582
f 830/1746/1581 822/1747/1582 829/1748/1583
f 829/1748/1583 822/1747/1582 823/1749/1584
f 829/1748/1583 823/1749/1584 828/1750/1585
f 828/1750/1585 823/1749/1584 824/1751/1586
f 828/1750/1585 824/1751/1586 827/1752/1587
f 827/1752/1587 824/1751/1586 825/1753/1588
f 827/1752/1587 825/1753/1588 826/1754/1589
f 816/1734/1571 836/1736/1573 845/1755/1590
f 845/1755/1590 836/1736/1573 837/1756/1591
f 845/1755/1590 837/1756/1591 844/1757/1592
f 844/1757/1592 837/1756/1591 838/1758/1593
f 844/1757/1592 838/1758/1593 843/1759/1594
f 843/1759/1594 838/1758/1593 839/1760/1595
f 843/1759/1594 839/1760/1595 842/1761/1596
f 842/1761/1596 839/1760/1595 840/1762/1597
f 842/1761/1596 840/1762/1597 841/1763/1598
f 817/1764/1569 846/1765/1599 818/1766/1570
f 818/1766/1570 846/1765/1599 853/1767/1600
f 853/1767/1600 846/1765/1599 847/1768/1601
f 853/1767/1600 847/1768/1601 852/1769/1602
f 852/1769/1602 847/1768/1601 851/1770/1603
f 851/1770/1603 847/1768/1601 848/1771/1604
f 851/1770/1603 848/1771/1604 850/1772/1605
f 850/1772/1605 848/1771/1604 849/1773/1606
f 796/1774/1557 854/1775/1607 797/1776/1554
f 797/1776/1554 854/1775/1607 860/1777/1608
f 860/1777/1608 854/1775/1607 855/1778/1609
f 860/1777/1608 855/1778/1609 859/1779/1610
f 859/1779/1610 855/1778/1609 856/1780/1611
f 859/1779/1610 856/1780/1611 849/1781/1606
f 849/1781/1606 856/1780/1611 857/1782/1612
f 849/1781/1606 857/1782/1612 858/1783/1613
f 798/1784/1614 797/1785/1554 871/1786/1615
f 871/1786/1615 797/1785/1554 860/1787/1616
f 871/1786/1615 860/1787/1616 870/1788/1617
f 870/1788/1617 860/1787/1616 869/1789/1618
f 870/1788/1617 869/1789/1618 875/1790/1619
f 875/1790/1619 869/1789/1618 874/1791/1620
f 875/1790/1619 874/1791/1620 880/1792/1621
f 880/1792/1621 874/1791/1620 879/1793/1622
f 880/1792/1621 879/1793/1622 896/1794/1623
f 896/1794/1623 879/1793/1622 895/1795/1624
f 896/1794/1623 895/1795/1624 882/1796/1625
f 882/1796/1625 895/1795/1624 883/1797/1626
f 882/1796/1625 883/1797/1626 889/1798/1627
f 889/1798/1627 883/1797/1626 888/1799/1628
f 889/1798/1627 888/1799/1628 891/1800/1629
f 891/1800/1629 888/1799/1628 892/1801/1630
f 891/1800/1629 892/1801/1630 862/1802/1631
f 862/1802/1631 892/1801/1630 861/1803/1632
f 861/1803/1632 892/1801/1630 893/1804/1633
f 861/1803/1632 893/1804/1633 863/1805/1634
f 863/1805/1634 893/1804/1633 886/1806/1635
f 863/1805/1634 886/1806/1635 846/1807/1636
f 846/1807/1636 886/1806/1635 885/1808/1637
f 846/1807/1636 885/1808/1637 864/1809/1638
f 864/1809/1638 885/1808/1637 884/1810/1639
f 864/1809/1638 884/1810/1639 894/1811/1640
f 894/1811/1640 884/1810/1639 883/1797/1626
f 894/1811/1640 883/1797/1626 895/1795/1624
f 860/1787/1616 859/1812/1641 869/1789/1618
f 869/1789/1618 859/1812/1641 868/1813/1642
f 869/1789/1618 868/1813/1642 874/1791/1620
f 874/1791/1620 868/1813/1642 873/1814/1643
f 874/1791/1620 873/1814/1643 879/1793/1622
f 879/1793/1622 873/1814/1643 878/1815/1644
f 879/1793/1622 878/1815/1644 895/1795/1624
f 895/1795/1624 878/1815/1644 894/1811/1640
f 868/1813/1642 859/1812/1641 867/1816/1645
f 867/1816/1645 859/1812/1641 849/1817/1606
f 867/1816/1645 849/1817/1606 848/1818/1646
f 867/1816/1645 848/1818/1646 872/1819/1647
f 872/1819/1647 848/1818/1646 847/1820/1648
f 872/1819/1647 847/1820/1648 877/1821/1649
f 877/1821/1649 847/1820/1648 864/1809/1638
f 877/1821/1649 864/1809/1638 894/1811/1640
f 847/1820/1648 846/1807/1636 864/1809/1638
f 846/1807/1636 817/1822/1569 863/1805/1634
f 863/1805/1634 817/1822/1569 861/1803/1632
f 891/1800/1629 862/1802/1631 881/1823/1650
f 881/1823/1650 862/1802/1631 800/1824/1548
f 881/1823/1650 800/1824/1548 799/1825/1651
f 798/1784/1614 866/1826/1652 799/1825/1651
f 799/1825/1651 866/1826/1652 897/1827/1653
f 799/1825/1651 897/1827/1653 865/1828/1654
f 865/1828/1654 897/1827/1653 896/1794/1623
f 865/1828/1654 896/1794/1623 882/1796/1625
f 866/1826/1652 798/1784/1614 876/1829/1655
f 876/1829/1655 798/1784/1614 871/1786/1615
f 876/1829/1655 871/1786/1615 870/1788/1617
f 873/1814/1643 868/1813/1642 867/1816/1645
f 876/1829/1655 870/1788/1617 875/1790/1619
f 878/1815/1644 873/1814/1643 872/1819/1647
f 872/1819/1647 873/1814/1643 867/1816/1645
f 866/1826/1652 876/1829/1655 875/1790/1619
f 866/1826/1652 875/1790/1619 880/1792/1621
f 894/1811/1640 878/1815/1644 877/1821/1649
f 877/1821/1649 878/1815/1644 872/1819/1647
f 897/1827/1653 866/1826/1652 880/1792/1621
f 897/1827/1653 880/1792/1621 896/1794/1623
f 865/1828/1654 882/1796/1625 890/1830/1656
f 890/1830/1656 882/1796/1625 889/1798/1627
f 890/1830/1656 889/1798/1627 881/1823/1650
f 881/1823/1650 889/1798/1627 891/1800/1629
f 865/1828/1654 890/1830/1656 799/1825/1651
f 799/1825/1651 890/1830/1656 881/1823/1650
f 883/1797/1626 884/1810/1639 888/1799/1628
f 888/1799/1628 884/1810/1639 887/1831/1657
f 888/1799/1628 887/1831/1657 892/1801/1630
f 892/1801/1630 887/1831/1657 893/1804/1633
f 884/1810/1639 885/1808/1637 887/1831/1657
f 887/1831/1657 885/1808/1637 886/1806/1635
f 887/1831/1657 886/1806/1635 893/1804/1633
f 911/1832/1658 788/1833/1543 913/1834/1659
f 913/1834/1659 788/1833/1543 898/1835/1660
f 913/1834/1659 898/1835/1660 937/1836/1661
f 937/1836/1661 898/1835/1660 915/1837/1662
f 937/1836/1661 915/1837/1662 930/1838/1663
f 930/1838/1663 915/1837/1662 946/1839/1664
f 930/1838/1663 946/1839/1664 945/1840/1665
f 945/1840/1665 946/1839/1664 940/1841/1666
f 945/1840/1665 940/1841/1666 941/1842/1667
f 941/1842/1667 940/1841/1666 952/1843/1668
f 941/1842/1667 952/1843/1668 916/1844/1669
f 916/1844/1669 952/1843/1668 951/1845/1670
f 916/1844/1669 951/1845/1670 839/1846/1671
f 839/1846/1671 951/1845/1670 918/1847/1672
f 839/1846/1671 918/1847/1672 840/1848/1673
f 840/1848/1673 918/1847/1672 959/1849/1674
f 840/1848/1673 959/1849/1674 841/1850/1675
f 841/1850/1675 959/1849/1674 967/1851/1676
f 841/1850/1675 967/1851/1676 920/1852/1677
f 920/1852/1677 967/1851/1676 966/1853/1678
f 920/1852/1677 966/1853/1678 973/1854/1679
f 973/1854/1679 966/1853/1678 965/1855/1680
f 973/1854/1679 965/1855/1680 974/1856/1681
f 974/1856/1681 965/1855/1680 964/1857/1682
f 974/1856/1681 964/1857/1682 975/1858/1683
f 975/1858/1683 964/1857/1682 921/1859/1684
f 975/1858/1683 921/1859/1684 976/1860/1685
f 976/1860/1685 921/1859/1684 903/1861/1686
f 976/1860/1685 903/1861/1686 968/1862/1687
f 968/1862/1687 903/1861/1686 904/1863/1688
f 968/1862/1687 904/1863/1688 923/1864/1689
f 923/1864/1689 904/1863/1688 905/1865/1690
f 923/1864/1689 905/1865/1690 988/1866/1691
f 988/1866/1691 905/1865/1690 980/1867/1692
f 988/1866/1691 980/1867/1692 981/1868/1693
f 981/1868/1693 980/1867/1692 990/1869/1694
f 981/1868/1693 990/1869/1694 991/1870/1695
f 991/1870/1695 990/1869/1694 995/1871/1696
f 991/1870/1695 995/1871/1696 994/1872/1697
f 994/1872/1697 995/1871/1696 908/1873/1698
f 994/1872/1697 908/1873/1698 909/1874/1699
f 898/1835/1660 899/1875/1700 915/1837/1662
f 915/1837/1662 899/1875/1700 947/1876/1701
f 915/1837/1662 947/1876/1701 946/1839/1664
f 946/1839/1664 947/1876/1701 939/1877/1702
f 946/1839/1664 939/1877/1702 940/1841/1666
f 940/1841/1666 939/1877/1702 953/1878/1703
f 940/1841/1666 953/1878/1703 952/1843/1668
f 952/1843/1668 953/1878/1703 950/1879/1704
f 952/1843/1668 950/1879/1704 951/1845/1670
f 951/1845/1670 950/1879/1704 918/1847/1672
f 900/1880/1705 917/1881/1706 899/1875/1700
f 899/1875/1700 917/1881/1706 938/1882/1707
f 899/1875/1700 938/1882/1707 947/1876/1701
f 947/1876/1701 938/1882/1707 939/1877/1702
f 917/1881/1706 900/1880/1705 919/1883/1708
f 919/1883/1708 900/1880/1705 901/1884/1709
f 919/1883/1708 901/1884/1709 963/1885/1710
f 963/1885/1710 901/1884/1709 955/1886/1711
f 963/1885/1710 955/1886/1711 956/1887/1712
f 956/1887/1712 955/1886/1711 964/1857/1682
f 956/1887/1712 964/1857/1682 965/1855/1680
f 901/1884/1709 902/1888/1713 955/1886/1711
f 955/1886/1711 902/1888/1713 921/1859/1684
f 955/1886/1711 921/1859/1684 964/1857/1682
f 902/1888/1713 903/1861/1686 921/1859/1684
f 905/1865/1690 906/1889/1714 980/1867/1692
f 980/1867/1692 906/1889/1714 989/1890/1715
f 980/1867/1692 989/1890/1715 990/1869/1694
f 990/1869/1694 989/1890/1715 996/1891/1716
f 990/1869/1694 996/1891/1716 995/1871/1696
f 995/1871/1696 996/1891/1716 907/1892/1717
f 995/1871/1696 907/1892/1717 908/1873/1698
f 989/1890/1715 906/1889/1714 926/1893/1718
f 926/1893/1718 906/1889/1714 805/1894/1719
f 926/1893/1718 805/1894/1719 804/1895/1720
f 804/1895/1720 803/1896/1721 926/1893/1718
f 926/1893/1718 803/1896/1721 802/1897/1722
f 926/1893/1718 802/1897/1722 801/1898/1723
f 801/1898/1723 907/1892/1717 926/1893/1718
f 926/1893/1718 907/1892/1717 996/1891/1716
f 926/1893/1718 996/1891/1716 989/1890/1715
f 994/1872/1697 909/1874/1699 925/1899/1724
f 925/1899/1724 909/1874/1699 816/1900/1571
f 925/1899/1724 816/1900/1571 845/1901/1725
f 844/1902/1726 924/1903/1727 845/1901/1725
f 845/1901/1725 924/1903/1727 993/1904/1728
f 845/1901/1725 993/1904/1728 925/1899/1724
f 925/1899/1724 993/1904/1728 992/1905/1729
f 925/1899/1724 992/1905/1729 994/1872/1697
f 994/1872/1697 992/1905/1729 991/1870/1695
f 843/1906/1730 922/1907/1731 844/1902/1726
f 844/1902/1726 922/1907/1731 984/1908/1732
f 844/1902/1726 984/1908/1732 924/1903/1727
f 924/1903/1727 984/1908/1732 985/1909/1733
f 924/1903/1727 985/1909/1733 983/1910/1734
f 983/1910/1734 985/1909/1733 986/1911/1735
f 983/1910/1734 986/1911/1735 982/1912/1736
f 982/1912/1736 986/1911/1735 987/1913/1737
f 982/1912/1736 987/1913/1737 981/1868/1693
f 981/1868/1693 987/1913/1737 988/1866/1691
f 922/1907/1731 843/1906/1730 972/1914/1738
f 972/1914/1738 843/1906/1730 842/1915/1739
f 972/1914/1738 842/1915/1739 920/1852/1677
f 920/1852/1677 842/1915/1739 841/1850/1675
f 839/1846/1671 838/1916/1740 916/1844/1669
f 916/1844/1669 838/1916/1740 942/1917/1741
f 916/1844/1669 942/1917/1741 941/1842/1667
f 941/1842/1667 942/1917/1741 944/1918/1742
f 941/1842/1667 944/1918/1742 945/1840/1665
f 945/1840/1665 944/1918/1742 931/1919/1743
f 945/1840/1665 931/1919/1743 930/1838/1663
f 930/1838/1663 931/1919/1743 936/1920/1744
f 930/1838/1663 936/1920/1744 937/1836/1661
f 937/1836/1661 936/1920/1744 913/1834/1659
f 837/1921/1745 914/1922/1746 838/1916/1740
f 838/1916/1740 914/1922/1746 943/1923/1747
f 838/1916/1740 943/1923/1747 942/1917/1741
f 942/1917/1741 943/1923/1747 944/1918/1742
f 836/1924/1748 912/1925/1749 837/1921/1745
f 837/1921/1745 912/1925/1749 933/1926/1750
f 837/1921/1745 933/1926/1750 914/1922/1746
f 914/1922/1746 933/1926/1750 934/1927/1751
f 914/1922/1746 934/1927/1751 932/1928/1752
f 932/1928/1752 934/1927/1751 935/1929/1753
f 932/1928/1752 935/1929/1753 931/1919/1743
f 931/1919/1743 935/1929/1753 936/1920/1744
f 836/1924/1748 910/1930/1754 912/1925/1749
f 912/1925/1749 910/1930/1754 929/1931/1755
f 912/1925/1749 929/1931/1755 933/1926/1750
f 933/1926/1750 929/1931/1755 934/1927/1751
f 929/1931/1755 910/1930/1754 928/1932/1756
f 928/1932/1756 910/1930/1754 911/1832/1658
f 928/1932/1756 911/1832/1658 927/1933/1757
f 927/1933/1757 911/1832/1658 913/1834/1659
f 927/1933/1757 913/1834/1659 936/1920/1744
f 934/1927/1751 929/1931/1755 928/1932/1756
f 936/1920/1744 935/1929/1753 927/1933/1757
f 927/1933/1757 935/1929/1753 928/1932/1756
f 935/1929/1753 934/1927/1751 928/1932/1756
f 943/1923/1747 914/1922/1746 932/1928/1752
f 943/1923/1747 932/1928/1752 944/1918/1742
f 944/1918/1742 932/1928/1752 931/1919/1743
f 939/1877/1702 938/1882/1707 954/1934/1758
f 954/1934/1758 938/1882/1707 917/1881/1706
f 954/1934/1758 917/1881/1706 948/1935/1759
f 948/1935/1759 917/1881/1706 919/1883/1708
f 948/1935/1759 919/1883/1708 962/1936/1760
f 962/1936/1760 919/1883/1708 963/1885/1710
f 962/1936/1760 963/1885/1710 956/1887/1712
f 948/1935/1759 949/1937/1761 954/1934/1758
f 954/1934/1758 949/1937/1761 953/1878/1703
f 954/1934/1758 953/1878/1703 939/1877/1702
f 953/1878/1703 949/1937/1761 950/1879/1704
f 950/1879/1704 949/1937/1761 960/1938/1762
f 950/1879/1704 960/1938/1762 918/1847/1672
f 918/1847/1672 960/1938/1762 959/1849/1674
f 949/1937/1761 948/1935/1759 961/1939/1763
f 961/1939/1763 948/1935/1759 962/1936/1760
f 961/1939/1763 962/1936/1760 957/1940/1764
f 957/1940/1764 962/1936/1760 956/1887/1712
f 957/1940/1764 956/1887/1712 965/1855/1680
f 957/1940/1764 958/1941/1765 961/1939/1763
f 961/1939/1763 958/1941/1765 960/1938/1762
f 961/1939/1763 960/1938/1762 949/1937/1761
f 967/1851/1676 959/1849/1674 958/1941/1765
f 958/1941/1765 959/1849/1674 960/1938/1762
f 965/1855/1680 966/1853/1678 957/1940/1764
f 957/1940/1764 966/1853/1678 958/1941/1765
f 966/1853/1678 967/1851/1676 958/1941/1765
f 975/1858/1683 976/1860/1685 969/1942/1766
f 969/1942/1766 976/1860/1685 968/1862/1687
f 969/1942/1766 968/1862/1687 977/1943/1767
f 977/1943/1767 968/1862/1687 923/1864/1689
f 977/1943/1767 923/1864/1689 987/1913/1737
f 987/1913/1737 923/1864/1689 988/1866/1691
f 974/1856/1681 975/1858/1683 970/1944/1768
f 970/1944/1768 975/1858/1683 969/1942/1766
f 970/1944/1768 969/1942/1766 978/1945/1769
f 978/1945/1769 969/1942/1766 977/1943/1767
f 978/1945/1769 977/1943/1767 986/1911/1735
f 986/1911/1735 977/1943/1767 987/1913/1737
f 973/1854/1679 974/1856/1681 971/1946/1770
f 971/1946/1770 974/1856/1681 970/1944/1768
f 971/1946/1770 970/1944/1768 979/1947/1771
f 979/1947/1771 970/1944/1768 978/1945/1769
f 979/1947/1771 978/1945/1769 985/1909/1733
f 985/1909/1733 978/1945/1769 986/1911/1735
f 920/1852/1677 973/1854/1679 972/1914/1738
f 972/1914/1738 973/1854/1679 971/1946/1770
f 972/1914/1738 971/1946/1770 922/1907/1731
f 922/1907/1731 971/1946/1770 979/1947/1771
f 922/1907/1731 979/1947/1771 984/1908/1732
f 984/1908/1732 979/1947/1771 985/1909/1733
f 981/1868/1693 991/1870/1695 982/1912/1736
f 982/1912/1736 991/1870/1695 992/1905/1729
f 982/1912/1736 992/1905/1729 983/1910/1734
f 983/1910/1734 992/1905/1729 993/1904/1728
f 983/1910/1734 993/1904/1728 924/1903/1727
f 789/1948/1772 788/1949/1773 1008/1950/1774
f 1008/1950/1774 788/1949/1773 911/1951/1775
f 1008/1950/1774 911/1951/1775 1007/1952/1776
f 1007/1952/1776 911/1951/1775 1006/1953/1777
f 1007/1952/1776 1006/1953/1777 1011/1954/1778
f 1011/1954/1778 1006/1953/1777 1010/1955/1779
f 1011/1954/1778 1010/1955/1779 1017/1956/1780
f 1017/1956/1780 1010/1955/1779 1018/1957/1781
f 1017/1956/1780 1018/1957/1781 1015/1958/1782
f 1015/1958/1782 1018/1957/1781 1014/1959/1783
f 1015/1958/1782 1014/1959/1783 1022/1960/1784
f 1022/1960/1784 1014/1959/1783 1023/1961/1785
f 1022/1960/1784 1023/1961/1785 1028/1962/1786
f 1028/1962/1786 1023/1961/1785 1027/1963/1787
f 1028/1962/1786 1027/1963/1787 1030/1964/1788
f 1030/1964/1788 1027/1963/1787 1031/1965/1789
f 1030/1964/1788 1031/1965/1789 998/1966/1790
f 998/1966/1790 1031/1965/1789 997/1967/1791
f 997/1967/1791 1031/1965/1789 1032/1968/1792
f 997/1967/1791 1032/1968/1792 1033/1969/1793
f 1033/1969/1793 1032/1968/1792 999/1970/1794
f 1033/1969/1793 999/1970/1794 832/1971/1795
f 832/1971/1795 999/1970/1794 833/1972/1796
f 833/1972/1796 999/1970/1794 1025/1973/1797
f 833/1972/1796 1025/1973/1797 1000/1974/1798
f 1000/1974/1798 1025/1973/1797 1024/1975/1799
f 1000/1974/1798 1024/1975/1799 1013/1976/1800
f 1013/1976/1800 1024/1975/1799 1023/1961/1785
f 1013/1976/1800 1023/1961/1785 1014/1959/1783
f 911/1951/1775 910/1977/1801 1006/1953/1777
f 1006/1953/1777 910/1977/1801 1005/1978/1802
f 1006/1953/1777 1005/1978/1802 1010/1955/1779
f 1010/1955/1779 1005/1978/1802 1009/1979/1803
f 1010/1955/1779 1009/1979/1803 1018/1957/1781
f 1018/1957/1781 1009/1979/1803 1019/1980/1804
f 1018/1957/1781 1019/1980/1804 1014/1959/1783
f 1014/1959/1783 1019/1980/1804 1013/1976/1800
f 1005/1978/1802 910/1977/1801 1004/1981/1805
f 1004/1981/1805 910/1977/1801 836/1982/1806
f 1004/1981/1805 836/1982/1806 835/1983/1807
f 1004/1981/1805 835/1983/1807 1002/1984/1808
f 1002/1984/1808 835/1983/1807 834/1985/1809
f 1002/1984/1808 834/1985/1809 1020/1986/1810
f 1020/1986/1810 834/1985/1809 1000/1974/1798
f 1020/1986/1810 1000/1974/1798 1013/1976/1800
f 834/1985/1809 833/1972/1796 1000/1974/1798
f 832/1971/1795 997/1967/1791 1033/1969/1793
f 1030/1964/1788 998/1966/1790 1029/1987/1811
f 1029/1987/1811 998/1966/1790 791/1988/1538
f 1029/1987/1811 791/1988/1538 790/1989/1812
f 789/1948/1772 1003/1990/1813 790/1989/1812
f 790/1989/1812 1003/1990/1813 1016/1991/1814
f 790/1989/1812 1016/1991/1814 1021/1992/1815
f 1021/1992/1815 1016/1991/1814 1015/1958/1782
f 1021/1992/1815 1015/1958/1782 1022/1960/1784
f 790/1989/1812 1021/1992/1815 1001/1993/1816
f 1001/1993/1816 1021/1992/1815 1022/1960/1784
f 1001/1993/1816 1022/1960/1784 1028/1962/1786
f 1003/1990/1813 789/1948/1772 1012/1994/1817
f 1012/1994/1817 789/1948/1772 1008/1950/1774
f 1012/1994/1817 1008/1950/1774 1007/1952/1776
f 1009/1979/1803 1005/1978/1802 1004/1981/1805
f 1012/1994/1817 1007/1952/1776 1011/1954/1778
f 1019/1980/1804 1009/1979/1803 1002/1984/1808
f 1002/1984/1808 1009/1979/1803 1004/1981/1805
f 1003/1990/1813 1012/1994/1817 1011/1954/1778
f 1003/1990/1813 1011/1954/1778 1017/1956/1780
f 1020/1986/1810 1013/1976/1800 1019/1980/1804
f 1003/1990/1813 1017/1956/1780 1016/1991/1814
f 1016/1991/1814 1017/1956/1780 1015/1958/1782
f 1002/1984/1808 1020/1986/1810 1019/1980/1804
f 790/1989/1812 1001/1993/1816 1029/1987/1811
f 1029/1987/1811 1001/1993/1816 1028/1962/1786
f 1029/1987/1811 1028/1962/1786 1030/1964/1788
f 1023/1961/1785 1024/1975/1799 1027/1963/1787
f 1027/1963/1787 1024/1975/1799 1026/1995/1818
f 1027/1963/1787 1026/1995/1818 1031/1965/1789
f 1031/1965/1789 1026/1995/1818 1032/1968/1792
f 1024/1975/1799 1025/1973/1797 1026/1995/1818
f 1026/1995/1818 1025/1973/1797 999/1970/1794
f 1026/1995/1818 999/1970/1794 1032/1968/1792
f 997/1996/1819 832/1997/1577 1068/1998/1820
f 1068/1998/1820 832/1997/1577 831/1999/1821
f 1068/1998/1820 831/1999/1821 1066/2000/1822
f 1066/2000/1822 831/1999/1821 830/2001/1823
f 1066/2000/1822 830/2001/1823 1081/2002/1824
f 1081/2002/1824 830/2001/1823 1074/2003/1825
f 1081/2002/1824 1074/2003/1825 1075/2004/1826
f 1075/2004/1826 1074/2003/1825 1083/2005/1827
f 1075/2004/1826 1083/2005/1827 1084/2006/1828
f 1084/2006/1828 1083/2005/1827 1088/2007/1829
f 1084/2006/1828 1088/2007/1829 1065/2008/1830
f 1065/2008/1830 1088/2007/1829 1063/2009/1831
f 1065/2008/1830 1063/2009/1831 1050/2010/1832
f 1050/2010/1832 1063/2009/1831 1049/2011/1833
f 1049/2011/1833 1063/2009/1831 1090/2012/1834
f 1049/2011/1833 1090/2012/1834 1097/2013/1835
f 1097/2013/1835 1090/2012/1834 1091/2014/1836
f 1097/2013/1835 1091/2014/1836 1096/2015/1837
f 1096/2015/1837 1091/2014/1836 1092/2016/1838
f 1096/2015/1837 1092/2016/1838 1095/2017/1839
f 1095/2017/1839 1092/2016/1838 1093/2018/1840
f 1095/2017/1839 1093/2018/1840 1094/2019/1841
f 1094/2019/1841 1093/2018/1840 827/2020/1842
f 1094/2019/1841 827/2020/1842 826/2021/1843
f 830/2001/1823 829/2022/1844 1074/2003/1825
f 1074/2003/1825 829/2022/1844 1082/2023/1845
f 1074/2003/1825 1082/2023/1845 1083/2005/1827
f 1083/2005/1827 1082/2023/1845 1089/2024/1846
f 1083/2005/1827 1089/2024/1846 1088/2007/1829
f 1088/2007/1829 1089/2024/1846 1087/2025/1847
f 1088/2007/1829 1087/2025/1847 1063/2009/1831
f 1063/2009/1831 1087/2025/1847 1090/2012/1834
f 1082/2023/1845 829/2022/1844 1064/2026/1848
f 1064/2026/1848 829/2022/1844 828/2027/1849
f 1064/2026/1848 828/2027/1849 1062/2028/1850
f 1062/2028/1850 828/2027/1849 827/2020/1842
f 1062/2028/1850 827/2020/1842 1093/2018/1840
f 1094/2019/1841 826/2021/1843 1060/2029/1851
f 1060/2029/1851 826/2021/1843 825/2030/1852
f 1060/2029/1851 825/2030/1852 1107/2031/1853
f 1107/2031/1853 825/2030/1852 1100/2032/1854
f 1107/2031/1853 1100/2032/1854 1101/2033/1855
f 1101/2033/1855 1100/2032/1854 1109/2034/1856
f 1101/2033/1855 1109/2034/1856 1110/2035/1857
f 1110/2035/1857 1109/2034/1856 1112/2036/1858
f 1110/2035/1857 1112/2036/1858 1111/2037/1859
f 1111/2037/1859 1112/2036/1858 1116/2038/1860
f 1111/2037/1859 1116/2038/1860 1045/2039/1861
f 1045/2039/1861 1116/2038/1860 1044/2040/1862
f 1044/2040/1862 1116/2038/1860 1117/2041/1863
f 1044/2040/1862 1117/2041/1863 1057/2042/1864
f 1057/2042/1864 1117/2041/1863 1118/2043/1865
f 1057/2042/1864 1118/2043/1865 1123/2044/1866
f 1123/2044/1866 1118/2043/1865 1119/2045/1867
f 1123/2044/1866 1119/2045/1867 1122/2046/1868
f 1122/2046/1868 1119/2045/1867 1120/2047/1869
f 1122/2046/1868 1120/2047/1869 1121/2048/1870
f 1121/2048/1870 1120/2047/1869 822/2049/1871
f 1121/2048/1870 822/2049/1871 821/2050/1872
f 825/2030/1852 824/2051/1873 1100/2032/1854
f 1100/2032/1854 824/2051/1873 1108/2052/1874
f 1100/2032/1854 1108/2052/1874 1109/2034/1856
f 1109/2034/1856 1108/2052/1874 1113/2053/1875
f 1109/2034/1856 1113/2053/1875 1112/2036/1858
f 1112/2036/1858 1113/2053/1875 1115/2054/1876
f 1112/2036/1858 1115/2054/1876 1116/2038/1860
f 1116/2038/1860 1115/2054/1876 1117/2041/1863
f 1108/2052/1874 824/2051/1873 1058/2055/1877
f 1058/2055/1877 824/2051/1873 823/2056/1878
f 1058/2055/1877 823/2056/1878 1056/2057/1879
f 1056/2057/1879 823/2056/1878 822/2049/1871
f 1056/2057/1879 822/2049/1871 1120/2047/1869
f 820/2058/1880 1054/2059/1881 821/2050/1872
f 821/2050/1872 1054/2059/1881 1124/2060/1882
f 821/2050/1872 1124/2060/1882 1121/2048/1870
f 1121/2048/1870 1124/2060/1882 1125/2061/1883
f 1121/2048/1870 1125/2061/1883 1122/2046/1868
f 1122/2046/1868 1125/2061/1883 1126/2062/1884
f 1122/2046/1868 1126/2062/1884 1123/2044/1866
f 1123/2044/1866 1126/2062/1884 1055/2063/1885
f 1123/2044/1866 1055/2063/1885 1057/2042/1864
f 1057/2042/1864 1055/2063/1885 1043/2064/1886
f 1057/2042/1864 1043/2064/1886 1044/2040/1862
f 819/2065/1575 1034/2066/1887 820/2058/1880
f 820/2058/1880 1034/2066/1887 1127/2067/1888
f 820/2058/1880 1127/2067/1888 1054/2059/1881
f 1054/2059/1881 1127/2067/1888 1128/2068/1889
f 1054/2059/1881 1128/2068/1889 1133/2069/1890
f 1133/2069/1890 1128/2068/1889 1129/2070/1891
f 1133/2069/1890 1129/2070/1891 1132/2071/1892
f 1132/2071/1892 1129/2070/1891 1130/2072/1893
f 1132/2071/1892 1130/2072/1893 1131/2073/1894
f 1131/2073/1894 1130/2072/1893 1042/2074/1895
f 1131/2073/1894 1042/2074/1895 1055/2063/1885
f 1055/2063/1885 1042/2074/1895 1043/2064/1886
f 1034/2066/1887 1035/2075/1896 1127/2067/1888
f 1127/2067/1888 1035/2075/1896 1128/2068/1889
f 1035/2075/1896 1036/2076/1897 1128/2068/1889
f 1128/2068/1889 1036/2076/1897 1129/2070/1891
f 1129/2070/1891 1036/2076/1897 1130/2072/1893
f 1130/2072/1893 1036/2076/1897 1037/2077/1898
f 1130/2072/1893 1037/2077/1898 1040/2078/1899
f 1040/2078/1899 1037/2077/1898 1038/2079/1900
f 1040/2078/1899 1038/2079/1900 1039/2080/1901
f 1040/2078/1899 1041/2081/1902 1130/2072/1893
f 1130/2072/1893 1041/2081/1902 1042/2074/1895
f 1111/2037/1859 1045/2039/1861 1059/2082/1903
f 1059/2082/1903 1045/2039/1861 1046/2083/1904
f 1059/2082/1903 1046/2083/1904 1103/2084/1905
f 1103/2084/1905 1046/2083/1904 1047/2085/1906
f 1103/2084/1905 1047/2085/1906 1104/2086/1907
f 1104/2086/1907 1047/2085/1906 1061/2087/1908
f 1104/2086/1907 1061/2087/1908 1099/2088/1909
f 1099/2088/1909 1061/2087/1908 1096/2015/1837
f 1099/2088/1909 1096/2015/1837 1095/2017/1839
f 1047/2085/1906 1048/2089/1910 1061/2087/1908
f 1061/2087/1908 1048/2089/1910 1097/2013/1835
f 1061/2087/1908 1097/2013/1835 1096/2015/1837
f 1048/2089/1910 1049/2011/1833 1097/2013/1835
f 1050/2010/1832 1051/2090/1911 1065/2008/1830
f 1065/2008/1830 1051/2090/1911 1085/2091/1912
f 1065/2008/1830 1085/2091/1912 1084/2006/1828
f 1084/2006/1828 1085/2091/1912 1076/2092/1913
f 1084/2006/1828 1076/2092/1913 1075/2004/1826
f 1075/2004/1826 1076/2092/1913 1080/2093/1914
f 1075/2004/1826 1080/2093/1914 1081/2002/1824
f 1081/2002/1824 1080/2093/1914 1066/2000/1822
f 1085/2091/1912 1051/2090/1911 1077/2094/1915
f 1077/2094/1915 1051/2090/1911 1052/2095/1916
f 1077/2094/1915 1052/2095/1916 1078/2096/1917
f 1078/2096/1917 1052/2095/1916 1067/2097/1918
f 1078/2096/1917 1067/2097/1918 1073/2098/1919
f 1073/2098/1919 1067/2097/1918 1070/2099/1920
f 1073/2098/1919 1070/2099/1920 1069/2100/1921
f 1069/2100/1921 1070/2099/1920 998/2101/1922
f 1069/2100/1921 998/2101/1922 997/1996/1819
f 1052/2095/1916 1053/2102/1923 1067/2097/1918
f 1067/2097/1918 1053/2102/1923 1071/2103/1924
f 1067/2097/1918 1071/2103/1924 1070/2099/1920
f 1070/2099/1920 1071/2103/1924 998/2101/1922
f 1053/2102/1923 791/2104/1538 1071/2103/1924
f 1071/2103/1924 791/2104/1538 998/2101/1922
f 1069/2100/1921 997/1996/1819 1068/1998/1820
f 1069/2100/1921 1068/1998/1820 1072/2105/1925
f 1072/2105/1925 1068/1998/1820 1066/2000/1822
f 1072/2105/1925 1066/2000/1822 1080/2093/1914
f 1069/2100/1921 1072/2105/1925 1073/2098/1919
f 1073/2098/1919 1072/2105/1925 1079/2106/1926
f 1073/2098/1919 1079/2106/1926 1078/2096/1917
f 1078/2096/1917 1079/2106/1926 1077/2094/1915
f 1079/2106/1926 1072/2105/1925 1080/2093/1914
f 1079/2106/1926 1080/2093/1914 1076/2092/1913
f 1085/2091/1912 1077/2094/1915 1076/2092/1913
f 1076/2092/1913 1077/2094/1915 1079/2106/1926
f 1062/2028/1850 1086/2107/1927 1064/2026/1848
f 1064/2026/1848 1086/2107/1927 1089/2024/1846
f 1064/2026/1848 1089/2024/1846 1082/2023/1845
f 1089/2024/1846 1086/2107/1927 1087/2025/1847
f 1087/2025/1847 1086/2107/1927 1091/2014/1836
f 1087/2025/1847 1091/2014/1836 1090/2012/1834
f 1093/2018/1840 1092/2016/1838 1062/2028/1850
f 1062/2028/1850 1092/2016/1838 1086/2107/1927
f 1092/2016/1838 1091/2014/1836 1086/2107/1927
f 1095/2017/1839 1094/2019/1841 1098/2108/1928
f 1098/2108/1928 1094/2019/1841 1060/2029/1851
f 1098/2108/1928 1060/2029/1851 1106/2109/1929
f 1106/2109/1929 1060/2029/1851 1107/2031/1853
f 1106/2109/1929 1107/2031/1853 1101/2033/1855
f 1095/2017/1839 1098/2108/1928 1099/2088/1909
f 1099/2088/1909 1098/2108/1928 1105/2110/1930
f 1099/2088/1909 1105/2110/1930 1104/2086/1907
f 1104/2086/1907 1105/2110/1930 1103/2084/1905
f 1105/2110/1930 1098/2108/1928 1106/2109/1929
f 1105/2110/1930 1106/2109/1929 1102/2111/1931
f 1102/2111/1931 1106/2109/1929 1101/2033/1855
f 1102/2111/1931 1101/2033/1855 1110/2035/1857
f 1059/2082/1903 1103/2084/1905 1102/2111/1931
f 1102/2111/1931 1103/2084/1905 1105/2110/1930
f 1059/2082/1903 1102/2111/1931 1110/2035/1857
f 1111/2037/1859 1059/2082/1903 1110/2035/1857
f 1113/2053/1875 1058/2055/1877 1114/2112/1932
f 1114/2112/1932 1058/2055/1877 1056/2057/1879
f 1114/2112/1932 1056/2057/1879 1119/2045/1867
f 1119/2045/1867 1056/2057/1879 1120/2047/1869
f 1113/2053/1875 1108/2052/1874 1058/2055/1877
f 1113/2053/1875 1114/2112/1932 1115/2054/1876
f 1115/2054/1876 1114/2112/1932 1118/2043/1865
f 1115/2054/1876 1118/2043/1865 1117/2041/1863
f 1118/2043/1865 1114/2112/1932 1119/2045/1867
f 1054/2059/1881 1133/2069/1890 1124/2060/1882
f 1124/2060/1882 1133/2069/1890 1125/2061/1883
f 1131/2073/1894 1055/2063/1885 1126/2062/1884
f 1133/2069/1890 1132/2071/1892 1125/2061/1883
f 1125/2061/1883 1132/2071/1892 1126/2062/1884
f 1132/2071/1892 1131/2073/1894 1126/2062/1884
f 1134/2113/1933 1037/2114/1934 1136/2115/1935
f 1136/2115/1935 1037/2114/1934 1036/2116/1936
f 1136/2115/1935 1036/2116/1936 1035/2117/1937
f 1136/2115/1935 1035/2117/1937 1135/2118/1938
f 1135/2118/1938 1035/2117/1937 1034/2119/1939
f 1135/2118/1938 1034/2119/1939 810/2120/1568
f 810/2120/1568 1034/2119/1939 819/2121/1575
f 1141/2122/1940 1134/2123/1933 1151/2124/1941
f 1151/2124/1941 1134/2123/1933 1136/2125/1942
f 1151/2124/1941 1136/2125/1942 1150/2126/1943
f 1150/2126/1943 1136/2125/1942 1149/2127/1944
f 1150/2126/1943 1149/2127/1944 1154/2128/1945
f 1154/2128/1945 1149/2127/1944 1153/2129/1946
f 1154/2128/1945 1153/2129/1946 1160/2130/1947
f 1160/2130/1947 1153/2129/1946 1161/2131/1948
f 1160/2130/1947 1161/2131/1948 1158/2132/1949
f 1158/2132/1949 1161/2131/1948 1157/2133/1950
f 1158/2132/1949 1157/2133/1950 1165/2134/1951
f 1165/2134/1951 1157/2133/1950 1166/2135/1952
f 1165/2134/1951 1166/2135/1952 1172/2136/1953
f 1172/2136/1953 1166/2135/1952 1171/2137/1954
f 1172/2136/1953 1171/2137/1954 1174/2138/1955
f 1174/2138/1955 1171/2137/1954 1175/2139/1956
f 1174/2138/1955 1175/2139/1956 1138/2140/1957
f 1138/2140/1957 1175/2139/1956 1137/2141/1958
f 1137/2141/1958 1175/2139/1956 1176/2142/1959
f 1137/2141/1958 1176/2142/1959 1142/2143/1960
f 1142/2143/1960 1176/2142/1959 1169/2144/1961
f 1142/2143/1960 1169/2144/1961 807/2145/1962
f 807/2145/1962 1169/2144/1961 1168/2146/1963
f 807/2145/1962 1168/2146/1963 1143/2147/1964
f 1143/2147/1964 1168/2146/1963 1167/2148/1965
f 1143/2147/1964 1167/2148/1965 1156/2149/1966
f 1156/2149/1966 1167/2148/1965 1166/2135/1952
f 1156/2149/1966 1166/2135/1952 1157/2133/1950
f 1136/2125/1942 1135/2150/1967 1149/2127/1944
f 1149/2127/1944 1135/2150/1967 1148/2151/1968
f 1149/2127/1944 1148/2151/1968 1153/2129/1946
f 1153/2129/1946 1148/2151/1968 1152/2152/1969
f 1153/2129/1946 1152/2152/1969 1161/2131/1948
f 1161/2131/1948 1152/2152/1969 1162/2153/1970
f 1161/2131/1948 1162/2153/1970 1157/2133/1950
f 1157/2133/1950 1162/2153/1970 1156/2149/1966
f 1148/2151/1968 1135/2150/1967 1147/2154/1971
f 1147/2154/1971 1135/2150/1967 810/2155/1568
f 1147/2154/1971 810/2155/1568 809/2156/1972
f 1147/2154/1971 809/2156/1972 1145/2157/1973
f 1145/2157/1973 809/2156/1972 808/2158/1974
f 1145/2157/1973 808/2158/1974 1163/2159/1975
f 1163/2159/1975 808/2158/1974 1143/2147/1964
f 1163/2159/1975 1143/2147/1964 1156/2149/1966
f 808/2158/1974 807/2145/1962 1143/2147/1964
f 807/2145/1962 806/2160/1559 1142/2143/1960
f 1142/2143/1960 806/2160/1559 1137/2141/1958
f 1174/2138/1955 1138/2140/1957 1173/2161/1976
f 1173/2161/1976 1138/2140/1957 1139/2162/1977
f 1173/2161/1976 1139/2162/1977 1140/2163/1978
f 1141/2122/1940 1146/2164/1979 1140/2163/1978
f 1140/2163/1978 1146/2164/1979 1159/2165/1980
f 1140/2163/1978 1159/2165/1980 1164/2166/1981
f 1164/2166/1981 1159/2165/1980 1158/2132/1949
f 1164/2166/1981 1158/2132/1949 1165/2134/1951
f 1140/2163/1978 1164/2166/1981 1144/2167/1982
f 1144/2167/1982 1164/2166/1981 1165/2134/1951
f 1144/2167/1982 1165/2134/1951 1172/2136/1953
f 1146/2164/1979 1141/2122/1940 1155/2168/1983
f 1155/2168/1983 1141/2122/1940 1151/2124/1941
f 1155/2168/1983 1151/2124/1941 1150/2126/1943
f 1152/2152/1969 1148/2151/1968 1147/2154/1971
f 1155/2168/1983 1150/2126/1943 1154/2128/1945
f 1162/2153/1970 1152/2152/1969 1145/2157/1973
f 1145/2157/1973 1152/2152/1969 1147/2154/1971
f 1146/2164/1979 1155/2168/1983 1154/2128/1945
f 1146/2164/1979 1154/2128/1945 1160/2130/1947
f 1163/2159/1975 1156/2149/1966 1162/2153/1970
f 1146/2164/1979 1160/2130/1947 1159/2165/1980
f 1159/2165/1980 1160/2130/1947 1158/2132/1949
f 1145/2157/1973 1163/2159/1975 1162/2153/1970
f 1140/2163/1978 1144/2167/1982 1173/2161/1976
f 1173/2161/1976 1144/2167/1982 1172/2136/1953
f 1173/2161/1976 1172/2136/1953 1174/2138/1955
f 1166/2135/1952 1167/2148/1965 1171/2137/1954
f 1171/2137/1954 1167/2148/1965 1170/2169/1984
f 1171/2137/1954 1170/2169/1984 1175/2139/1956
f 1175/2139/1956 1170/2169/1984 1176/2142/1959
f 1167/2148/1965 1168/2146/1963 1170/2169/1984
f 1170/2169/1984 1168/2146/1963 1169/2144/1961
f 1170/2169/1984 1169/2144/1961 1176/2142/1959
f 816/2170/1571 909/2171/1985 817/2172/1569
f 817/2172/1569 909/2171/1985 861/2173/1986
f 861/2173/1986 909/2171/1985 908/2174/1987
f 861/2173/1986 908/2174/1987 862/2175/1988
f 862/2175/1988 908/2174/1987 907/2176/1989
f 862/2175/1988 907/2176/1989 800/2177/1548
f 800/2177/1548 907/2176/1989 801/2178/1990
f 849/2179/1606 858/2180/1613 850/2181/1605
f 850/2181/1605 858/2180/1613 1179/2182/1991
f 1179/2182/1991 858/2180/1613 1178/2183/1992
f 1178/2183/1992 858/2180/1613 1177/2184/1993
f 1180/2185/1994 1181/2186/1995 1183/2187/1996
f 1183/2187/1996 1181/2186/1995 1182/2188/1997
f 1182/2188/1997 1181/2186/1995 815/2189/1561
f 815/2189/1561 1181/2186/1995 806/2190/1559
f 1184/2191/1998 1185/2192/1999 1192/2193/2000
f 1192/2193/2000 1185/2192/1999 1191/2194/2001
f 1191/2194/2001 1185/2192/1999 1190/2195/2002
f 1190/2195/2002 1185/2192/1999 1186/2196/2003
f 1190/2195/2002 1186/2196/2003 1189/2197/2004
f 1189/2197/2004 1186/2196/2003 1187/2198/2005
f 1189/2197/2004 1187/2198/2005 1188/2199/2006
f 1181/2200/1995 1193/2201/2007 806/2202/1559
f 806/2202/1559 1193/2201/2007 1194/2203/2008
f 806/2202/1559 1194/2203/2008 1137/2204/2009
f 1137/2204/2009 1194/2203/2008 1195/2205/2010
f 1137/2204/2009 1195/2205/2010 1138/2206/2011
f 1138/2206/2011 1195/2205/2010 1196/2207/2012
f 1138/2206/2011 1196/2207/2012 1139/2208/1977
f 1139/2208/1977 1196/2207/2012 1197/2209/2013
f 1199/2210/2014 1041/2211/2015 1198/2212/2016
f 1198/2212/2016 1041/2211/2015 1134/2213/1933
f 1198/2212/2016 1134/2213/1933 1139/2214/1977
f 1139/2214/1977 1134/2213/1933 1141/2215/2017
f 1139/2214/1977 1141/2215/2017 1140/2216/2018
f 1040/2217/2019 1039/2218/2020 1041/2211/2015
f 1041/2211/2015 1039/2218/2020 1038/2219/2021
f 1041/2211/2015 1038/2219/2021 1134/2213/1933
f 1134/2213/1933 1038/2219/2021 1037/2220/1934
f 1197/2221/2013 1200/2222/2022 1139/2214/1977
f 1139/2214/1977 1200/2222/2022 1201/2223/2023
f 1139/2214/1977 1201/2223/2023 1198/2212/2016
f 1179/2224/1991 1178/2225/1992 1214/2226/2024
f 1214/2226/2024 1178/2225/1992 1202/2227/2025
f 1214/2226/2024 1202/2227/2025 1203/2228/2026
f 1214/2226/2024 1203/2228/2026 1213/2229/2027
f 1213/2229/2027 1203/2228/2026 1204/2230/2028
f 1213/2229/2027 1204/2230/2028 1212/2231/2029
f 1212/2231/2029 1204/2230/2028 1205/2232/2030
f 1212/2231/2029 1205/2232/2030 1215/2233/2031
f 1215/2233/2031 1205/2232/2030 1206/2234/2032
f 1215/2233/2031 1206/2234/2032 1216/2235/2033
f 1216/2235/2033 1206/2234/2032 1207/2236/2034
f 1216/2235/2033 1207/2236/2034 1208/2237/2035
f 1208/2237/2035 1209/2238/2036 1216/2235/2033
f 1216/2235/2033 1209/2238/2036 1215/2233/2031
f 1215/2233/2031 1209/2238/2036 1212/2231/2029
f 1212/2231/2029 1209/2238/2036 1210/2239/2037
f 1212/2231/2029 1210/2239/2037 1213/2229/2027
f 1213/2229/2027 1210/2239/2037 1211/2240/2038
f 1213/2229/2027 1211/2240/2038 1214/2226/2024
f 1214/2226/2024 1211/2240/2038 1179/2224/1991
f 795/2241/2039 1218/2242/2040 796/2243/2041
f 796/2243/2041 1218/2242/2040 1219/2244/2042
f 796/2243/2041 1219/2244/2042 854/2245/2043
f 854/2245/2043 1219/2244/2042 1220/2246/2044
f 854/2245/2043 1220/2246/2044 1221/2247/2045
f 795/2241/2039 794/2248/2046 1218/2242/2040
f 1218/2242/2040 794/2248/2046 1217/2249/2047
f 1217/2249/2047 794/2248/2046 793/2250/2048
f 854/2245/2043 1221/2247/2045 855/2251/2049
f 855/2251/2049 1221/2247/2045 1222/2252/2050
f 855/2251/2049 1222/2252/2050 856/2253/2051
f 856/2253/2051 1222/2252/2050 1177/2254/1993
f 856/2253/2051 1177/2254/1993 857/2255/2052
f 857/2255/2052 1177/2254/1993 858/2256/1613
f 1223/2257/2053 1228/2258/2054 783/2259/2055
f 783/2259/2055 1228/2258/2054 787/2260/2056
f 783/2259/2055 787/2260/2056 784/2261/2057
f 784/2261/2057 787/2260/2056 786/2262/2058
f 784/2261/2057 786/2262/2058 785/2263/2059
f 1223/2257/2053 1224/2264/2060 1228/2258/2054
f 1228/2258/2054 1224/2264/2060 1227/2265/2061
f 1227/2265/2061 1224/2264/2060 1225/2266/2062
f 1227/2265/2061 1225/2266/2062 1226/2267/2063
f 1238/2268/2064 1229/2269/2065 1240/2270/2066
f 1240/2270/2066 1229/2269/2065 1230/2271/2067
f 1240/2270/2066 1230/2271/2067 1231/2272/2068
f 1240/2270/2066 1231/2272/2068 1241/2273/2069
f 1241/2273/2069 1231/2272/2068 1232/2274/2070
f 1241/2273/2069 1232/2274/2070 1239/2275/2071
f 1239/2275/2071 1232/2274/2070 1233/2276/2072
f 1239/2275/2071 1233/2276/2072 1242/2277/2073
f 1242/2277/2073 1233/2276/2072 1234/2278/2074
f 1242/2277/2073 1234/2278/2074 1243/2279/2075
f 1243/2279/2075 1234/2278/2074 1183/2280/1996
f 1243/2279/2075 1183/2280/1996 1182/2281/1997
f 1182/2281/1997 1235/2282/2076 1243/2279/2075
f 1243/2279/2075 1235/2282/2076 1242/2277/2073
f 1242/2277/2073 1235/2282/2076 1239/2275/2071
f 1239/2275/2071 1235/2282/2076 1236/2283/2077
f 1239/2275/2071 1236/2283/2077 1241/2273/2069
f 1241/2273/2069 1236/2283/2077 1237/2284/2078
f 1241/2273/2069 1237/2284/2078 1240/2270/2066
f 1240/2270/2066 1237/2284/2078 1238/2268/2064
f 1207/2285/2034 1229/2286/2065 1208/2287/2035
f 1208/2287/2035 1229/2286/2065 1238/2288/2064
f 1245/2289/2079 1250/2290/2080 1244/2291/2081
f 1244/2291/2081 1250/2290/2080 1251/2292/2082
f 1244/2291/2081 1251/2292/2082 1249/2293/2083
f 1249/2293/2083 1251/2292/2082 1248/2294/2084
f 1248/2294/2084 1251/2292/2082 1247/2295/2085
f 1247/2295/2085 1251/2292/2082 1253/2296/2086
f 1247/2295/2085 1253/2296/2086 1183/2297/1996
f 1183/2297/1996 1253/2296/2086 1252/2298/2087
f 1183/2297/1996 1252/2298/2087 1180/2299/1994
f 1180/2299/1994 1252/2298/2087 1246/2300/2088
f 1246/2300/2088 1252/2298/2087 1245/2289/2079
f 1245/2289/2079 1252/2298/2087 1250/2290/2080
f 1253/2296/2086 1251/2292/2082 1250/2290/2080
f 1253/2296/2086 1250/2290/2080 1252/2298/2087
f 1259/2301/2089 1249/2302/2083 1267/2303/2090
f 1267/2303/2090 1249/2302/2083 1248/2304/2091
f 1267/2303/2090 1248/2304/2091 1266/2305/2092
f 1266/2305/2092 1248/2304/2091 1265/2306/2093
f 1266/2305/2092 1265/2306/2093 1271/2307/2094
f 1271/2307/2094 1265/2306/2093 1270/2308/2095
f 1271/2307/2094 1270/2308/2095 1276/2309/2096
f 1276/2309/2096 1270/2308/2095 1275/2310/2097
f 1276/2309/2096 1275/2310/2097 1281/2311/2098
f 1281/2311/2098 1275/2310/2097 1280/2312/2099
f 1281/2311/2098 1280/2312/2099 1292/2313/2100
f 1292/2313/2100 1280/2312/2099 1293/2314/2101
f 1292/2313/2100 1293/2314/2101 1287/2315/2102
f 1287/2315/2102 1293/2314/2101 1288/2316/2103
f 1287/2315/2102 1288/2316/2103 1285/2317/2104
f 1285/2317/2104 1288/2316/2103 1284/2318/2105
f 1285/2317/2104 1284/2318/2105 1255/2319/2106
f 1255/2319/2106 1284/2318/2105 1254/2320/2107
f 1254/2320/2107 1284/2318/2105 1283/2321/2108
f 1254/2320/2107 1283/2321/2108 1282/2322/2109
f 1282/2322/2109 1283/2321/2108 1290/2323/2110
f 1282/2322/2109 1290/2323/2110 1230/2324/2111
f 1230/2324/2111 1290/2323/2110 1260/2325/2112
f 1230/2324/2111 1260/2325/2112 1278/2326/2113
f 1278/2326/2113 1260/2325/2112 1294/2327/2114
f 1278/2326/2113 1294/2327/2114 1279/2328/2115
f 1279/2328/2115 1294/2327/2114 1293/2314/2101
f 1279/2328/2115 1293/2314/2101 1280/2312/2099
f 1248/2304/2091 1247/2329/2116 1265/2306/2093
f 1265/2306/2093 1247/2329/2116 1264/2330/2117
f 1265/2306/2093 1264/2330/2117 1270/2308/2095
f 1270/2308/2095 1264/2330/2117 1269/2331/2118
f 1270/2308/2095 1269/2331/2118 1275/2310/2097
f 1275/2310/2097 1269/2331/2118 1274/2332/2119
f 1275/2310/2097 1274/2332/2119 1280/2312/2099
f 1280/2312/2099 1274/2332/2119 1279/2328/2115
f 1264/2330/2117 1247/2329/2116 1263/2333/2120
f 1263/2333/2120 1247/2329/2116 1183/2334/1996
f 1263/2333/2120 1183/2334/1996 1234/2335/2121
f 1234/2335/2121 1233/2336/2122 1263/2333/2120
f 1263/2333/2120 1233/2336/2122 1268/2337/2123
f 1263/2333/2120 1268/2337/2123 1269/2331/2118
f 1269/2331/2118 1268/2337/2123 1274/2332/2119
f 1233/2336/2122 1232/2338/2124 1268/2337/2123
f 1268/2337/2123 1232/2338/2124 1273/2339/2125
f 1268/2337/2123 1273/2339/2125 1274/2332/2119
f 1274/2332/2119 1273/2339/2125 1279/2328/2115
f 1232/2338/2124 1231/2340/2126 1273/2339/2125
f 1273/2339/2125 1231/2340/2126 1278/2326/2113
f 1273/2339/2125 1278/2326/2113 1279/2328/2115
f 1231/2340/2126 1230/2324/2111 1278/2326/2113
f 1230/2324/2111 1229/2341/2065 1282/2322/2109
f 1282/2322/2109 1229/2341/2065 1254/2320/2107
f 1285/2317/2104 1255/2319/2106 1261/2342/2127
f 1261/2342/2127 1255/2319/2106 1256/2343/2128
f 1261/2342/2127 1256/2343/2128 1257/2344/2129
f 1258/2345/2130 1262/2346/2131 1257/2344/2129
f 1257/2344/2129 1262/2346/2131 1291/2347/2132
f 1257/2344/2129 1291/2347/2132 1286/2348/2133
f 1286/2348/2133 1291/2347/2132 1292/2313/2100
f 1286/2348/2133 1292/2313/2100 1287/2315/2102
f 1259/2301/2089 1272/2349/2134 1258/2345/2130
f 1258/2345/2130 1272/2349/2134 1277/2350/2135
f 1258/2345/2130 1277/2350/2135 1262/2346/2131
f 1262/2346/2131 1277/2350/2135 1276/2309/2096
f 1262/2346/2131 1276/2309/2096 1281/2311/2098
f 1272/2349/2134 1259/2301/2089 1267/2303/2090
f 1257/2344/2129 1286/2348/2133 1261/2342/2127
f 1261/2342/2127 1286/2348/2133 1287/2315/2102
f 1261/2342/2127 1287/2315/2102 1285/2317/2104
f 1269/2331/2118 1264/2330/2117 1263/2333/2120
f 1272/2349/2134 1267/2303/2090 1266/2305/2092
f 1272/2349/2134 1266/2305/2092 1271/2307/2094
f 1277/2350/2135 1272/2349/2134 1271/2307/2094
f 1277/2350/2135 1271/2307/2094 1276/2309/2096
f 1291/2347/2132 1262/2346/2131 1281/2311/2098
f 1291/2347/2132 1281/2311/2098 1292/2313/2100
f 1283/2321/2108 1284/2318/2105 1289/2351/2136
f 1289/2351/2136 1284/2318/2105 1288/2316/2103
f 1289/2351/2136 1288/2316/2103 1294/2327/2114
f 1294/2327/2114 1288/2316/2103 1293/2314/2101
f 1260/2325/2112 1290/2323/2110 1289/2351/2136
f 1289/2351/2136 1290/2323/2110 1283/2321/2108
f 1260/2325/2112 1289/2351/2136 1294/2327/2114
f 1255/2352/2137 1298/2353/2138 1256/2354/2128
f 1256/2354/2128 1298/2353/2138 1299/2355/2139
f 1256/2354/2128 1299/2355/2139 1300/2356/2140
f 1300/2356/2140 1299/2355/2139 1305/2357/2141
f 1300/2356/2140 1305/2357/2141 1306/2358/2142
f 1306/2358/2142 1305/2357/2141 1207/2359/2034
f 1306/2358/2142 1207/2359/2034 1307/2360/2143
f 1307/2360/2143 1207/2359/2034 1295/2361/2144
f 1307/2360/2143 1295/2361/2144 1302/2362/2145
f 1302/2362/2145 1295/2361/2144 1296/2363/2146
f 1302/2362/2145 1296/2363/2146 1297/2364/2147
f 1298/2353/2138 1255/2352/2137 1303/2365/2148
f 1303/2365/2148 1255/2352/2137 1254/2366/2149
f 1303/2365/2148 1254/2366/2149 1229/2367/2065
f 1207/2359/2034 1305/2357/2141 1229/2367/2065
f 1229/2367/2065 1305/2357/2141 1304/2368/2150
f 1229/2367/2065 1304/2368/2150 1303/2365/2148
f 1303/2365/2148 1304/2368/2150 1298/2353/2138
f 1256/2354/2128 1300/2356/2140 1297/2364/2147
f 1297/2364/2147 1300/2356/2140 1301/2369/2151
f 1297/2364/2147 1301/2369/2151 1302/2362/2145
f 1302/2362/2145 1301/2369/2151 1307/2360/2143
f 1305/2357/2141 1299/2355/2139 1304/2368/2150
f 1304/2368/2150 1299/2355/2139 1298/2353/2138
f 1307/2360/2143 1301/2369/2151 1306/2358/2142
f 1306/2358/2142 1301/2369/2151 1300/2356/2140
f 1313/2370/2152 1297/2371/2147 1323/2372/2153
f 1323/2372/2153 1297/2371/2147 1296/2373/2154
f 1323/2372/2153 1296/2373/2154 1322/2374/2155
f 1322/2374/2155 1296/2373/2154 1321/2375/2156
f 1322/2374/2155 1321/2375/2156 1327/2376/2157
f 1327/2376/2157 1321/2375/2156 1326/2377/2158
f 1327/2376/2157 1326/2377/2158 1331/2378/2159
f 1331/2378/2159 1326/2377/2158 1330/2379/2160
f 1331/2378/2159 1330/2379/2160 1335/2380/2161
f 1335/2380/2161 1330/2379/2160 1334/2381/2162
f 1335/2380/2161 1334/2381/2162 1337/2382/2163
f 1337/2382/2163 1334/2381/2162 1338/2383/2164
f 1337/2382/2163 1338/2383/2164 1343/2384/2165
f 1343/2384/2165 1338/2383/2164 1342/2385/2166
f 1343/2384/2165 1342/2385/2166 1345/2386/2167
f 1345/2386/2167 1342/2385/2166 1346/2387/2168
f 1345/2386/2167 1346/2387/2168 1309/2388/2169
f 1309/2388/2169 1346/2387/2168 1308/2389/2170
f 1308/2389/2170 1346/2387/2168 1347/2390/2171
f 1308/2389/2170 1347/2390/2171 1348/2391/2172
f 1348/2391/2172 1347/2390/2171 1314/2392/2173
f 1348/2391/2172 1314/2392/2173 1202/2393/2174
f 1202/2393/2174 1314/2392/2173 1203/2394/2175
f 1203/2394/2175 1314/2392/2173 1340/2395/2176
f 1203/2394/2175 1340/2395/2176 1316/2396/2177
f 1316/2396/2177 1340/2395/2176 1339/2397/2178
f 1316/2396/2177 1339/2397/2178 1333/2398/2179
f 1333/2398/2179 1339/2397/2178 1338/2383/2164
f 1333/2398/2179 1338/2383/2164 1334/2381/2162
f 1296/2373/2154 1295/2399/2180 1321/2375/2156
f 1321/2375/2156 1295/2399/2180 1320/2400/2181
f 1321/2375/2156 1320/2400/2181 1326/2377/2158
f 1326/2377/2158 1320/2400/2181 1325/2401/2182
f 1326/2377/2158 1325/2401/2182 1330/2379/2160
f 1330/2379/2160 1325/2401/2182 1329/2402/2183
f 1330/2379/2160 1329/2402/2183 1334/2381/2162
f 1334/2381/2162 1329/2402/2183 1333/2398/2179
f 1320/2400/2181 1295/2399/2180 1319/2403/2184
f 1319/2403/2184 1295/2399/2180 1207/2404/2034
f 1319/2403/2184 1207/2404/2034 1206/2405/2185
f 1319/2403/2184 1206/2405/2185 1324/2406/2186
f 1324/2406/2186 1206/2405/2185 1205/2407/2187
f 1324/2406/2186 1205/2407/2187 1328/2408/2188
f 1328/2408/2188 1205/2407/2187 1204/2409/2189
f 1328/2408/2188 1204/2409/2189 1316/2396/2177
f 1316/2396/2177 1204/2409/2189 1203/2394/2175
f 1202/2393/2174 1178/2410/1992 1348/2391/2172
f 1348/2391/2172 1178/2410/1992 1308/2389/2170
f 1345/2386/2167 1309/2388/2169 1315/2411/2190
f 1315/2411/2190 1309/2388/2169 1310/2412/2191
f 1315/2411/2190 1310/2412/2191 1311/2413/2192
f 1312/2414/2193 1317/2415/2194 1311/2413/2192
f 1311/2413/2192 1317/2415/2194 1336/2416/2195
f 1311/2413/2192 1336/2416/2195 1344/2417/2196
f 1344/2417/2196 1336/2416/2195 1337/2382/2163
f 1344/2417/2196 1337/2382/2163 1343/2384/2165
f 1313/2370/2152 1318/2418/2197 1312/2414/2193
f 1312/2414/2193 1318/2418/2197 1332/2419/2198
f 1312/2414/2193 1332/2419/2198 1317/2415/2194
f 1317/2415/2194 1332/2419/2198 1331/2378/2159
f 1317/2415/2194 1331/2378/2159 1335/2380/2161
f 1318/2418/2197 1313/2370/2152 1323/2372/2153
f 1311/2413/2192 1344/2417/2196 1315/2411/2190
f 1315/2411/2190 1344/2417/2196 1343/2384/2165
f 1315/2411/2190 1343/2384/2165 1345/2386/2167
f 1325/2401/2182 1320/2400/2181 1319/2403/2184
f 1318/2418/2197 1323/2372/2153 1322/2374/2155
f 1318/2418/2197 1322/2374/2155 1327/2376/2157
f 1329/2402/2183 1325/2401/2182 1324/2406/2186
f 1324/2406/2186 1325/2401/2182 1319/2403/2184
f 1332/2419/2198 1318/2418/2197 1327/2376/2157
f 1332/2419/2198 1327/2376/2157 1331/2378/2159
f 1333/2398/2179 1329/2402/2183 1328/2408/2188
f 1328/2408/2188 1329/2402/2183 1324/2406/2186
f 1316/2396/2177 1333/2398/2179 1328/2408/2188
f 1336/2416/2195 1317/2415/2194 1335/2380/2161
f 1336/2416/2195 1335/2380/2161 1337/2382/2163
f 1338/2383/2164 1339/2397/2178 1342/2385/2166
f 1342/2385/2166 1339/2397/2178 1341/2420/2199
f 1342/2385/2166 1341/2420/2199 1346/2387/2168
f 1346/2387/2168 1341/2420/2199 1347/2390/2171
f 1339/2397/2178 1340/2395/2176 1341/2420/2199
f 1341/2420/2199 1340/2395/2176 1314/2392/2173
f 1341/2420/2199 1314/2392/2173 1347/2390/2171
f 1309/2421/2200 1352/2422/2201 1310/2423/2191
f 1310/2423/2191 1352/2422/2201 1353/2424/2202
f 1310/2423/2191 1353/2424/2202 1351/2425/2203
f 1351/2425/2203 1353/2424/2202 1350/2426/2204
f 1350/2426/2204 1353/2424/2202 1349/2427/2205
f 1349/2427/2205 1353/2424/2202 1355/2428/2206
f 1349/2427/2205 1355/2428/2206 1177/2429/1993
f 1177/2429/1993 1355/2428/2206 1354/2430/2207
f 1177/2429/1993 1354/2430/2207 1178/2431/1992
f 1178/2431/1992 1354/2430/2207 1308/2432/2208
f 1308/2432/2208 1354/2430/2207 1309/2421/2200
f 1309/2421/2200 1354/2430/2207 1352/2422/2201
f 1355/2428/2206 1353/2424/2202 1352/2422/2201
f 1355/2428/2206 1352/2422/2201 1354/2430/2207
f 1362/2433/2209 1351/2434/2210 1368/2435/2211
f 1368/2435/2211 1351/2434/2210 1350/2436/2212
f 1368/2435/2211 1350/2436/2212 1367/2437/2213
f 1367/2437/2213 1350/2436/2212 1366/2438/2214
f 1367/2437/2213 1366/2438/2214 1372/2439/2215
f 1372/2439/2215 1366/2438/2214 1371/2440/2216
f 1372/2439/2215 1371/2440/2216 1377/2441/2217
f 1377/2441/2217 1371/2440/2216 1376/2442/2218
f 1377/2441/2217 1376/2442/2218 1382/2443/2219
f 1382/2443/2219 1376/2442/2218 1381/2444/2220
f 1382/2443/2219 1381/2444/2220 1387/2445/2221
f 1387/2445/2221 1381/2444/2220 1386/2446/2222
f 1387/2445/2221 1386/2446/2222 1391/2447/2223
f 1391/2447/2223 1386/2446/2222 1390/2448/2224
f 1391/2447/2223 1390/2448/2224 1357/2449/2225
f 1357/2449/2225 1390/2448/2224 1356/2450/2226
f 1356/2450/2226 1390/2448/2224 1389/2451/2227
f 1356/2450/2226 1389/2451/2227 1388/2452/2228
f 1388/2452/2228 1389/2451/2227 1384/2453/2229
f 1388/2452/2228 1384/2453/2229 1218/2454/2230
f 1218/2454/2230 1384/2453/2229 1219/2455/2231
f 1219/2455/2231 1384/2453/2229 1379/2456/2232
f 1219/2455/2231 1379/2456/2232 1220/2457/2233
f 1220/2457/2233 1379/2456/2232 1374/2458/2234
f 1220/2457/2233 1374/2458/2234 1221/2459/2235
f 1221/2459/2235 1374/2458/2234 1369/2460/2236
f 1221/2459/2235 1369/2460/2236 1222/2461/2237
f 1222/2461/2237 1369/2460/2236 1364/2462/2238
f 1222/2461/2237 1364/2462/2238 1177/2463/1993
f 1177/2463/1993 1364/2462/2238 1349/2464/2239
f 1349/2464/2239 1364/2462/2238 1365/2465/2240
f 1349/2464/2239 1365/2465/2240 1366/2438/2214
f 1366/2438/2214 1365/2465/2240 1371/2440/2216
f 1350/2436/2212 1349/2464/2239 1366/2438/2214
f 1218/2454/2230 1217/2466/2241 1388/2452/2228
f 1388/2452/2228 1217/2466/2241 1356/2450/2226
f 1391/2447/2223 1357/2449/2225 1392/2467/2242
f 1392/2467/2242 1357/2449/2225 1358/2468/2243
f 1392/2467/2242 1358/2468/2243 1359/2469/2244
f 1392/2467/2242 1359/2469/2244 1363/2470/2245
f 1363/2470/2245 1359/2469/2244 1360/2471/2246
f 1363/2470/2245 1360/2471/2246 1383/2472/2247
f 1383/2472/2247 1360/2471/2246 1378/2473/2248
f 1383/2472/2247 1378/2473/2248 1377/2441/2217
f 1377/2441/2217 1378/2473/2248 1372/2439/2215
f 1360/2471/2246 1361/2474/2249 1378/2473/2248
f 1378/2473/2248 1361/2474/2249 1373/2475/2250
f 1378/2473/2248 1373/2475/2250 1372/2439/2215
f 1372/2439/2215 1373/2475/2250 1367/2437/2213
f 1361/2474/2249 1362/2433/2209 1373/2475/2250
f 1373/2475/2250 1362/2433/2209 1368/2435/2211
f 1373/2475/2250 1368/2435/2211 1367/2437/2213
f 1365/2465/2240 1364/2462/2238 1370/2476/2251
f 1370/2476/2251 1364/2462/2238 1369/2460/2236
f 1370/2476/2251 1369/2460/2236 1375/2477/2252
f 1375/2477/2252 1369/2460/2236 1374/2458/2234
f 1375/2477/2252 1374/2458/2234 1380/2478/2253
f 1380/2478/2253 1374/2458/2234 1379/2456/2232
f 1380/2478/2253 1379/2456/2232 1385/2479/2254
f 1385/2479/2254 1379/2456/2232 1384/2453/2229
f 1385/2479/2254 1384/2453/2229 1389/2451/2227
f 1376/2442/2218 1371/2440/2216 1370/2476/2251
f 1370/2476/2251 1371/2440/2216 1365/2465/2240
f 1376/2442/2218 1370/2476/2251 1375/2477/2252
f 1381/2444/2220 1376/2442/2218 1375/2477/2252
f 1381/2444/2220 1375/2477/2252 1380/2478/2253
f 1383/2472/2247 1377/2441/2217 1382/2443/2219
f 1386/2446/2222 1381/2444/2220 1380/2478/2253
f 1386/2446/2222 1380/2478/2253 1385/2479/2254
f 1363/2470/2245 1383/2472/2247 1382/2443/2219
f 1363/2470/2245 1382/2443/2219 1387/2445/2221
f 1390/2448/2224 1386/2446/2222 1385/2479/2254
f 1390/2448/2224 1385/2479/2254 1389/2451/2227
f 1392/2467/2242 1363/2470/2245 1387/2445/2221
f 1392/2467/2242 1387/2445/2221 1391/2447/2223
f 1226/2480/2255 1225/2481/2256 1403/2482/2257
f 1403/2482/2257 1225/2481/2256 1393/2483/2258
f 1403/2482/2257 1393/2483/2258 1404/2484/2259
f 1404/2484/2259 1393/2483/2258 1394/2485/2260
f 1404/2484/2259 1394/2485/2260 1402/2486/2261
f 1402/2486/2261 1394/2485/2260 1401/2487/2262
f 1401/2487/2262 1394/2485/2260 1395/2488/2263
f 1401/2487/2262 1395/2488/2263 1400/2489/2264
f 1400/2489/2264 1395/2488/2263 1184/2490/2265
f 1400/2489/2264 1184/2490/2265 1399/2491/2266
f 1399/2491/2266 1184/2490/2265 1398/2492/2267
f 1398/2492/2267 1184/2490/2265 1397/2493/2268
f 1397/2493/2268 1184/2490/2265 1396/2494/2269
f 1402/2486/2261 1403/2482/2257 1404/2484/2259
f 1417/2495/2270 1405/2496/2271 1423/2497/2272
f 1423/2497/2272 1405/2496/2271 1406/2498/2273
f 1423/2497/2272 1406/2498/2273 1422/2499/2274
f 1422/2499/2274 1406/2498/2273 1421/2500/2275
f 1422/2499/2274 1421/2500/2275 1427/2501/2276
f 1427/2501/2276 1421/2500/2275 1426/2502/2277
f 1427/2501/2276 1426/2502/2277 1432/2503/2278
f 1432/2503/2278 1426/2502/2277 1431/2504/2279
f 1432/2503/2278 1431/2504/2279 1437/2505/2280
f 1437/2505/2280 1431/2504/2279 1436/2506/2281
f 1437/2505/2280 1436/2506/2281 1441/2507/2282
f 1441/2507/2282 1436/2506/2281 1440/2508/2283
f 1441/2507/2282 1440/2508/2283 1446/2509/2284
f 1446/2509/2284 1440/2508/2283 1445/2510/2285
f 1446/2509/2284 1445/2510/2285 1245/2511/2286
f 1245/2511/2286 1445/2510/2285 1246/2512/2287
f 1246/2512/2287 1445/2510/2285 1444/2513/2288
f 1246/2512/2287 1444/2513/2288 1443/2514/2289
f 1443/2514/2289 1444/2513/2288 1438/2515/2290
f 1443/2514/2289 1438/2515/2290 1413/2516/2291
f 1413/2516/2291 1438/2515/2290 1412/2517/2292
f 1412/2517/2292 1438/2515/2290 1434/2518/2293
f 1412/2517/2292 1434/2518/2293 1411/2519/2294
f 1411/2519/2294 1434/2518/2293 1429/2520/2295
f 1411/2519/2294 1429/2520/2295 1410/2521/2296
f 1410/2521/2296 1429/2520/2295 1424/2522/2297
f 1410/2521/2296 1424/2522/2297 1409/2523/2298
f 1409/2523/2298 1424/2522/2297 1419/2524/2299
f 1409/2523/2298 1419/2524/2299 1408/2525/2300
f 1408/2525/2300 1419/2524/2299 1407/2526/2301
f 1407/2526/2301 1419/2524/2299 1420/2527/2302
f 1407/2526/2301 1420/2527/2302 1421/2500/2275
f 1421/2500/2275 1420/2527/2302 1426/2502/2277
f 1406/2498/2273 1407/2526/2301 1421/2500/2275
f 1413/2516/2291 1180/2528/2303 1443/2514/2289
f 1443/2514/2289 1180/2528/2303 1246/2512/2287
f 1446/2509/2284 1245/2511/2286 1447/2529/2304
f 1447/2529/2304 1245/2511/2286 1244/2530/2081
f 1447/2529/2304 1244/2530/2081 1414/2531/2305
f 1447/2529/2304 1414/2531/2305 1442/2532/2306
f 1442/2532/2306 1414/2531/2305 1415/2533/2307
f 1442/2532/2306 1415/2533/2307 1418/2534/2308
f 1418/2534/2308 1415/2533/2307 1416/2535/2309
f 1418/2534/2308 1416/2535/2309 1433/2536/2310
f 1433/2536/2310 1416/2535/2309 1428/2537/2311
f 1433/2536/2310 1428/2537/2311 1427/2501/2276
f 1427/2501/2276 1428/2537/2311 1422/2499/2274
f 1416/2535/2309 1417/2495/2270 1428/2537/2311
f 1428/2537/2311 1417/2495/2270 1423/2497/2272
f 1428/2537/2311 1423/2497/2272 1422/2499/2274
f 1420/2527/2302 1419/2524/2299 1425/2538/2312
f 1425/2538/2312 1419/2524/2299 1424/2522/2297
f 1425/2538/2312 1424/2522/2297 1430/2539/2313
f 1430/2539/2313 1424/2522/2297 1429/2520/2295
f 1430/2539/2313 1429/2520/2295 1435/2540/2314
f 1435/2540/2314 1429/2520/2295 1434/2518/2293
f 1435/2540/2314 1434/2518/2293 1439/2541/2315
f 1439/2541/2315 1434/2518/2293 1438/2515/2290
f 1439/2541/2315 1438/2515/2290 1444/2513/2288
f 1431/2504/2279 1426/2502/2277 1425/2538/2312
f 1425/2538/2312 1426/2502/2277 1420/2527/2302
f 1431/2504/2279 1425/2538/2312 1430/2539/2313
f 1433/2536/2310 1427/2501/2276 1432/2503/2278
f 1436/2506/2281 1431/2504/2279 1430/2539/2313
f 1436/2506/2281 1430/2539/2313 1435/2540/2314
f 1418/2534/2308 1433/2536/2310 1432/2503/2278
f 1418/2534/2308 1432/2503/2278 1437/2505/2280
f 1440/2508/2283 1436/2506/2281 1435/2540/2314
f 1440/2508/2283 1435/2540/2314 1439/2541/2315
f 1442/2532/2306 1418/2534/2308 1437/2505/2280
f 1442/2532/2306 1437/2505/2280 1441/2507/2282
f 1445/2510/2285 1440/2508/2283 1439/2541/2315
f 1445/2510/2285 1439/2541/2315 1444/2513/2288
f 1447/2529/2304 1442/2532/2306 1441/2507/2282
f 1447/2529/2304 1441/2507/2282 1446/2509/2284
f 1448/2542/2316 1449/2543/2317 1408/2544/2318
f 1408/2544/2318 1449/2543/2317 1450/2545/2319
f 1408/2544/2318 1450/2545/2319 1198/2546/2320
f 1198/2546/2320 1450/2545/2319 1199/2547/2321
f 792/2548/2322 1451/2549/2323 793/2550/2048
f 793/2550/2048 1451/2549/2323 1217/2551/2047
f 1217/2551/2047 1451/2549/2323 1452/2552/2324
f 1217/2551/2047 1452/2552/2324 1453/2553/2325
f 1192/2554/2326 1454/2555/2327 1405/2556/2271
f 1405/2556/2271 1454/2555/2327 1406/2557/2328
f 1406/2557/2328 1454/2555/2327 1455/2558/2329
f 1406/2557/2328 1455/2558/2329 1456/2559/2330
f 1406/2557/2328 1456/2559/2330 1407/2560/2331
f 1407/2560/2331 1456/2559/2330 1448/2561/2332
f 1407/2560/2331 1448/2561/2332 1408/2562/2318
f 1453/2563/2333 1457/2564/2334 1217/2565/2047
f 1217/2565/2047 1457/2564/2334 1356/2566/2335
f 1356/2566/2335 1457/2564/2334 1458/2567/2336
f 1356/2566/2335 1458/2567/2336 1357/2568/2337
f 1357/2568/2337 1458/2567/2336 1459/2569/2338
f 1357/2568/2337 1459/2569/2338 1358/2570/2243
f 1358/2570/2243 1459/2569/2338 1460/2571/2339
f 1358/2570/2243 1460/2571/2339 1461/2572/2340
f 1461/2572/2340 1462/2573/2341 1358/2570/2243
f 1358/2570/2243 1462/2573/2341 1463/2574/2342
f 1358/2570/2243 1463/2574/2342 1464/2575/2343
f 1198/2576/2320 1201/2577/2344 1408/2578/2318
f 1408/2578/2318 1201/2577/2344 1409/2579/2345
f 1409/2579/2345 1201/2577/2344 1200/2580/2346
f 1409/2579/2345 1200/2580/2346 1197/2581/2347
f 1409/2579/2345 1197/2581/2347 1410/2582/2348
f 1410/2582/2348 1197/2581/2347 1196/2583/2349
f 1410/2582/2348 1196/2583/2349 1411/2584/2350
f 1411/2584/2350 1196/2583/2349 1412/2585/2351
f 1412/2585/2351 1196/2583/2349 1195/2586/2352
f 1412/2585/2351 1195/2586/2352 1413/2587/2353
f 1413/2587/2353 1195/2586/2352 1194/2588/2354
f 1413/2587/2353 1194/2588/2354 1180/2589/1994
f 1180/2589/1994 1194/2588/2354 1193/2590/2355
f 1180/2589/1994 1193/2590/2355 1181/2591/1995
f 1465/2592/2356 1043/2593/2357 1449/2594/2358
f 1449/2594/2358 1043/2593/2357 1042/2595/2359
f 1449/2594/2358 1042/2595/2359 1450/2596/2360
f 1450/2596/2360 1042/2595/2359 1041/2597/2361
f 1450/2596/2360 1041/2597/2361 1199/2598/2362
f 1043/2593/2357 1465/2592/2356 1044/2599/2363
f 1044/2599/2363 1465/2592/2356 1466/2600/2364
f 1044/2599/2363 1466/2600/2364 1045/2601/2365
f 1045/2601/2365 1466/2600/2364 1467/2602/2366
f 1045/2601/2365 1467/2602/2366 1046/2603/2367
f 1046/2603/2367 1467/2602/2366 1468/2604/2368
f 1046/2603/2367 1468/2604/2368 1047/2605/2369
f 1047/2605/2369 1468/2604/2368 1469/2606/2370
f 1047/2605/2369 1469/2606/2370 1048/2607/2371
f 1048/2607/2371 1469/2606/2370 1470/2608/2372
f 1048/2607/2371 1470/2608/2372 1049/2609/2373
f 1049/2609/2373 1470/2608/2372 1471/2610/2374
f 1049/2609/2373 1471/2610/2374 1050/2611/2375
f 1050/2611/2375 1471/2610/2374 1472/2612/2376
f 1050/2611/2375 1472/2612/2376 1473/2613/2377
f 1050/2611/2375 1473/2613/2377 1051/2614/2378
f 1051/2614/2378 1473/2613/2377 1474/2615/2379
f 1051/2614/2378 1474/2615/2379 1052/2616/2380
f 1052/2616/2380 1474/2615/2379 1224/2617/2381
f 1052/2616/2380 1224/2617/2381 1053/2618/2382
f 1053/2618/2382 1224/2617/2381 1223/2619/2383
f 1053/2618/2382 1223/2619/2383 791/2620/1538
f 791/2620/1538 1223/2619/2383 783/2621/1536
f 1185/2622/2384 1184/2623/2385 1487/2624/2386
f 1487/2624/2386 1184/2623/2385 1395/2625/2387
f 1487/2624/2386 1395/2625/2387 1486/2626/2388
f 1486/2626/2388 1395/2625/2387 1488/2627/2389
f 1486/2626/2388 1488/2627/2389 1489/2628/2390
f 1489/2628/2390 1488/2627/2389 1394/2629/2391
f 1489/2628/2390 1394/2629/2391 1490/2630/2392
f 1490/2630/2392 1394/2629/2391 1393/2631/2393
f 1490/2630/2392 1393/2631/2393 1474/2632/2394
f 1474/2632/2394 1393/2631/2393 1225/2633/2395
f 1474/2632/2394 1225/2633/2395 1224/2634/2381
f 1395/2625/2387 1394/2629/2391 1488/2627/2389
f 1474/2632/2394 1473/2635/2396 1490/2630/2392
f 1490/2630/2392 1473/2635/2396 1484/2636/2397
f 1490/2630/2392 1484/2636/2397 1485/2637/2398
f 1485/2637/2398 1484/2636/2397 1492/2638/2399
f 1485/2637/2398 1492/2638/2399 1493/2639/2400
f 1493/2639/2400 1492/2638/2399 1497/2640/2401
f 1493/2639/2400 1497/2640/2401 1498/2641/2402
f 1498/2641/2402 1497/2640/2401 1501/2642/2403
f 1498/2641/2402 1501/2642/2403 1187/2643/2404
f 1187/2643/2404 1501/2642/2403 1483/2644/2405
f 1187/2643/2404 1483/2644/2405 1188/2645/2406
f 1188/2645/2406 1483/2644/2405 1481/2646/2407
f 1188/2645/2406 1481/2646/2407 1189/2647/2408
f 1189/2647/2408 1481/2646/2407 1510/2648/2409
f 1189/2647/2408 1510/2648/2409 1513/2649/2410
f 1513/2649/2410 1510/2648/2409 1509/2650/2411
f 1513/2649/2410 1509/2650/2411 1512/2651/2412
f 1512/2651/2412 1509/2650/2411 1508/2652/2413
f 1512/2651/2412 1508/2652/2413 1511/2653/2414
f 1511/2653/2414 1508/2652/2413 1507/2654/2415
f 1511/2653/2414 1507/2654/2415 1478/2655/2416
f 1478/2655/2416 1507/2654/2415 1468/2656/2417
f 1478/2655/2416 1468/2656/2417 1467/2657/2418
f 1473/2635/2396 1472/2658/2419 1484/2636/2397
f 1484/2636/2397 1472/2658/2419 1491/2659/2420
f 1484/2636/2397 1491/2659/2420 1492/2638/2399
f 1492/2638/2399 1491/2659/2420 1496/2660/2421
f 1492/2638/2399 1496/2660/2421 1497/2640/2401
f 1497/2640/2401 1496/2660/2421 1502/2661/2422
f 1497/2640/2401 1502/2661/2422 1501/2642/2403
f 1501/2642/2403 1502/2661/2422 1483/2644/2405
f 1472/2658/2419 1471/2662/2423 1491/2659/2420
f 1491/2659/2420 1471/2662/2423 1495/2663/2424
f 1491/2659/2420 1495/2663/2424 1496/2660/2421
f 1496/2660/2421 1495/2663/2424 1503/2664/2425
f 1496/2660/2421 1503/2664/2425 1502/2661/2422
f 1502/2661/2422 1503/2664/2425 1500/2665/2426
f 1502/2661/2422 1500/2665/2426 1483/2644/2405
f 1483/2644/2405 1500/2665/2426 1481/2646/2407
f 1495/2663/2424 1471/2662/2423 1482/2666/2427
f 1482/2666/2427 1471/2662/2423 1470/2667/2428
f 1482/2666/2427 1470/2667/2428 1480/2668/2429
f 1480/2668/2429 1470/2667/2428 1469/2669/2430
f 1480/2668/2429 1469/2669/2430 1506/2670/2431
f 1506/2670/2431 1469/2669/2430 1507/2654/2415
f 1506/2670/2431 1507/2654/2415 1508/2652/2413
f 1469/2669/2430 1468/2656/2417 1507/2654/2415
f 1466/2671/2432 1476/2672/2433 1467/2657/2418
f 1467/2657/2418 1476/2672/2433 1519/2673/2434
f 1467/2657/2418 1519/2673/2434 1478/2655/2416
f 1478/2655/2416 1519/2673/2434 1518/2674/2435
f 1478/2655/2416 1518/2674/2435 1511/2653/2414
f 1511/2653/2414 1518/2674/2435 1517/2675/2436
f 1511/2653/2414 1517/2675/2436 1512/2651/2412
f 1512/2651/2412 1517/2675/2436 1479/2676/2437
f 1512/2651/2412 1479/2676/2437 1513/2649/2410
f 1513/2649/2410 1479/2676/2437 1190/2677/2438
f 1513/2649/2410 1190/2677/2438 1189/2647/2408
f 1465/2678/2439 1475/2679/2440 1466/2671/2432
f 1466/2671/2432 1475/2679/2440 1525/2680/2441
f 1466/2671/2432 1525/2680/2441 1476/2672/2433
f 1476/2672/2433 1525/2680/2441 1524/2681/2442
f 1476/2672/2433 1524/2681/2442 1514/2682/2443
f 1514/2682/2443 1524/2681/2442 1523/2683/2444
f 1514/2682/2443 1523/2683/2444 1515/2684/2445
f 1515/2684/2445 1523/2683/2444 1477/2685/2446
f 1515/2684/2445 1477/2685/2446 1516/2686/2447
f 1516/2686/2447 1477/2685/2446 1191/2687/2448
f 1516/2686/2447 1191/2687/2448 1479/2676/2437
f 1479/2676/2437 1191/2687/2448 1190/2677/2438
f 1449/2688/2449 1448/2689/2450 1465/2678/2439
f 1465/2678/2439 1448/2689/2450 1456/2690/2451
f 1465/2678/2439 1456/2690/2451 1530/2691/2452
f 1530/2691/2452 1456/2690/2451 1455/2692/2453
f 1530/2691/2452 1455/2692/2453 1531/2693/2454
f 1531/2693/2454 1455/2692/2453 1527/2694/2455
f 1531/2693/2454 1527/2694/2455 1528/2695/2456
f 1528/2695/2456 1527/2694/2455 1520/2696/2457
f 1528/2695/2456 1520/2696/2457 1475/2679/2440
f 1475/2679/2440 1520/2696/2457 1525/2680/2441
f 1455/2692/2453 1454/2697/2458 1527/2694/2455
f 1527/2694/2455 1454/2697/2458 1526/2698/2459
f 1527/2694/2455 1526/2698/2459 1521/2699/2460
f 1521/2699/2460 1526/2698/2459 1522/2700/2461
f 1521/2699/2460 1522/2700/2461 1523/2683/2444
f 1523/2683/2444 1522/2700/2461 1477/2685/2446
f 1454/2697/2458 1192/2701/2462 1526/2698/2459
f 1526/2698/2459 1192/2701/2462 1522/2700/2461
f 1522/2700/2461 1192/2701/2462 1477/2685/2446
f 1477/2685/2446 1192/2701/2462 1191/2687/2448
f 1187/2643/2404 1186/2702/2463 1498/2641/2402
f 1498/2641/2402 1186/2702/2463 1494/2703/2464
f 1498/2641/2402 1494/2703/2464 1493/2639/2400
f 1493/2639/2400 1494/2703/2464 1486/2626/2388
f 1493/2639/2400 1486/2626/2388 1485/2637/2398
f 1485/2637/2398 1486/2626/2388 1489/2628/2390
f 1485/2637/2398 1489/2628/2390 1490/2630/2392
f 1186/2702/2463 1185/2622/2384 1494/2703/2464
f 1494/2703/2464 1185/2622/2384 1487/2624/2386
f 1494/2703/2464 1487/2624/2386 1486/2626/2388
f 1475/2679/2440 1465/2678/2439 1529/2704/2465
f 1529/2704/2465 1465/2678/2439 1530/2691/2452
f 1529/2704/2465 1530/2691/2452 1531/2693/2454
f 1480/2668/2429 1499/2705/2466 1482/2666/2427
f 1482/2666/2427 1499/2705/2466 1503/2664/2425
f 1482/2666/2427 1503/2664/2425 1495/2663/2424
f 1503/2664/2425 1499/2705/2466 1500/2665/2426
f 1500/2665/2426 1499/2705/2466 1504/2706/2467
f 1500/2665/2426 1504/2706/2467 1481/2646/2407
f 1481/2646/2407 1504/2706/2467 1510/2648/2409
f 1499/2705/2466 1480/2668/2429 1505/2707/2468
f 1505/2707/2468 1480/2668/2429 1506/2670/2431
f 1505/2707/2468 1506/2670/2431 1508/2652/2413
f 1509/2650/2411 1510/2648/2409 1504/2706/2467
f 1508/2652/2413 1509/2650/2411 1505/2707/2468
f 1505/2707/2468 1509/2650/2411 1504/2706/2467
f 1505/2707/2468 1504/2706/2467 1499/2705/2466
f 1518/2674/2435 1519/2673/2434 1514/2682/2443
f 1514/2682/2443 1519/2673/2434 1476/2672/2433
f 1517/2675/2436 1518/2674/2435 1515/2684/2445
f 1515/2684/2445 1518/2674/2435 1514/2682/2443
f 1479/2676/2437 1517/2675/2436 1516/2686/2447
f 1516/2686/2447 1517/2675/2436 1515/2684/2445
f 1524/2681/2442 1525/2680/2441 1520/2696/2457
f 1523/2683/2444 1524/2681/2442 1521/2699/2460
f 1521/2699/2460 1524/2681/2442 1520/2696/2457
f 1521/2699/2460 1520/2696/2457 1527/2694/2455
f 1529/2704/2465 1531/2693/2454 1528/2695/2456
f 1475/2679/2440 1529/2704/2465 1528/2695/2456
f 1532/2708/2469 899/2709/2470 1227/2710/2471
f 1227/2710/2471 899/2709/2470 898/2711/2472
f 1227/2710/2471 898/2711/2472 1228/2712/2473
f 1228/2712/2473 898/2711/2472 788/2713/1543
f 1228/2712/2473 788/2713/1543 787/2714/1544
f 899/2709/2470 1532/2708/2469 900/2715/2474
f 900/2715/2474 1532/2708/2469 1533/2716/2475
f 900/2715/2474 1533/2716/2475 901/2717/2476
f 901/2717/2476 1533/2716/2475 1534/2718/2477
f 901/2717/2476 1534/2718/2477 902/2719/2478
f 902/2719/2478 1534/2718/2477 1535/2720/2479
f 902/2719/2478 1535/2720/2479 903/2721/2480
f 903/2721/2480 1535/2720/2479 1536/2722/2481
f 903/2721/2480 1536/2722/2481 904/2723/2482
f 904/2723/2482 1536/2722/2481 1537/2724/2483
f 904/2723/2482 1537/2724/2483 905/2725/2484
f 905/2725/2484 1537/2724/2483 1452/2726/2485
f 905/2725/2484 1452/2726/2485 906/2727/2486
f 906/2727/2486 1452/2726/2485 1451/2728/2487
f 906/2727/2486 1451/2728/2487 805/2729/2488
f 805/2729/2488 1451/2728/2487 792/2730/2489
f 1540/2731/2490 1464/2732/2491 1552/2733/2492
f 1552/2733/2492 1464/2732/2491 1463/2734/2493
f 1552/2733/2492 1463/2734/2493 1462/2735/2494
f 1552/2733/2492 1462/2735/2494 1556/2736/2495
f 1556/2736/2495 1462/2735/2494 1461/2737/2496
f 1556/2736/2495 1461/2737/2496 1557/2738/2497
f 1557/2738/2497 1461/2737/2496 1561/2739/2498
f 1557/2738/2497 1561/2739/2498 1562/2740/2499
f 1562/2740/2499 1561/2739/2498 1460/2741/2500
f 1562/2740/2499 1460/2741/2500 1564/2742/2501
f 1564/2742/2501 1460/2741/2500 1459/2743/2502
f 1564/2742/2501 1459/2743/2502 1565/2744/2503
f 1565/2744/2503 1459/2743/2502 1458/2745/2504
f 1565/2744/2503 1458/2745/2504 1566/2746/2505
f 1566/2746/2505 1458/2745/2504 1546/2747/2506
f 1566/2746/2505 1546/2747/2506 1537/2748/2507
f 1537/2748/2507 1546/2747/2506 1457/2749/2508
f 1537/2748/2507 1457/2749/2508 1453/2750/2509
f 1461/2737/2496 1460/2741/2500 1561/2739/2498
f 1458/2745/2504 1457/2749/2508 1546/2747/2506
f 1453/2750/2509 1452/2751/2485 1537/2748/2507
f 1566/2746/2505 1537/2748/2507 1545/2752/2510
f 1545/2752/2510 1537/2748/2507 1536/2753/2511
f 1545/2752/2510 1536/2753/2511 1560/2754/2512
f 1560/2754/2512 1536/2753/2511 1535/2755/2513
f 1560/2754/2512 1535/2755/2513 1544/2756/2514
f 1544/2756/2514 1535/2755/2513 1534/2757/2515
f 1544/2756/2514 1534/2757/2515 1547/2758/2516
f 1547/2758/2516 1534/2757/2515 1543/2759/2517
f 1547/2758/2516 1543/2759/2517 1567/2760/2518
f 1567/2760/2518 1543/2759/2517 1573/2761/2519
f 1567/2760/2518 1573/2761/2519 1572/2762/2520
f 1572/2762/2520 1573/2761/2519 1576/2763/2521
f 1572/2762/2520 1576/2763/2521 1577/2764/2522
f 1577/2764/2522 1576/2763/2521 1401/2765/2523
f 1577/2764/2522 1401/2765/2523 1400/2766/2524
f 1534/2757/2515 1533/2767/2525 1543/2759/2517
f 1543/2759/2517 1533/2767/2525 1574/2768/2526
f 1543/2759/2517 1574/2768/2526 1573/2761/2519
f 1573/2761/2519 1574/2768/2526 1575/2769/2527
f 1573/2761/2519 1575/2769/2527 1576/2763/2521
f 1576/2763/2521 1575/2769/2527 1578/2770/2528
f 1576/2763/2521 1578/2770/2528 1401/2765/2523
f 1401/2765/2523 1578/2770/2528 1402/2771/2529
f 1402/2771/2529 1578/2770/2528 1579/2772/2530
f 1402/2771/2529 1579/2772/2530 1582/2773/2531
f 1582/2773/2531 1579/2772/2530 1580/2774/2532
f 1582/2773/2531 1580/2774/2532 1581/2775/2533
f 1581/2775/2533 1580/2774/2532 1532/2776/2534
f 1581/2775/2533 1532/2776/2534 1541/2777/2535
f 1541/2777/2535 1532/2776/2534 1226/2778/2536
f 1541/2777/2535 1226/2778/2536 1403/2779/2537
f 1574/2768/2526 1533/2767/2525 1542/2780/2538
f 1542/2780/2538 1533/2767/2525 1532/2776/2534
f 1542/2780/2538 1532/2776/2534 1580/2774/2532
f 1532/2776/2534 1227/2781/2471 1226/2778/2536
f 1402/2771/2529 1582/2773/2531 1403/2779/2537
f 1403/2779/2537 1582/2773/2531 1581/2775/2533
f 1403/2779/2537 1581/2775/2533 1541/2777/2535
f 1399/2782/2539 1570/2783/2540 1400/2766/2524
f 1400/2766/2524 1570/2783/2540 1571/2784/2541
f 1400/2766/2524 1571/2784/2541 1577/2764/2522
f 1577/2764/2522 1571/2784/2541 1572/2762/2520
f 1399/2782/2539 1398/2785/2542 1570/2783/2540
f 1570/2783/2540 1398/2785/2542 1551/2786/2543
f 1570/2783/2540 1551/2786/2543 1550/2787/2544
f 1550/2787/2544 1551/2786/2543 1553/2788/2545
f 1550/2787/2544 1553/2788/2545 1554/2789/2546
f 1554/2789/2546 1553/2788/2545 1558/2790/2547
f 1554/2789/2546 1558/2790/2547 1559/2791/2548
f 1559/2791/2548 1558/2790/2547 1563/2792/2549
f 1559/2791/2548 1563/2792/2549 1545/2752/2510
f 1545/2752/2510 1563/2792/2549 1566/2746/2505
f 1398/2785/2542 1397/2793/2550 1551/2786/2543
f 1551/2786/2543 1397/2793/2550 1396/2794/2551
f 1551/2786/2543 1396/2794/2551 1552/2733/2492
f 1552/2733/2492 1396/2794/2551 1538/2795/2552
f 1552/2733/2492 1538/2795/2552 1539/2796/2553
f 1539/2796/2553 1540/2731/2490 1552/2733/2492
f 1547/2758/2516 1548/2797/2554 1544/2756/2514
f 1544/2756/2514 1548/2797/2554 1555/2798/2555
f 1544/2756/2514 1555/2798/2555 1560/2754/2512
f 1560/2754/2512 1555/2798/2555 1559/2791/2548
f 1560/2754/2512 1559/2791/2548 1545/2752/2510
f 1548/2797/2554 1549/2799/2556 1555/2798/2555
f 1555/2798/2555 1549/2799/2556 1554/2789/2546
f 1555/2798/2555 1554/2789/2546 1559/2791/2548
f 1547/2758/2516 1567/2760/2518 1548/2797/2554
f 1548/2797/2554 1567/2760/2518 1568/2800/2557
f 1548/2797/2554 1568/2800/2557 1549/2799/2556
f 1549/2799/2556 1568/2800/2557 1569/2801/2558
f 1549/2799/2556 1569/2801/2558 1550/2787/2544
f 1550/2787/2544 1569/2801/2558 1570/2783/2540
f 1549/2799/2556 1550/2787/2544 1554/2789/2546
f 1551/2786/2543 1552/2733/2492 1553/2788/2545
f 1553/2788/2545 1552/2733/2492 1557/2738/2497
f 1553/2788/2545 1557/2738/2497 1558/2790/2547
f 1558/2790/2547 1557/2738/2497 1562/2740/2499
f 1558/2790/2547 1562/2740/2499 1563/2792/2549
f 1563/2792/2549 1562/2740/2499 1565/2744/2503
f 1563/2792/2549 1565/2744/2503 1566/2746/2505
f 1556/2736/2495 1557/2738/2497 1552/2733/2492
f 1564/2742/2501 1565/2744/2503 1562/2740/2499
f 1567/2760/2518 1572/2762/2520 1568/2800/2557
f 1568/2800/2557 1572/2762/2520 1571/2784/2541
f 1568/2800/2557 1571/2784/2541 1569/2801/2558
f 1569/2801/2558 1571/2784/2541 1570/2783/2540
f 1574/2768/2526 1542/2780/2538 1575/2769/2527
f 1575/2769/2527 1542/2780/2538 1579/2772/2530
f 1575/2769/2527 1579/2772/2530 1578/2770/2528
f 1580/2774/2532 1579/2772/2530 1542/2780/2538
f 1417/2802/2559 1416/2803/2560 1405/2804/2271
f 1405/2804/2271 1416/2803/2560 1415/2805/2561
f 1405/2804/2271 1415/2805/2561 1414/2806/2562
f 1414/2806/2562 1244/2807/2081 1405/2804/2271
f 1405/2804/2271 1244/2807/2081 1192/2808/2563
f 1192/2808/2563 1244/2807/2081 1587/2809/2564
f 1192/2808/2563 1587/2809/2564 1588/2810/2565
f 1249/2811/2083 1583/2812/2566 1244/2807/2081
f 1244/2807/2081 1583/2812/2566 1584/2813/2567
f 1244/2807/2081 1584/2813/2567 1585/2814/2568
f 1259/2815/2569 1256/2816/2128 1249/2811/2083
f 1249/2811/2083 1256/2816/2128 1628/2817/2570
f 1249/2811/2083 1628/2817/2570 1629/2818/2571
f 1259/2815/2569 1258/2819/2572 1256/2816/2128
f 1256/2816/2128 1258/2819/2572 1257/2820/2573
f 1297/2821/2147 1626/2822/2574 1256/2816/2128
f 1256/2816/2128 1626/2822/2574 1627/2823/2575
f 1256/2816/2128 1627/2823/2575 1628/2817/2570
f 1313/2824/2576 1312/2825/2577 1297/2821/2147
f 1297/2821/2147 1312/2825/2577 1311/2826/2578
f 1297/2821/2147 1311/2826/2578 1310/2827/2191
f 1351/2828/2203 1464/2829/2579 1310/2827/2191
f 1310/2827/2191 1464/2829/2579 1540/2830/2580
f 1310/2827/2191 1540/2830/2580 1539/2831/2581
f 1464/2829/2579 1351/2828/2203 1358/2832/2243
f 1358/2832/2243 1351/2828/2203 1362/2833/2582
f 1358/2832/2243 1362/2833/2582 1361/2834/2583
f 1361/2834/2583 1360/2835/2584 1358/2832/2243
f 1358/2832/2243 1360/2835/2584 1359/2836/2585
f 1539/2831/2581 1538/2837/2586 1310/2827/2191
f 1310/2827/2191 1538/2837/2586 1396/2838/2587
f 1310/2827/2191 1396/2838/2587 1591/2839/2588
f 1591/2839/2588 1396/2838/2587 1590/2840/2589
f 1590/2840/2589 1396/2838/2587 1184/2841/2590
f 1590/2840/2589 1184/2841/2590 1589/2842/2591
f 1589/2842/2591 1184/2841/2590 1588/2810/2565
f 1588/2810/2565 1184/2841/2590 1192/2808/2563
f 1585/2814/2568 1586/2843/2592 1244/2807/2081
f 1244/2807/2081 1586/2843/2592 1587/2809/2564
f 1591/2839/2588 1592/2844/2593 1310/2827/2191
f 1310/2827/2191 1592/2844/2593 1606/2845/2594
f 1310/2827/2191 1606/2845/2594 1607/2846/2595
f 1606/2845/2594 1592/2844/2593 1605/2847/2596
f 1605/2847/2596 1592/2844/2593 1593/2848/2597
f 1605/2847/2596 1593/2848/2597 1604/2849/2598
f 1604/2849/2598 1593/2848/2597 1594/2850/2599
f 1604/2849/2598 1594/2850/2599 1603/2851/2600
f 1603/2851/2600 1594/2850/2599 1595/2852/2601
f 1603/2851/2600 1595/2852/2601 1602/2853/2602
f 1602/2853/2602 1595/2852/2601 1596/2854/2603
f 1602/2853/2602 1596/2854/2603 1601/2855/2604
f 1601/2855/2604 1596/2854/2603 1597/2856/2605
f 1601/2855/2604 1597/2856/2605 1600/2857/2606
f 1600/2857/2606 1597/2856/2605 1598/2858/2607
f 1600/2857/2606 1598/2858/2607 1599/2859/2608
f 1599/2859/2608 1598/2858/2607 1583/2812/2566
f 1599/2859/2608 1583/2812/2566 1249/2811/2083
f 1310/2827/2191 1607/2846/2595 1297/2821/2147
f 1297/2821/2147 1607/2846/2595 1608/2860/2609
f 1297/2821/2147 1608/2860/2609 1622/2861/2610
f 1622/2861/2610 1608/2860/2609 1621/2862/2611
f 1621/2862/2611 1608/2860/2609 1609/2863/2612
f 1621/2862/2611 1609/2863/2612 1620/2864/2613
f 1620/2864/2613 1609/2863/2612 1610/2865/2614
f 1620/2864/2613 1610/2865/2614 1619/2866/2615
f 1619/2866/2615 1610/2865/2614 1611/2867/2616
f 1619/2866/2615 1611/2867/2616 1618/2868/2617
f 1618/2868/2617 1611/2867/2616 1612/2869/2618
f 1618/2868/2617 1612/2869/2618 1617/2870/2619
f 1617/2870/2619 1612/2869/2618 1613/2871/2620
f 1617/2870/2619 1613/2871/2620 1616/2872/2621
f 1616/2872/2621 1613/2871/2620 1614/2873/2622
f 1616/2872/2621 1614/2873/2622 1249/2811/2083
f 1249/2811/2083 1614/2873/2622 1599/2859/2608
f 1630/2874/2623 1615/2875/2624 1249/2811/2083
f 1249/2811/2083 1615/2875/2624 1616/2872/2621
f 1622/2861/2610 1623/2876/2625 1297/2821/2147
f 1297/2821/2147 1623/2876/2625 1624/2877/2626
f 1297/2821/2147 1624/2877/2626 1625/2878/2627
f 1625/2878/2627 1626/2822/2574 1297/2821/2147
f 1629/2818/2571 1630/2874/2623 1249/2811/2083
f 1631/2879/2628 1632/2880/2629 1645/2881/2630
f 1645/2881/2630 1632/2880/2629 1644/2882/2631
f 1644/2882/2631 1632/2880/2629 1633/2883/2632
f 1644/2882/2631 1633/2883/2632 1643/2884/2633
f 1643/2884/2633 1633/2883/2632 1634/2885/2634
f 1643/2884/2633 1634/2885/2634 1642/2886/2635
f 1642/2886/2635 1634/2885/2634 1635/2887/2636
f 1642/2886/2635 1635/2887/2636 1641/2888/2637
f 1641/2888/2637 1635/2887/2636 1636/2889/2638
f 1641/2888/2637 1636/2889/2638 1640/2890/2639
f 1640/2890/2639 1636/2889/2638 1637/2891/2640
f 1640/2890/2639 1637/2891/2640 1639/2892/2641
f 1639/2892/2641 1637/2891/2640 1638/2893/2642
f 1584/2894/2643 1583/2895/2644 1631/2896/2645
f 1631/2897/2645 1583/2898/2644 1598/2899/2646
f 1631/2897/2645 1598/2899/2646 1632/2900/2647
f 1632/2900/2647 1598/2899/2646 1597/2901/2648
f 1632/2900/2647 1597/2901/2648 1633/2902/2649
f 1633/2902/2649 1597/2901/2648 1596/2903/2650
f 1633/2902/2649 1596/2903/2650 1634/2904/2651
f 1634/2904/2651 1596/2903/2650 1595/2905/2652
f 1634/2904/2651 1595/2905/2652 1635/2906/2653
f 1635/2906/2653 1595/2905/2652 1594/2907/2654
f 1635/2906/2653 1594/2907/2654 1636/2908/2655
f 1636/2908/2655 1594/2907/2654 1593/2909/2656
f 1636/2908/2655 1593/2909/2656 1637/2910/2657
f 1637/2910/2657 1593/2909/2656 1592/2911/2658
f 1637/2910/2657 1592/2911/2658 1638/2912/2659
f 1638/2912/2659 1592/2911/2658 1591/2913/2660
f 1638/2912/2659 1591/2913/2660 1639/2914/2661
f 1639/2914/2661 1591/2913/2660 1590/2915/2662
f 1639/2914/2661 1590/2915/2662 1640/2916/2663
f 1640/2916/2663 1590/2915/2662 1589/2917/2664
f 1640/2916/2663 1589/2917/2664 1641/2918/2665
f 1641/2918/2665 1589/2917/2664 1588/2919/2666
f 1641/2918/2665 1588/2919/2666 1642/2920/2667
f 1642/2920/2667 1588/2919/2666 1587/2921/2668
f 1642/2920/2667 1587/2921/2668 1643/2922/2669
f 1643/2922/2669 1587/2921/2668 1586/2923/2670
f 1643/2922/2669 1586/2923/2670 1644/2924/2671
f 1644/2924/2671 1586/2923/2670 1585/2925/2672
f 1644/2924/2671 1585/2925/2672 1645/2926/2673
f 1645/2926/2673 1585/2925/2672 1584/2894/2643
f 1645/2926/2673 1584/2894/2643 1631/2896/2645
f 1600/2927/2674 1599/2928/2675 1646/2929/2676
f 1646/2930/2676 1599/2931/2675 1614/2932/2677
f 1646/2930/2676 1614/2932/2677 1660/2933/2678
f 1660/2933/2678 1614/2932/2677 1613/2934/2679
f 1660/2933/2678 1613/2934/2679 1659/2935/2680
f 1659/2935/2680 1613/2934/2679 1612/2936/2681
f 1659/2935/2680 1612/2936/2681 1658/2937/2682
f 1658/2937/2682 1612/2936/2681 1611/2938/2683
f 1658/2937/2682 1611/2938/2683 1657/2939/2684
f 1657/2939/2684 1611/2938/2683 1610/2940/2685
f 1657/2939/2684 1610/2940/2685 1656/2941/2686
f 1656/2941/2686 1610/2940/2685 1609/2942/2687
f 1656/2941/2686 1609/2942/2687 1655/2943/2688
f 1655/2943/2688 1609/2942/2687 1608/2944/2689
f 1655/2943/2688 1608/2944/2689 1654/2945/2690
f 1654/2945/2690 1608/2944/2689 1607/2946/2691
f 1654/2945/2690 1607/2946/2691 1653/2947/2692
f 1653/2947/2692 1607/2946/2691 1606/2948/2693
f 1653/2947/2692 1606/2948/2693 1652/2949/2694
f 1652/2949/2694 1606/2948/2693 1605/2950/2695
f 1652/2949/2694 1605/2950/2695 1651/2951/2696
f 1651/2951/2696 1605/2950/2695 1604/2952/2697
f 1651/2951/2696 1604/2952/2697 1650/2953/2698
f 1650/2953/2698 1604/2952/2697 1603/2954/2699
f 1650/2953/2698 1603/2954/2699 1649/2955/2700
f 1649/2955/2700 1603/2954/2699 1602/2956/2701
f 1649/2955/2700 1602/2956/2701 1648/2957/2702
f 1648/2957/2702 1602/2956/2701 1601/2958/2703
f 1648/2957/2702 1601/2958/2703 1647/2959/2704
f 1647/2959/2704 1601/2958/2703 1600/2927/2674
f 1647/2959/2704 1600/2927/2674 1646/2929/2676
f 1660/2960/2705 750/2961/2706 1646/2962/2707
f 1646/2962/2707 750/2961/2706 765/2963/2708
f 1646/2962/2707 765/2963/2708 1647/2964/2709
f 1647/2964/2709 765/2963/2708 764/2965/2710
f 1647/2964/2709 764/2965/2710 1648/2966/2711
f 1648/2966/2711 764/2965/2710 763/2967/2712
f 1648/2966/2711 763/2967/2712 1649/2968/2713
f 1649/2968/2713 763/2967/2712 762/2969/2714
f 1649/2968/2713 762/2969/2714 1650/2970/2715
f 1650/2970/2715 762/2969/2714 761/2971/2716
f 1650/2970/2715 761/2971/2716 1651/2972/2717
f 1651/2972/2717 761/2971/2716 760/2973/2718
f 1651/2972/2717 760/2973/2718 1652/2974/2719
f 1652/2974/2719 760/2973/2718 759/2975/2720
f 1652/2974/2719 759/2975/2720 1653/2976/2721
f 1653/2976/2721 759/2975/2720 758/2977/2722
f 1653/2976/2721 758/2977/2722 1654/2978/2723
f 1654/2978/2723 758/2977/2722 757/2979/2724
f 1654/2978/2723 757/2979/2724 1655/2980/2725
f 1655/2980/2725 757/2979/2724 756/2981/2726
f 1655/2980/2725 756/2981/2726 1656/2982/2727
f 1656/2982/2727 756/2981/2726 755/2983/2728
f 1656/2982/2727 755/2983/2728 1657/2984/2729
f 1657/2984/2729 755/2983/2728 754/2985/2730
f 1657/2984/2729 754/2985/2730 1658/2986/2731
f 1658/2986/2731 754/2985/2730 753/2987/2732
f 1658/2986/2731 753/2987/2732 752/2988/2733
f 750/2961/2706 1660/2960/2705 751/2989/2734
f 751/2989/2734 1660/2960/2705 1659/2990/2735
f 751/2989/2734 1659/2990/2735 752/2988/2733
f 752/2988/2733 1659/2990/2735 1658/2986/2731
f 1661/2991/2736 1662/2992/2737 1675/2993/2738
f 1675/2993/2738 1662/2992/2737 1674/2994/2739
f 1674/2994/2739 1662/2992/2737 1663/2995/2740
f 1674/2994/2739 1663/2995/2740 1673/2996/2741
f 1673/2996/2741 1663/2995/2740 1664/2997/2742
f 1673/2996/2741 1664/2997/2742 1672/2998/2743
f 1672/2998/2743 1664/2997/2742 1665/2999/2744
f 1672/2998/2743 1665/2999/2744 1671/3000/2745
f 1671/3000/2745 1665/2999/2744 1666/3001/2746
f 1671/3000/2745 1666/3001/2746 1670/3002/2747
f 1670/3002/2747 1666/3001/2746 1667/3003/2748
f 1670/3002/2747 1667/3003/2748 1669/3004/2749
f 1669/3004/2749 1667/3003/2748 1668/3005/2750
f 1616/3006/2751 1615/3007/2752 1661/3008/2753
f 1661/3009/2753 1615/3010/2752 1630/3011/2754
f 1661/3009/2753 1630/3011/2754 1662/3012/2755
f 1662/3012/2755 1630/3011/2754 1629/3013/2756
f 1662/3012/2755 1629/3013/2756 1663/3014/2757
f 1663/3014/2757 1629/3013/2756 1628/3015/2758
f 1663/3014/2757 1628/3015/2758 1664/3016/2759
f 1664/3016/2759 1628/3015/2758 1627/3017/2760
f 1664/3016/2759 1627/3017/2760 1665/3018/2761
f 1665/3018/2761 1627/3017/2760 1626/3019/2762
f 1665/3018/2761 1626/3019/2762 1666/3020/2763
f 1666/3020/2763 1626/3019/2762 1625/3021/2764
f 1666/3020/2763 1625/3021/2764 1667/3022/2765
f 1667/3022/2765 1625/3021/2764 1624/3023/2766
f 1667/3022/2765 1624/3023/2766 1668/3024/2767
f 1668/3024/2767 1624/3023/2766 1623/3025/2768
f 1668/3024/2767 1623/3025/2768 1669/3026/2769
f 1669/3026/2769 1623/3025/2768 1622/3027/2770
f 1669/3026/2769 1622/3027/2770 1670/3028/2771
f 1670/3028/2771 1622/3027/2770 1621/3029/2772
f 1670/3028/2771 1621/3029/2772 1671/3030/2773
f 1671/3030/2773 1621/3029/2772 1620/3031/2774
f 1671/3030/2773 1620/3031/2774 1672/3032/2775
f 1672/3032/2775 1620/3031/2774 1619/3033/2776
f 1672/3032/2775 1619/3033/2776 1673/3034/2777
f 1673/3034/2777 1619/3033/2776 1618/3035/2778
f 1673/3034/2777 1618/3035/2778 1674/3036/2779
f 1674/3036/2779 1618/3035/2778 1617/3037/2780
f 1674/3036/2779 1617/3037/2780 1675/3038/2781
f 1675/3038/2781 1617/3037/2780 1616/3006/2751
f 1675/3038/2781 1616/3006/2751 1661/3008/2753
f 1211/3039/2782 465/3040/2783 1179/3041/2784
f 1179/3041/2784 465/3040/2783 458/3042/2785
f 1179/3041/2784 458/3042/2785 450/3043/2786
f 465/3040/2783 1211/3039/2782 466/3044/2787
f 466/3044/2787 1211/3039/2782 1210/3045/2788
f 466/3044/2787 1210/3045/2788 467/3046/2789
f 467/3046/2789 1210/3045/2788 1209/3047/2790
f 467/3046/2789 1209/3047/2790 460/3048/2791
f 460/3048/2791 1209/3047/2790 1208/3049/2792
f 460/3048/2791 1208/3049/2792 468/3050/2793
f 468/3050/2793 1208/3049/2792 1238/3051/2794
f 468/3050/2793 1238/3051/2794 1237/3052/2795
f 468/3050/2793 1237/3052/2795 475/3053/2796
f 475/3053/2796 1237/3052/2795 1236/3054/2797
f 475/3053/2796 1236/3054/2797 476/3055/2798
f 476/3055/2798 1236/3054/2797 1235/3056/2799
f 476/3055/2798 1235/3056/2799 477/3057/2800
f 477/3057/2800 1235/3056/2799 1182/3058/2801
f 477/3057/2800 1182/3058/2801 470/3059/2802
f 470/3059/2802 1182/3058/2801 444/3060/2803
f 444/3060/2803 1182/3058/2801 815/3061/2804
f 444/3060/2803 815/3061/2804 445/3062/2805
f 445/3062/2805 815/3061/2804 814/3063/2806
f 445/3062/2805 814/3063/2806 446/3064/2807
f 446/3064/2807 814/3063/2806 813/3065/2808
f 446/3064/2807 813/3065/2808 447/3066/2809
f 447/3066/2809 813/3065/2808 812/3067/2810
f 447/3066/2809 812/3067/2810 438/3068/2811
f 438/3068/2811 812/3067/2810 811/3069/2812
f 438/3068/2811 811/3069/2812 448/3070/2813
f 448/3070/2813 811/3069/2812 818/3071/2814
f 448/3070/2813 818/3071/2814 853/3072/2815
f 448/3070/2813 853/3072/2815 455/3073/2816
f 455/3073/2816 853/3072/2815 852/3074/2817
f 455/3073/2816 852/3074/2817 456/3075/2818
f 456/3075/2818 852/3074/2817 851/3076/2819
f 456/3075/2818 851/3076/2819 457/3077/2820
f 457/3077/2820 851/3076/2819 850/3078/2821
f 457/3077/2820 850/3078/2821 450/3043/2786
f 450/3043/2786 850/3078/2821 1179/3041/2784
# 1675 vertices
# 3078 texture params
# 2821 normals
# 3342 facets

# 1 groups
