# WaveFront *.obj file (generated by Autodesk ATF)

mtllib body3_visual.mtl

g Body3

v 2.525888 -0.085666 -2.629199
v 2.510400 -0.039945 -2.638141
v 2.510236 0.008328 -2.638236
v 2.525412 0.054153 -2.629473
v 2.554358 0.092784 -2.612761
v 2.554358 0.092784 -3.738755
v 2.518714 0.039453 -3.743114
v 2.508608 -0.023891 -3.744349
v 2.525888 -0.085666 -3.742236
v 2.500000 -5.684611 -2.644145
v 2.500000 -5.462515 -2.644145
v 2.500000 -5.462513 -3.743545
v 2.500000 -5.462510 -3.743863
v 2.500000 -5.462509 -3.744182
v 2.500000 -5.462506 -3.744500
v 2.500000 -5.462502 -3.744818
v 2.500000 -5.697520 -3.744818
v 2.500000 -5.771200 -3.725097
v 2.500000 -5.825097 -3.671200
v 2.500000 -5.844818 -3.597520
v 2.500000 -5.844818 -2.605326
v 2.500000 -5.793700 -2.626710
v 2.500000 -5.739847 -2.639759
v 2.310467 5.697520 -3.944544
v 2.313177 5.804680 -3.927429
v 2.314601 5.901348 -3.878093
v 2.314601 5.978093 -3.801348
v 2.313177 6.027429 -3.704680
v 2.310467 6.044544 -3.597520
v 1.300000 6.097500 -3.650476
v 1.300000 6.080528 -3.757779
v 1.300000 6.031266 -3.854521
v 1.300000 5.954521 -3.931266
v 1.300000 5.857779 -3.980528
v 1.300000 5.750476 -3.997500
v 2.310467 -5.697520 -3.944544
v 2.310467 -5.411188 -3.944544
v 2.531334 -4.967439 -3.932969
v 2.711200 -4.505547 -3.923542
v 2.848594 -4.029293 -3.916342
v 2.942392 -3.542572 -3.911426
v 2.991827 -3.049366 -3.908835
v 2.996493 -2.553712 -3.908591
v 2.956354 -2.059663 -3.910694
v 2.871737 -1.571262 -3.915129
v 2.743334 -1.092505 -3.921858
v 2.572196 -0.627309 -3.930827
v 2.359724 -0.179480 -3.941962
v 2.323584 -0.072799 -3.943856
v 2.323200 0.039837 -3.943876
v 2.358613 0.146762 -3.942020
v 2.426153 0.236902 -3.938481
v 2.683889 0.516108 -3.924973
v 2.906826 0.823812 -3.913290
v 3.091841 1.155705 -3.903594
v 3.236341 1.507134 -3.896021
v 3.338302 1.873176 -3.890677
v 3.396296 2.248702 -3.887638
v 3.409508 2.628450 -3.886945
v 3.377755 3.007099 -3.888609
v 3.301482 3.379343 -3.892607
v 3.181756 3.739965 -3.898881
v 3.020256 4.083914 -3.907345
v 2.819244 4.406369 -3.917880
v 2.581538 4.702813 -3.930337
v 2.310467 4.969091 -3.944544
v 1.300000 -5.750476 -3.997500
v 2.310467 -6.044544 -3.597520
v 2.313177 -6.027429 -3.704680
v 2.314601 -5.978093 -3.801348
v 2.314601 -5.901348 -3.878093
v 2.313177 -5.804680 -3.927429
v 1.300000 -5.857779 -3.980528
v 1.300000 -5.954521 -3.931266
v 1.300000 -6.031266 -3.854521
v 1.300000 -6.080528 -3.757779
v 1.300000 -6.097500 -3.650476
v 2.310467 -6.044544 -2.403572
v 2.311106 -6.044509 -2.404050
v 2.381840 -6.027307 -2.458621
v 2.442442 -5.985211 -2.511615
v 2.484525 -5.921957 -2.561054
v 2.485762 -5.918929 -3.597520
v 2.445075 -5.982489 -3.597520
v 2.383732 -6.026446 -3.597520
v 2.485762 -5.697520 -3.818929
v 2.445075 -5.697520 -3.882489
v 2.383732 -5.697520 -3.926446
v 2.494695 -5.737846 -3.785378
v 2.363830 -5.853040 -3.896205
v 2.494774 -5.828025 -3.738155
v 2.494715 -5.881119 -3.653201
v 2.474533 -5.931025 -3.668307
v 2.441043 -5.973793 -3.681247
v 2.408899 -5.998642 -3.688774
v 2.362981 -6.019647 -3.695143
v 2.494764 -5.856837 -3.704017
v 2.474773 -5.900011 -3.732850
v 2.441583 -5.937064 -3.757596
v 2.409705 -5.958658 -3.772027
v 2.364128 -5.977019 -3.784307
v 2.494752 -5.786202 -3.767762
v 2.474710 -5.810213 -3.813928
v 2.441442 -5.830814 -3.853541
v 2.409495 -5.842825 -3.876612
v 2.364358 -5.926441 -3.844231
v 2.409866 -5.911366 -3.827986
v 2.441691 -5.893673 -3.808916
v 2.474821 -5.863346 -3.776226
v 2.362501 -5.768213 -3.927126
v 2.408562 -5.763611 -3.905693
v 2.440818 -5.758164 -3.880281
v 2.474432 -5.748792 -3.836497
v 2.363259 -5.811666 -3.914434
v 2.409095 -5.804196 -3.893725
v 2.441174 -5.795389 -3.869265
v 2.474591 -5.780264 -3.827204
v 2.494740 -5.774587 -3.773339
v 2.494727 -5.762620 -3.778147
v 2.474656 -5.795463 -3.821052
v 2.441320 -5.813367 -3.861977
v 2.409312 -5.823800 -3.885795
v 2.363569 -5.832661 -3.905995
v 2.722803 -5.004843 -3.732280
v 2.903737 -4.529064 -3.723131
v 3.041349 -4.038998 -3.716173
v 3.134536 -3.538579 -3.711462
v 3.182547 -3.031827 -3.709034
v 3.184997 -2.522812 -3.708910
v 3.141868 -2.015621 -3.711091
v 3.053505 -1.514328 -3.715559
v 2.920617 -1.022959 -3.722278
v 2.744273 -0.545460 -3.731194
v 2.514071 -0.094012 -3.816610
v 2.478600 -0.114625 -3.880309
v 2.424566 -0.144546 -3.924193
v 2.362883 -5.424293 -3.934675
v 2.417723 -5.439398 -3.906532
v 2.477350 -5.454704 -3.837258
v 2.494244 -5.459940 -3.792444
v 2.970694 -1.210226 -3.764504
v 2.708884 -0.837000 -3.916943
v 2.842336 -1.248570 -3.909960
v 3.150515 -2.134030 -3.755352
v 3.017683 -2.149387 -3.900786
v 3.114359 -3.636792 -3.757192
v 2.912989 -3.975550 -3.906264
v 2.842077 -4.690082 -3.771050
v 2.716921 -4.641766 -3.916523
v 2.608756 -5.239798 -3.782924
v 2.590648 -5.229597 -3.835928
v 2.560134 -5.213541 -3.881130
v 2.531257 -5.198783 -3.906753
v 2.489410 -5.177787 -3.928427
v 2.732641 -4.968002 -3.776619
v 2.713996 -4.958903 -3.829593
v 2.682676 -4.944601 -3.874780
v 2.653075 -4.931459 -3.900407
v 2.610209 -4.912765 -3.922106
v 2.936785 -4.406807 -3.766230
v 2.917254 -4.399995 -3.819153
v 2.884607 -4.389306 -3.864317
v 2.853813 -4.379492 -3.889950
v 2.809271 -4.365541 -3.911691
v 2.760685 -4.658109 -3.894801
v 2.790927 -4.669602 -3.869171
v 2.822958 -4.682115 -3.823996
v 3.043149 -4.006859 -3.760816
v 3.023156 -4.001686 -3.813713
v 2.989817 -3.993572 -3.858865
v 2.958403 -3.986129 -3.884502
v 3.160876 -3.262796 -3.754825
v 3.140369 -3.260683 -3.807692
v 3.106266 -3.257377 -3.852830
v 3.074165 -3.254343 -3.878472
v 3.027788 -3.250029 -3.900257
v 2.982428 -3.614704 -3.902630
v 3.028425 -3.622165 -3.880854
v 3.060255 -3.627415 -3.855215
v 3.094056 -3.633140 -3.810071
v 3.182520 -2.886550 -3.753723
v 3.161919 -2.885988 -3.806586
v 3.127675 -2.885115 -3.851721
v 3.095448 -2.884310 -3.877363
v 3.048894 -2.883162 -3.899153
v 3.179114 -2.509736 -3.753897
v 3.158528 -2.510728 -3.806760
v 3.124306 -2.512289 -3.851896
v 3.092098 -2.513716 -3.877538
v 3.045572 -2.515738 -3.899326
v 3.096942 -1.761059 -3.758079
v 3.076714 -1.765131 -3.810962
v 3.043026 -1.771518 -3.856108
v 3.011297 -1.777375 -3.881747
v 2.965443 -1.785697 -3.903519
v 3.063976 -2.144205 -3.879002
v 3.096017 -2.140554 -3.853362
v 3.130053 -2.136569 -3.808222
v 3.018823 -1.392421 -3.762054
v 2.998936 -1.398006 -3.814957
v 2.965755 -1.406765 -3.860112
v 2.934482 -1.414804 -3.885748
v 2.889267 -1.426231 -3.907505
v 2.833835 -0.788148 -3.771469
v 2.814753 -0.796204 -3.824418
v 2.782775 -0.808853 -3.869593
v 2.752581 -0.820473 -3.895223
v 2.789578 -1.072551 -3.912721
v 2.833954 -1.058065 -3.890985
v 2.864631 -1.047878 -3.865352
v 2.897147 -1.036784 -3.820185
v 2.916589 -1.029715 -3.767258
v 2.618369 -0.606855 -3.921679
v 2.660997 -0.587601 -3.899994
v 2.690398 -0.573986 -3.874380
v 2.721426 -0.558988 -3.829211
v 2.739757 -0.549142 -3.776257
v 2.636244 -0.317373 -3.781525
v 2.618017 -0.327343 -3.834523
v 2.587325 -0.343030 -3.879721
v 2.558288 -0.357449 -3.905345
v 2.516215 -0.377960 -3.927025
v 2.887156 -1.235607 -3.888213
v 2.918148 -1.226489 -3.862579
v 2.951016 -1.216558 -3.817419
v 2.546314 0.105218 -3.813558
v 2.519281 0.136795 -3.877488
v 2.477187 0.182925 -3.921249
v 2.531738 0.074473 -3.785998
v 2.423467 0.155073 -3.931802
v 2.504460 0.004702 -3.788902
v 2.396850 0.108420 -3.933238
v 2.372020 0.022664 -3.934579
v 2.508940 -0.057336 -3.788425
v 2.489281 -0.063538 -3.841424
v 2.456376 -0.073272 -3.886669
v 2.425612 -0.082142 -3.912167
v 2.380491 -0.094947 -3.934122
v 2.503357 -0.023479 -3.789019
v 2.482832 -0.024677 -3.841969
v 2.448628 -0.026545 -3.887191
v 2.416713 -0.028256 -3.912696
v 2.369954 -0.030738 -3.934690
v 2.517641 0.049927 -3.787500
v 2.499321 0.059536 -3.840576
v 2.468408 0.074682 -3.885858
v 2.439425 0.088490 -3.911345
v 2.389859 0.091910 -3.933616
v 2.433525 0.074652 -3.911696
v 2.463272 0.062691 -3.886204
v 2.495043 0.049564 -3.840938
v 2.513934 0.041228 -3.787895
v 2.461872 0.127556 -3.910011
v 2.487934 0.108508 -3.884540
v 2.515579 0.087649 -3.839199
v 2.521854 0.058389 -3.787052
v 2.504182 0.069232 -3.840165
v 2.474244 0.086344 -3.885464
v 2.446132 0.101953 -3.910947
v 2.404799 0.124489 -3.932809
v 2.418458 0.016566 -3.912592
v 2.450150 0.012330 -3.887089
v 2.484104 0.007667 -3.841861
v 2.823981 0.384303 -3.725453
v 3.057886 0.705189 -3.713914
v 3.252902 1.051091 -3.704293
v 3.406385 1.417318 -3.696721
v 3.516253 1.798905 -3.691301
v 3.581016 2.190677 -3.688106
v 3.599796 2.587321 -3.687179
v 3.572338 2.983460 -3.688534
v 3.499016 3.373720 -3.692151
v 3.380822 3.752811 -3.697982
v 3.219360 4.115591 -3.705948
v 3.016820 4.457142 -3.715940
v 2.775947 4.772831 -3.727823
v 2.500008 5.058379 -3.741436
v 2.500000 5.058349 -3.742282
v 2.500000 5.058341 -3.743127
v 2.500000 5.058328 -3.743972
v 2.500000 5.058310 -3.744818
v 2.493999 5.054223 -3.793444
v 2.476640 5.045367 -3.838610
v 2.416758 5.017837 -3.907227
v 2.361884 4.992184 -3.935003
v 2.951999 4.539617 -3.764005
v 2.692121 4.653200 -3.917738
v 3.095566 4.323426 -3.756844
v 3.152557 3.934087 -3.893673
v 3.413057 3.647268 -3.741008
v 3.286884 3.601674 -3.886653
v 3.573052 2.170892 -3.733027
v 3.381058 1.832871 -3.881731
v 3.335382 1.246605 -3.744882
v 2.993332 0.867471 -3.901995
v 2.524851 4.837272 -3.926480
v 2.558063 4.871056 -3.904956
v 2.580702 4.894638 -3.879429
v 2.604422 4.920300 -3.834025
v 2.618019 4.936426 -3.780662
v 2.727751 4.684223 -3.896154
v 2.752097 4.705890 -3.870617
v 2.777708 4.729492 -3.825247
v 2.792541 4.744363 -3.771958
v 2.982567 4.249748 -3.902558
v 3.022382 4.274763 -3.880872
v 3.049680 4.292253 -3.855317
v 3.078570 4.311344 -3.810007
v 2.936030 4.526096 -3.817227
v 2.908693 4.504688 -3.862566
v 2.882792 4.485056 -3.888112
v 2.844957 4.456961 -3.909750
v 3.071874 4.094236 -3.897890
v 3.112971 4.116947 -3.876173
v 3.141175 4.132832 -3.850613
v 3.171073 4.150183 -3.805321
v 3.188738 4.161178 -3.752197
v 3.331061 3.617115 -3.864860
v 3.361443 3.627924 -3.839287
v 3.393772 3.639751 -3.794039
v 3.272914 3.994090 -3.747998
v 3.254643 3.984221 -3.801087
v 3.223833 3.968664 -3.846363
v 3.194812 3.954430 -3.871928
v 3.468546 3.468554 -3.738240
v 3.448859 3.462255 -3.791248
v 3.415927 3.452355 -3.836486
v 3.385006 3.443309 -3.862062
v 3.340068 3.430389 -3.883873
v 3.383722 3.256429 -3.881591
v 3.429283 3.266792 -3.859765
v 3.460647 3.274048 -3.834186
v 3.494075 3.281990 -3.788957
v 3.514093 3.287048 -3.735968
v 3.441840 2.902637 -3.878554
v 3.488231 2.907807 -3.856707
v 3.520184 2.911425 -3.831125
v 3.554272 2.915384 -3.785907
v 3.574731 2.917910 -3.732943
v 3.460591 2.544607 -3.877574
v 3.507251 2.544527 -3.855721
v 3.539393 2.544467 -3.830137
v 3.573693 2.544397 -3.784924
v 3.594294 2.544357 -3.731967
v 3.440233 2.186656 -3.878638
v 3.486603 2.181327 -3.856792
v 3.518539 2.177592 -3.831209
v 3.552607 2.173497 -3.785992
v 3.426530 1.822116 -3.859908
v 3.457824 1.814556 -3.834331
v 3.491160 1.806220 -3.789105
v 3.511097 1.800815 -3.736118
v 3.409714 1.442582 -3.741175
v 3.390602 1.450600 -3.794199
v 3.358453 1.462954 -3.839441
v 3.328205 1.474159 -3.865008
v 3.284198 1.490104 -3.886793
v 3.212428 1.300747 -3.890544
v 3.255540 1.282395 -3.868778
v 3.285169 1.269556 -3.843209
v 3.316658 1.255521 -3.797945
v 3.129681 1.117722 -3.894869
v 3.171488 1.096425 -3.873138
v 3.200182 1.081502 -3.847579
v 3.230600 1.065139 -3.802305
v 3.248563 1.054652 -3.749213
v 2.835656 0.629699 -3.910236
v 2.873356 0.601406 -3.888602
v 2.899162 0.581640 -3.863056
v 2.926394 0.560090 -3.817715
v 2.942295 0.546478 -3.764489
v 3.106801 0.794559 -3.756284
v 3.089723 0.806518 -3.809442
v 3.060709 0.825405 -3.854750
v 3.033301 0.842712 -3.880305
v 2.657963 0.406506 -3.919523
v 2.693100 0.374880 -3.897952
v 2.717095 0.352796 -3.872417
v 2.742318 0.328744 -3.827040
v 2.756898 0.313596 -3.773736
v 2.500000 5.697520 -3.744818
v 2.485762 5.697520 -3.818929
v 2.445075 5.697520 -3.882489
v 2.383732 5.697520 -3.926446
v 2.500000 5.771200 -3.725097
v 2.500000 5.825097 -3.671200
v 2.500000 5.844818 -3.597520
v 2.485762 5.918929 -3.597520
v 2.445075 5.982489 -3.597520
v 2.383732 6.026446 -3.597520
v 2.494695 5.885378 -3.637846
v 2.363830 5.996205 -3.753040
v 2.494774 5.838155 -3.728025
v 2.494715 5.753201 -3.781119
v 2.474533 5.768307 -3.831025
v 2.441043 5.781247 -3.873793
v 2.408899 5.788774 -3.898642
v 2.362981 5.795143 -3.919647
v 2.494764 5.804017 -3.756837
v 2.474773 5.832850 -3.800011
v 2.441583 5.857596 -3.837064
v 2.409705 5.872027 -3.858658
v 2.364128 5.884307 -3.877019
v 2.494752 5.867762 -3.686202
v 2.474710 5.913928 -3.710213
v 2.441442 5.953541 -3.730814
v 2.409495 5.976612 -3.742825
v 2.364358 5.944231 -3.826441
v 2.409866 5.927986 -3.811366
v 2.441691 5.908916 -3.793673
v 2.474821 5.876226 -3.763346
v 2.362501 6.027126 -3.668213
v 2.408562 6.005693 -3.663611
v 2.440818 5.980281 -3.658164
v 2.474432 5.936497 -3.648792
v 2.363259 6.014434 -3.711666
v 2.409095 5.993725 -3.704196
v 2.441174 5.969265 -3.695389
v 2.474591 5.927204 -3.680264
v 2.494740 5.873339 -3.674587
v 2.494727 5.878147 -3.662620
v 2.474656 5.921052 -3.695463
v 2.441320 5.961977 -3.713367
v 2.409312 5.985795 -3.723800
v 2.363569 6.005995 -3.732661
v 1.300000 -6.097500 3.650000
v 2.810467 -6.018340 3.568618
v 2.810467 -6.018340 -2.114897
v 2.310467 6.044544 -2.403572
v 2.810467 6.018340 -2.114897
v 2.810467 6.018340 3.568618
v 1.300000 6.097500 3.650000
v 3.000000 4.120578 -2.240000
v 3.160006 3.793072 -2.248386
v 3.281852 3.449538 -2.254771
v 3.363966 3.094404 -2.259075
v 3.405289 2.732251 -2.261240
v 3.405289 2.367749 -2.261240
v 3.363966 2.005596 -2.259075
v 3.281852 1.650462 -2.254771
v 3.160006 1.306928 -2.248386
v 3.000000 0.979422 -2.240000
v 2.500000 5.844818 -2.605326
v 2.484525 5.921957 -2.561054
v 2.442442 5.985211 -2.511615
v 2.381840 6.027307 -2.458621
v 2.311106 6.044509 -2.404050
v 2.500000 5.058386 -2.644145
v 2.500000 5.684611 -2.644145
v 2.500000 5.739847 -2.639759
v 2.500000 5.793700 -2.626710
v 2.810467 -5.668618 3.918340
v 2.813401 -5.784173 3.898274
v 2.814810 -5.886547 3.841724
v 2.814823 -5.941525 3.786734
v 2.814095 -5.983074 3.720995
v 2.812622 -6.009294 3.647042
v 1.300000 -6.080492 3.757383
v 1.300000 -6.031133 3.854255
v 1.300000 -5.954255 3.931133
v 1.300000 -5.857383 3.980492
v 1.300000 -5.750000 3.997500
v 2.057934 -5.926931 3.881395
v 2.054026 -5.786436 3.949359
v 2.056625 -5.860894 3.923129
v 2.057932 -5.981521 3.826773
v 2.055465 -6.038492 3.724016
v 2.846882 -5.996562 -2.210122
v 2.869704 -5.952922 -2.280037
v 2.883824 -5.900974 -2.330809
v 2.892496 -5.844630 -2.367350
v 2.899236 -5.755747 -2.401519
v 2.900000 -5.663648 -2.413205
v 2.878460 0.452315 -2.425641
v 2.722797 0.266791 -2.515513
v 2.719561 -0.487676 -2.517382
v 2.881078 -0.903650 -2.424130
v 2.899994 -0.960775 -2.413209
v 2.899999 0.480992 -2.413206
v 2.812594 6.008948 3.646880
v 2.814080 5.982444 3.721350
v 2.814832 5.940954 3.787466
v 2.814810 5.886551 3.841721
v 2.813401 5.784175 3.898272
v 2.810467 5.668618 3.918340
v 1.300000 5.750000 3.997500
v 1.300000 5.857383 3.980492
v 1.300000 5.954255 3.931133
v 1.300000 6.031133 3.854255
v 1.300000 6.080492 3.757383
v 2.055478 5.824362 3.938370
v 2.057939 5.981021 3.827397
v 2.054026 6.049359 3.686436
v 2.056625 6.023129 3.760894
v 2.057931 5.926670 3.881603
v 2.883732 6.000242 -2.114897
v 2.945075 5.956285 -2.114897
v 2.985762 5.892725 -2.114897
v 3.000000 5.818614 -2.114897
v 3.000000 5.818614 3.568618
v 2.985762 5.892725 3.568618
v 2.945075 5.956285 3.568618
v 2.883732 6.000242 3.568618
v 2.883732 6.000242 -0.694018
v 2.883732 6.000242 0.726861
v 2.883732 6.000242 2.147740
v 2.945075 5.956285 -0.694018
v 2.945075 5.956285 0.726861
v 2.945075 5.956285 2.147740
v 2.985762 5.892725 -0.694018
v 2.985762 5.892725 0.726861
v 2.985762 5.892725 2.147740
v 3.000000 5.806914 3.625882
v 3.000000 5.774577 3.674590
v 3.000000 5.726042 3.707087
v 3.000000 5.668618 3.718614
v 2.985762 5.668618 3.792725
v 2.945075 5.668618 3.856285
v 2.883732 5.668618 3.900242
v 2.994608 5.709710 3.759423
v 2.994665 5.758726 3.741477
v 2.863857 5.825504 3.869530
v 2.994629 5.855109 3.625211
v 2.974416 5.904864 3.640322
v 2.940967 5.947499 3.653265
v 2.908834 5.972311 3.660805
v 2.862987 5.993272 3.667181
v 2.994678 5.830371 3.676819
v 2.974662 5.873398 3.705601
v 2.941520 5.910323 3.730302
v 2.909661 5.931879 3.744731
v 2.864164 5.950199 3.757002
v 2.994688 5.801132 3.711411
v 2.974710 5.836349 3.749360
v 2.941629 5.866582 3.781943
v 2.909824 5.884253 3.800984
v 2.864397 5.899301 3.817195
v 2.994641 5.734825 3.752047
v 2.974476 5.752476 3.800942
v 2.941101 5.767604 3.842859
v 2.909035 5.776428 3.867275
v 2.863273 5.783907 3.887936
v 2.863590 5.805018 3.879410
v 2.909258 5.796153 3.859259
v 2.941250 5.785710 3.835484
v 2.974542 5.767819 3.794701
v 2.994654 5.746955 3.747151
v 2.862496 5.740189 3.900781
v 2.908488 5.735568 3.879397
v 2.940735 5.730095 3.854027
v 2.974313 5.720694 3.810384
v 2.974598 5.782706 3.787483
v 2.941375 5.803277 3.826956
v 2.909445 5.815291 3.849984
v 3.000000 -5.668618 3.718614
v 2.985762 -5.668618 3.792725
v 2.945075 -5.668618 3.856285
v 2.883732 -5.668618 3.900242
v 2.883732 4.049013 3.900242
v 2.883732 2.429408 3.900242
v 2.883732 0.809803 3.900242
v 2.883732 -0.809803 3.900242
v 2.883732 -2.429408 3.900242
v 2.883732 -4.049013 3.900242
v 2.945075 4.049013 3.856285
v 2.945075 2.429408 3.856285
v 2.945075 0.809803 3.856285
v 2.945075 -0.809803 3.856285
v 2.945075 -2.429408 3.856285
v 2.945075 -4.049013 3.856285
v 2.985762 4.049013 3.792725
v 2.985762 2.429408 3.792725
v 2.985762 0.809803 3.792725
v 2.985762 -0.809803 3.792725
v 2.985762 -2.429408 3.792725
v 2.985762 -4.049013 3.792725
v 3.000000 -5.726041 3.707088
v 3.000000 -5.774576 3.674592
v 3.000000 -5.806913 3.625883
v 3.000000 -5.818614 3.568618
v 2.985762 -5.892725 3.568618
v 2.945075 -5.956285 3.568618
v 2.883732 -6.000242 3.568618
v 2.994614 -5.858298 3.613954
v 2.863433 -5.983214 3.694940
v 2.994671 -5.836629 3.666815
v 2.864000 -5.961095 3.739593
v 2.994673 -5.767974 3.736317
v 2.994622 -5.720192 3.756778
v 2.974385 -5.733961 3.806989
v 2.940897 -5.745754 3.850010
v 2.908730 -5.752625 3.875040
v 2.862840 -5.758436 3.896174
v 2.974635 -5.794402 3.780927
v 2.941459 -5.817078 3.819213
v 2.909571 -5.830327 3.841559
v 2.864036 -5.841598 3.860545
v 2.974628 -5.881341 3.692950
v 2.941443 -5.919704 3.715373
v 2.909546 -5.942089 3.728466
v 2.864397 -5.899297 3.817199
v 2.909824 -5.884249 3.800987
v 2.941629 -5.866579 3.781947
v 2.974710 -5.836346 3.749363
v 2.994688 -5.801129 3.711413
v 2.994648 -5.849333 3.641158
v 2.974509 -5.897495 3.660500
v 2.941177 -5.938788 3.677079
v 2.909148 -5.962846 3.686747
v 2.863746 -5.972937 3.717661
v 2.909368 -5.953196 3.707976
v 2.941324 -5.929913 3.696565
v 2.974575 -5.889984 3.677012
v 2.994661 -5.843431 3.654212
v 2.862633 -5.998825 3.647582
v 2.908585 -5.977553 3.642485
v 2.940800 -5.952328 3.636446
v 2.974342 -5.908947 3.626072
v 3.000000 -5.818614 -2.114897
v 2.985762 -5.892725 -2.114897
v 2.945075 -5.956285 -2.114897
v 2.883732 -6.000242 -2.114897
v 2.883732 -6.000242 2.147740
v 2.883732 -6.000242 0.726861
v 2.883732 -6.000242 -0.694018
v 2.945075 -5.956285 2.147740
v 2.945075 -5.956285 0.726861
v 2.945075 -5.956285 -0.694018
v 2.985762 -5.892725 2.147740
v 2.985762 -5.892725 0.726861
v 2.985762 -5.892725 -0.694018
v 3.000000 -5.814389 -2.141851
v 3.000000 -5.803066 -2.166731
v 3.000000 -5.766138 -2.206729
v 3.000000 -5.717565 -2.231558
v 3.000000 -5.663648 -2.240000
v 2.987939 -5.663648 -2.308404
v 2.953209 -5.663648 -2.368558
v 2.997021 -5.770837 -2.243845
v 2.995437 -5.854142 -2.153642
v 2.978981 -5.899229 -2.167406
v 2.951641 -5.939116 -2.179575
v 2.924343 -5.964262 -2.187258
v 2.885748 -5.987167 -2.194268
v 2.996140 -5.836081 -2.185645
v 2.982283 -5.873543 -2.207997
v 2.959093 -5.907386 -2.228179
v 2.935742 -5.929479 -2.241377
v 2.902354 -5.950823 -2.254147
v 2.996471 -5.820675 -2.204598
v 2.983828 -5.853107 -2.231003
v 2.962600 -5.882686 -2.255075
v 2.941141 -5.902292 -2.271064
v 2.910299 -5.921704 -2.286923
v 2.986302 -5.790940 -2.276969
v 2.968198 -5.809551 -2.307618
v 2.949792 -5.822177 -2.328455
v 2.923132 -5.835135 -2.349874
v 2.997301 -5.713591 -2.266222
v 2.987355 -5.722545 -2.302594
v 2.970487 -5.730882 -2.336449
v 2.953318 -5.736594 -2.359669
v 2.928398 -5.742540 -2.383859
v 2.926490 -5.789371 -2.370099
v 2.952042 -5.779889 -2.347007
v 2.969656 -5.770731 -2.324737
v 2.986964 -5.757313 -2.292168
v 2.997188 -5.742872 -2.257104
v 2.953296 -1.161547 -2.368219
v 2.984293 -1.376198 -2.317436
v 2.997418 -1.632541 -2.274728
v 3.000422 -1.893460 -2.252122
v 2.999975 -2.127507 -2.243366
v 3.000001 -2.342591 -2.240636
v 3.000000 -2.548344 -2.240041
v 3.000000 -2.739531 -2.240000
v 2.999291 0.823453 -2.256822
v 2.989337 0.686012 -2.304429
v 2.957220 0.576973 -2.363615
v 2.953304 -0.260229 -2.368444
v 2.987938 -0.260229 -2.308406
v 2.900000 5.663648 -2.413205
v 2.953209 5.663648 -2.368558
v 2.987939 5.663648 -2.308404
v 3.000000 5.663648 -2.240000
v 3.000000 5.717565 -2.231558
v 3.000000 5.766138 -2.206729
v 3.000000 5.803066 -2.166731
v 3.000000 5.814389 -2.141851
v 2.846882 5.996562 -2.210122
v 2.869704 5.952922 -2.280037
v 2.883824 5.900974 -2.330809
v 2.892496 5.844630 -2.367350
v 2.899236 5.755747 -2.401519
v 2.995982 5.841515 -2.177558
v 2.890487 5.979234 -2.210411
v 2.996471 5.820675 -2.204598
v 2.997335 5.698182 -2.269293
v 2.987455 5.704349 -2.306115
v 2.970690 5.710094 -2.340405
v 2.953627 5.714035 -2.363942
v 2.928861 5.718143 -2.388489
v 2.997238 5.731911 -2.261045
v 2.987143 5.744258 -2.296676
v 2.970041 5.755743 -2.329802
v 2.952634 5.763595 -2.352487
v 2.927376 5.771744 -2.376060
v 2.996824 5.794252 -2.228518
v 2.985446 5.819641 -2.259260
v 2.966271 5.843031 -2.287557
v 2.946811 5.858779 -2.306639
v 2.918691 5.874754 -2.326016
v 2.981541 5.881011 -2.197978
v 2.957413 5.916528 -2.216328
v 2.933163 5.939540 -2.228235
v 2.898575 5.961501 -2.239610
v 2.910299 5.921704 -2.286923
v 2.941141 5.902292 -2.271064
v 2.962600 5.882686 -2.255075
v 2.983828 5.853107 -2.231003
v 2.995204 5.857669 -2.144705
v 2.977883 5.904650 -2.155606
v 2.949175 5.945919 -2.165173
v 2.920593 5.971617 -2.171138
v 2.880336 5.994519 -2.176460
v 2.927612 5.956503 -2.201849
v 2.953785 5.931995 -2.192630
v 2.979934 5.893523 -2.178182
v 2.995640 5.850303 -2.161941
v 2.899999 4.619006 -2.413205
v 2.697652 4.860796 -2.530031
v 2.878460 4.647685 -2.425641
v 2.881078 -4.596350 -2.424130
v 2.708608 -5.037382 -2.523705
v 2.899997 -4.539214 -2.413207
v 2.959944 4.516847 -2.360073
v 2.990736 4.404732 -2.300165
v 2.999394 4.270748 -2.255566
v 3.000000 -2.760469 -2.240000
v 3.000000 -3.021290 -2.240120
v 3.000022 -3.309252 -2.242151
v 2.999856 -3.579326 -2.250424
v 2.997724 -3.831328 -2.270140
v 2.990549 -4.040880 -2.300903
v 2.973668 -4.219205 -2.339167
v 2.943905 -4.381121 -2.378845
v 2.987938 -4.212058 -2.308405
v 3.093262 0.761378 -2.436238
v 3.272696 1.092232 -2.445090
v 3.414574 1.440845 -2.452090
v 3.517168 1.802970 -2.457151
v 3.579229 2.174196 -2.460213
v 3.600000 2.550000 -2.461238
v 3.579229 2.925804 -2.460213
v 3.517168 3.297030 -2.457151
v 3.414574 3.659155 -2.452090
v 3.272696 4.007768 -2.445090
v 3.093262 4.338622 -2.436238
v 3.093416 4.041336 -2.250304
v 3.215368 4.108006 -2.391329
v 3.283244 3.593968 -2.260230
v 3.362998 3.779977 -2.398706
v 3.496468 3.355949 -2.405375
v 3.417725 3.043080 -2.267263
v 3.592252 2.473954 -2.410160
v 3.392367 1.913556 -2.265937
v 3.457214 1.597147 -2.403413
v 3.138731 0.851153 -2.387500
v 2.997838 0.661954 -2.333331
v 3.013293 0.649853 -2.381233
v 3.020047 0.923858 -2.246468
v 3.064685 0.897418 -2.269574
v 3.101885 0.874863 -2.305952
v 3.122437 0.861993 -2.339645
v 3.126484 1.124396 -2.252034
v 3.172810 1.101236 -2.275182
v 3.211467 1.081471 -2.311566
v 3.232868 1.070186 -2.345241
v 3.249908 1.060666 -2.393055
v 3.218760 1.331809 -2.256859
v 3.266546 1.312034 -2.280045
v 3.306465 1.295152 -2.316433
v 3.328603 1.285506 -2.350093
v 3.346292 1.277359 -2.397871
v 3.438768 1.603230 -2.355676
v 3.415775 1.610432 -2.322033
v 3.374397 1.623034 -2.285639
v 3.324924 1.637798 -2.262410
v 3.442895 1.903239 -2.289192
v 3.485186 1.894429 -2.325589
v 3.508711 1.889387 -2.359221
v 3.527624 1.885117 -2.406931
v 3.435519 2.194028 -2.268194
v 3.486728 2.188260 -2.291466
v 3.529607 2.183335 -2.327865
v 3.553477 2.180515 -2.361489
v 3.572696 2.178124 -2.409183
v 3.454243 2.477205 -2.269173
v 3.505747 2.476026 -2.292453
v 3.548881 2.475020 -2.328853
v 3.572901 2.474444 -2.362474
v 3.448361 2.760938 -2.268866
v 3.499772 2.764356 -2.292143
v 3.542826 2.767278 -2.328543
v 3.566798 2.768949 -2.362164
v 3.586109 2.770364 -2.409853
v 3.554110 3.065112 -2.408255
v 3.535017 3.061804 -2.360554
v 3.511289 3.057897 -2.326927
v 3.468653 3.051071 -2.290529
v 3.362538 3.321475 -2.264377
v 3.412596 3.333984 -2.287620
v 3.454479 3.344665 -2.324016
v 3.477766 3.350776 -2.357652
v 3.332049 3.610906 -2.283442
v 3.372850 3.625366 -2.319834
v 3.395503 3.633634 -2.353483
v 3.413646 3.640624 -2.401236
v 3.180521 3.858514 -2.254859
v 3.227702 3.879762 -2.278029
v 3.267099 3.897897 -2.314416
v 3.288931 3.908257 -2.348083
v 3.306350 3.917003 -2.395875
v 3.345197 3.772100 -2.350934
v 3.322931 3.762777 -2.317276
v 3.282793 3.746465 -2.280887
v 3.234754 3.727356 -2.257695
v 3.198561 4.098052 -2.343503
v 3.177423 4.086247 -2.309821
v 3.139218 4.065569 -2.273440
v 3.039434 4.245562 -2.268264
v 3.076295 4.268706 -2.304640
v 3.096649 4.281909 -2.338338
v 3.112768 4.293027 -2.386203
v 2.983544 4.459103 -2.332607
v 2.998903 4.471336 -2.380514
v 3.015336 -4.145939 -2.430918
v 3.111896 -3.685970 -2.435800
v 3.170098 -3.219593 -2.438743
v 3.189543 -2.750000 -2.439726
v 3.170098 -2.280407 -2.438743
v 3.111896 -1.814030 -2.435800
v 3.015336 -1.354061 -2.430918
v 3.000009 -2.753490 -2.240000
v 3.000009 -2.746510 -2.240000
v 2.964419 -1.191262 -2.377561
v 3.130746 -1.985478 -2.386034
v 3.171420 -3.110452 -2.388106
v 3.044605 -3.994489 -2.381646
v 3.002428 -3.984044 -2.300319
v 3.025800 -3.989698 -2.333920
v 2.968023 -4.296247 -2.377745
v 3.019328 -3.673647 -2.266988
v 3.061864 -3.681113 -2.303392
v 3.085511 -3.685379 -2.336988
v 3.104559 -3.688996 -2.384700
v 3.010549 -3.364516 -2.245923
v 3.061752 -3.370384 -2.269198
v 3.104626 -3.375399 -2.305603
v 3.128470 -3.378264 -2.339195
v 3.147694 -3.380694 -2.386898
v 3.033668 -3.101206 -2.247133
v 3.085086 -3.104559 -2.270414
v 3.128146 -3.107426 -2.306819
v 3.152099 -3.109063 -2.340408
v 3.044085 -2.837100 -2.247678
v 3.095599 -2.837932 -2.270962
v 3.138743 -2.838644 -2.307367
v 3.162745 -2.839050 -2.340955
v 3.182109 -2.839394 -2.388651
v 3.039106 -2.503479 -2.247417
v 3.090574 -2.501125 -2.270700
v 3.133678 -2.499115 -2.307105
v 3.157657 -2.497965 -2.340694
v 3.177000 -2.496990 -2.388391
v 3.014044 -2.170746 -2.246106
v 3.065280 -2.165215 -2.269382
v 3.108183 -2.160489 -2.305787
v 3.132043 -2.157788 -2.339378
v 3.151282 -2.155497 -2.387080
v 3.045083 -1.997975 -2.268330
v 3.087825 -1.991897 -2.304734
v 3.111591 -1.988424 -2.338327
v 3.019872 -1.831365 -2.267017
v 3.062391 -1.823808 -2.303419
v 3.086023 -1.819468 -2.337014
v 3.105054 -1.815748 -2.384725
v 2.996558 -1.490842 -2.300015
v 3.019902 -1.485073 -2.333617
v 3.038683 -1.480185 -2.381344
v 2.984814 -1.340680 -2.331814
v 3.003451 -1.335235 -2.379549
v 3.000000 5.508407 1.044407
v 3.000000 5.487299 1.164114
v 3.000000 5.426522 1.269382
v 3.000000 5.333407 1.347516
v 3.000000 5.219184 1.389089
v 3.000000 5.097630 1.389089
v 3.000000 4.983407 1.347516
v 3.000000 4.890291 1.269382
v 3.000000 4.829514 1.164114
v 3.000000 4.808407 1.044407
v 3.000000 4.829514 0.924700
v 3.000000 4.890291 0.819431
v 3.000000 4.983407 0.741298
v 3.000000 5.097630 0.699724
v 3.000000 5.219184 0.699724
v 3.000000 5.333407 0.741298
v 3.000000 5.426522 0.819431
v 3.000000 5.487299 0.924700
v 3.000000 5.508407 2.051407
v 3.000000 5.487299 2.171114
v 3.000000 5.426522 2.276382
v 3.000000 5.333407 2.354516
v 3.000000 5.219184 2.396089
v 3.000000 5.097630 2.396089
v 3.000000 4.983407 2.354516
v 3.000000 4.890291 2.276382
v 3.000000 4.829514 2.171114
v 3.000000 4.808407 2.051407
v 3.000000 4.829514 1.931700
v 3.000000 4.890291 1.826431
v 3.000000 4.983407 1.748298
v 3.000000 5.097630 1.706724
v 3.000000 5.219184 1.706724
v 3.000000 5.333407 1.748298
v 3.000000 5.426522 1.826431
v 3.000000 5.487299 1.931700
v 3.000000 5.508407 3.058407
v 3.000000 5.487299 3.178114
v 3.000000 5.426522 3.283382
v 3.000000 5.333407 3.361516
v 3.000000 5.219184 3.403089
v 3.000000 5.097630 3.403089
v 3.000000 4.983407 3.361516
v 3.000000 4.890291 3.283382
v 3.000000 4.829514 3.178114
v 3.000000 4.808407 3.058407
v 3.000000 4.829514 2.938700
v 3.000000 4.890291 2.833431
v 3.000000 4.983407 2.755298
v 3.000000 5.097630 2.713724
v 3.000000 5.219184 2.713724
v 3.000000 5.333407 2.755298
v 3.000000 5.426522 2.833431
v 3.000000 5.487299 2.938700
v 3.030000 5.478407 1.044407
v 3.030000 5.456798 0.928809
v 3.030000 5.394890 0.828824
v 3.030000 5.301043 0.757955
v 3.030000 5.187933 0.725772
v 3.030000 5.070835 0.736623
v 3.030000 4.965564 0.789041
v 3.030000 4.886337 0.875948
v 3.030000 4.843855 0.985607
v 3.030000 4.843855 1.103207
v 3.030000 4.886337 1.212865
v 3.030000 4.965564 1.299772
v 3.030000 5.070835 1.352191
v 3.030000 5.187933 1.363042
v 3.030000 5.301043 1.330859
v 3.030000 5.394890 1.259989
v 3.030000 5.456798 1.160004
v 3.030000 5.478407 2.051407
v 3.030000 5.456798 2.167004
v 3.030000 5.394890 2.266989
v 3.030000 5.301043 2.337859
v 3.030000 5.187933 2.370042
v 3.030000 5.070835 2.359191
v 3.030000 4.965564 2.306772
v 3.030000 4.886337 2.219865
v 3.030000 4.843855 2.110207
v 3.030000 4.843855 1.992607
v 3.030000 4.886337 1.882948
v 3.030000 4.965564 1.796041
v 3.030000 5.070835 1.743623
v 3.030000 5.187933 1.732772
v 3.030000 5.301043 1.764955
v 3.030000 5.394890 1.835824
v 3.030000 5.456798 1.935809
v 3.030000 5.408407 2.051407
v 3.030000 5.386793 2.153091
v 3.030000 5.325689 2.237193
v 3.030000 5.235661 2.289171
v 3.030000 5.132275 2.300037
v 3.030000 5.033407 2.267913
v 3.030000 4.956153 2.198353
v 3.030000 4.913870 2.103385
v 3.030000 4.913870 1.999429
v 3.030000 4.956153 1.904460
v 3.030000 5.033407 1.834900
v 3.030000 5.132275 1.802776
v 3.030000 5.235661 1.813643
v 3.030000 5.325689 1.865621
v 3.030000 5.386793 1.949723
v 3.030000 5.478407 3.058407
v 3.030000 5.456798 2.942809
v 3.030000 5.394890 2.842824
v 3.030000 5.301043 2.771955
v 3.030000 5.187933 2.739772
v 3.030000 5.070835 2.750623
v 3.030000 4.965564 2.803041
v 3.030000 4.886337 2.889948
v 3.030000 4.843855 2.999607
v 3.030000 4.843855 3.117207
v 3.030000 4.886337 3.226865
v 3.030000 4.965564 3.313772
v 3.030000 5.070835 3.366191
v 3.030000 5.187933 3.377042
v 3.030000 5.301043 3.344859
v 3.030000 5.394890 3.273989
v 3.030000 5.456798 3.174004
vt -2.629199 0.277305 0.000000
vt -2.638141 0.325788 0.000000
vt -3.742236 0.277305 0.000000
vt -3.744349 0.341949 0.000000
vt -2.638236 0.374272 0.000000
vt -3.743114 0.406594 0.000000
vt -2.629473 0.422755 0.000000
vt -3.738755 0.471239 0.000000
vt -2.612761 0.471239 0.000000
vt 0.000000 2.644145 0.000000
vt 0.000002 3.743545 0.000000
vt -0.222096 2.644145 0.000000
vt -0.235005 3.744818 0.000000
vt -0.277333 2.639759 0.000000
vt -0.308685 3.725097 0.000000
vt -0.382303 3.597520 0.000000
vt -0.362582 3.671200 0.000000
vt 0.000005 3.743863 0.000000
vt 0.000006 3.744182 0.000000
vt 0.000009 3.744500 0.000000
vt 0.000013 3.744818 0.000000
vt -0.382303 2.605326 0.000000
vt -0.331185 2.626710 0.000000
vt 0.193357 -0.272450 0.000000
vt 0.191353 -0.163470 0.000000
vt -0.819882 -0.272450 0.000000
vt -0.824603 -0.163470 0.000000
vt 0.190300 -0.054490 0.000000
vt -0.827084 -0.054490 0.000000
vt -0.827084 0.054490 0.000000
vt 0.190300 0.054490 0.000000
vt -0.824603 0.163470 0.000000
vt 0.191353 0.163470 0.000000
vt -0.819882 0.272450 0.000000
vt 0.193357 0.272450 0.000000
vt 5.697520 -0.138146 0.000000
vt 5.411188 -0.138146 0.000000
vt 5.750476 -1.150000 0.000000
vt 0.072799 -0.125011 0.000000
vt -0.039837 -0.125395 0.000000
vt 0.179480 -0.088822 0.000000
vt 4.967439 0.083024 0.000000
vt 0.627309 0.123942 0.000000
vt 4.505547 0.263137 0.000000
vt 1.092505 0.295315 0.000000
vt 4.029293 0.400719 0.000000
vt 1.571262 0.423894 0.000000
vt 3.542572 0.494646 0.000000
vt 2.059663 0.508627 0.000000
vt 3.049366 0.544149 0.000000
vt 2.553712 0.548822 0.000000
vt -0.146762 -0.089934 0.000000
vt -4.969091 -0.138146 0.000000
vt -5.750476 -1.150000 0.000000
vt -0.236902 -0.022301 0.000000
vt -4.702813 0.133296 0.000000
vt -0.516108 0.235788 0.000000
vt -4.406369 0.371329 0.000000
vt -0.823812 0.459031 0.000000
vt -4.083914 0.572616 0.000000
vt -1.155705 0.644300 0.000000
vt -3.739965 0.734338 0.000000
vt -1.507134 0.788998 0.000000
vt -3.379343 0.854228 0.000000
vt -1.873176 0.891100 0.000000
vt -3.007099 0.930607 0.000000
vt -2.248702 0.949173 0.000000
vt -2.628450 0.962403 0.000000
vt -5.697520 -0.138146 0.000000
vt 0.406645 0.272450 0.000000
vt 0.408649 0.163470 0.000000
vt 1.419884 0.272450 0.000000
vt 1.424605 0.163470 0.000000
vt 0.409703 0.054490 0.000000
vt 1.427087 0.054490 0.000000
vt 1.427087 -0.054490 0.000000
vt 0.409703 -0.054490 0.000000
vt 1.424605 -0.163470 0.000000
vt 0.408649 -0.163470 0.000000
vt 1.419884 -0.272450 0.000000
vt 0.406645 -0.272450 0.000000
vt 2.403572 0.151844 0.000000
vt 2.404050 0.151204 0.000000
vt 3.597520 0.151844 0.000000
vt 2.458621 0.078000 0.000000
vt 3.597520 0.075922 0.000000
vt 2.511615 0.003788 0.000000
vt 3.597520 -0.000000 0.000000
vt 2.561054 -0.072651 0.000000
vt 3.597520 -0.075922 0.000000
vt 2.605326 -0.151844 0.000000
vt 3.597520 -0.151844 0.000000
vt 0.298498 0.133210 0.000000
vt 0.298488 0.222067 0.000000
vt 0.247929 0.138807 0.000000
vt 0.223958 0.222067 0.000000
vt 0.197359 0.138807 0.000000
vt 0.149233 0.222067 0.000000
vt 0.156207 0.138807 0.000000
vt 0.100535 0.138807 0.000000
vt 0.156207 0.055548 0.000000
vt 0.100535 0.055548 0.000000
vt 0.156207 -0.010575 0.000000
vt 0.100535 -0.010575 0.000000
vt 0.156207 -0.086469 0.000000
vt 0.100535 -0.086469 0.000000
vt 0.156207 -0.105442 0.000000
vt 0.100535 -0.105442 0.000000
vt 0.156207 -0.124415 0.000000
vt 0.100535 -0.124415 0.000000
vt 0.156207 -0.162362 0.000000
vt 0.100535 -0.162362 0.000000
vt 0.149233 -0.222067 0.000000
vt 0.074622 -0.222067 0.000000
vt 0.044863 -0.162362 0.000000
vt 0.000000 -0.222067 0.000000
vt 0.000009 -0.074181 0.000000
vt 0.044863 -0.124415 0.000000
vt 0.044863 -0.105442 0.000000
vt 0.074622 0.222067 0.000000
vt 0.044863 0.138807 0.000000
vt 0.044863 0.055548 0.000000
vt 0.044863 -0.010575 0.000000
vt 0.044863 -0.086469 0.000000
vt 0.000000 0.222067 0.000000
vt 0.000281 0.074080 0.000000
vt 0.197359 -0.162362 0.000000
vt 0.223958 -0.222067 0.000000
vt 0.247929 -0.162362 0.000000
vt 0.298488 -0.222067 0.000000
vt 0.298492 -0.133350 0.000000
vt 0.298487 -0.044520 0.000000
vt 0.247929 -0.086469 0.000000
vt 0.247929 -0.105442 0.000000
vt 0.247929 -0.124415 0.000000
vt 0.197359 -0.105442 0.000000
vt 0.197359 -0.124415 0.000000
vt 0.247929 -0.010575 0.000000
vt 0.298498 0.044493 0.000000
vt 0.247929 0.055548 0.000000
vt 0.197359 0.055548 0.000000
vt 0.197359 -0.010575 0.000000
vt 0.197359 -0.086469 0.000000
vt 0.000316 2.796915 0.000000
vt -0.000000 2.796909 0.000000
vt 0.045300 2.552724 0.000000
vt -0.000002 2.293270 0.000000
vt 0.045300 2.256853 0.000000
vt 0.045300 1.960982 0.000000
vt 0.102096 1.960982 0.000000
vt 0.102096 1.665111 0.000000
vt 0.158892 1.665111 0.000000
vt 0.158892 1.255130 0.000000
vt 0.200144 1.255130 0.000000
vt 0.200144 0.881845 0.000000
vt 0.251532 0.881845 0.000000
vt 0.251532 0.508560 0.000000
vt 0.302768 0.815309 0.000000
vt 0.302812 0.307049 0.000000
vt 0.251532 0.135275 0.000000
vt 0.302886 -0.201262 0.000000
vt 0.251532 -0.238011 0.000000
vt 0.251532 -0.611296 0.000000
vt 0.200144 -0.238011 0.000000
vt 0.200144 -0.611296 0.000000
vt 0.158892 -0.238011 0.000000
vt 0.158892 -0.611296 0.000000
vt 0.102096 -0.238011 0.000000
vt 0.102096 -0.611296 0.000000
vt 0.045300 -0.238011 0.000000
vt 0.045300 -0.611296 0.000000
vt -0.000002 -0.224757 0.000000
vt -0.000002 -0.728419 0.000000
vt -0.000002 1.789631 0.000000
vt 0.045300 1.665111 0.000000
vt 0.102096 1.255130 0.000000
vt 0.158892 0.881845 0.000000
vt 0.200144 0.508560 0.000000
vt -0.000002 1.286004 0.000000
vt 0.045300 1.255130 0.000000
vt 0.102096 0.881845 0.000000
vt 0.158892 0.508560 0.000000
vt 0.200144 0.135275 0.000000
vt 0.045300 0.881845 0.000000
vt -0.000002 0.782422 0.000000
vt 0.045300 0.508560 0.000000
vt -0.000002 0.278860 0.000000
vt 0.045300 0.135275 0.000000
vt 0.045300 -0.984581 0.000000
vt -0.000002 -1.232026 0.000000
vt 0.045300 -1.357866 0.000000
vt 0.045300 -1.544509 0.000000
vt 0.102096 -1.544509 0.000000
vt 0.102096 -1.731152 0.000000
vt 0.158892 -1.731152 0.000000
vt 0.158892 -1.984068 0.000000
vt 0.200144 -1.984068 0.000000
vt 0.200144 -2.236076 0.000000
vt 0.251532 -2.235279 0.000000
vt 0.251532 -2.489900 0.000000
vt 0.302680 -2.234485 0.000000
vt 0.302921 -2.742816 0.000000
vt 0.227286 -2.742816 0.000000
vt 0.200144 -2.489900 0.000000
vt 0.151449 -2.742816 0.000000
vt 0.158892 -2.489900 0.000000
vt 0.102096 -2.489900 0.000000
vt 0.102096 -2.237599 0.000000
vt 0.045300 -2.238480 0.000000
vt 0.045300 -1.984068 0.000000
vt -0.000002 -2.239184 0.000000
vt -0.000002 -1.735590 0.000000
vt 0.045300 -1.731152 0.000000
vt 0.045300 -2.489900 0.000000
vt 0.000000 -2.742816 0.000000
vt 0.075730 -2.742816 0.000000
vt 0.251532 -1.984068 0.000000
vt 0.302375 -1.726193 0.000000
vt 0.251532 -1.731152 0.000000
vt 0.251532 -1.544509 0.000000
vt 0.200144 -1.544509 0.000000
vt 0.200144 -1.357866 0.000000
vt 0.158892 -1.357866 0.000000
vt 0.158892 -0.984581 0.000000
vt 0.102096 -0.984581 0.000000
vt 0.302373 -1.217932 0.000000
vt 0.251532 -1.357866 0.000000
vt 0.200144 -0.984581 0.000000
vt 0.251532 -0.984581 0.000000
vt 0.302668 -0.709624 0.000000
vt 0.251532 1.255130 0.000000
vt 0.302783 1.323593 0.000000
vt 0.251532 1.665111 0.000000
vt 0.302744 1.831921 0.000000
vt 0.251532 1.960982 0.000000
vt 0.302818 2.340259 0.000000
vt 0.251532 2.256853 0.000000
vt 0.251532 2.552724 0.000000
vt 0.200144 2.552724 0.000000
vt 0.250111 2.834136 0.000000
vt 0.188383 2.820075 0.000000
vt 0.302921 2.848595 0.000000
vt 0.158892 2.552724 0.000000
vt 0.096886 2.803171 0.000000
vt 0.102096 2.552724 0.000000
vt 0.049122 2.798606 0.000000
vt 0.001264 2.796931 0.000000
vt 0.000948 2.796927 0.000000
vt 0.000632 2.796921 0.000000
vt 0.102096 2.256853 0.000000
vt 0.158892 2.256853 0.000000
vt 0.158892 1.960982 0.000000
vt 0.200144 2.256853 0.000000
vt 0.200144 1.960982 0.000000
vt 0.200144 1.665111 0.000000
vt 0.102096 0.508560 0.000000
vt 0.158892 0.135275 0.000000
vt 0.102096 0.135275 0.000000
vt 0.102096 -1.357866 0.000000
vt 0.158892 -1.544509 0.000000
vt 0.200144 -1.731152 0.000000
vt 0.102096 -1.984068 0.000000
vt 0.158892 -2.236717 0.000000
vt 0.303130 0.035006 0.000000
vt 0.303081 0.103445 0.000000
vt 0.251493 0.057225 0.000000
vt 0.227408 0.103445 0.000000
vt 0.199761 0.057225 0.000000
vt 0.151530 0.103445 0.000000
vt 0.158797 0.057225 0.000000
vt 0.101910 0.057225 0.000000
vt 0.158797 0.011005 0.000000
vt 0.101910 0.011005 0.000000
vt 0.158797 -0.026998 0.000000
vt 0.101910 -0.026998 0.000000
vt 0.158797 -0.077891 0.000000
vt 0.101910 -0.077891 0.000000
vt 0.158797 -0.090614 0.000000
vt 0.101910 -0.090614 0.000000
vt 0.158797 -0.103338 0.000000
vt 0.101910 -0.103338 0.000000
vt 0.158797 -0.128784 0.000000
vt 0.101910 -0.128784 0.000000
vt 0.151530 -0.170484 0.000000
vt 0.075769 -0.170484 0.000000
vt 0.045023 -0.128784 0.000000
vt -0.000000 -0.170484 0.000000
vt 0.000015 -0.079191 0.000000
vt 0.045023 -0.103338 0.000000
vt 0.045023 -0.090614 0.000000
vt 0.075769 0.103445 0.000000
vt 0.045023 0.057225 0.000000
vt 0.045023 0.011005 0.000000
vt 0.045023 -0.026998 0.000000
vt 0.045023 -0.077891 0.000000
vt 0.000000 0.103445 0.000000
vt 0.000000 0.012181 0.000000
vt 0.199761 -0.128784 0.000000
vt 0.227411 -0.170484 0.000000
vt 0.251493 -0.128784 0.000000
vt 0.303081 -0.170484 0.000000
vt 0.303224 -0.102002 0.000000
vt 0.303155 -0.033527 0.000000
vt 0.251493 -0.090614 0.000000
vt 0.251493 -0.103338 0.000000
vt 0.199761 -0.103338 0.000000
vt 0.251493 -0.026998 0.000000
vt 0.251493 -0.077891 0.000000
vt 0.199761 -0.077891 0.000000
vt 0.199761 -0.090614 0.000000
vt 0.251493 0.011005 0.000000
vt 0.199761 0.011005 0.000000
vt 0.199761 -0.026998 0.000000
vt 0.251566 -2.832859 0.000000
vt 0.302949 -2.857400 0.000000
vt 0.251548 -2.601983 0.000000
vt 0.302641 -2.460837 0.000000
vt 0.251548 -2.346565 0.000000
vt 0.302313 -2.064325 0.000000
vt 0.251548 -2.091148 0.000000
vt 0.251548 -1.835730 0.000000
vt 0.200039 -1.835730 0.000000
vt 0.200039 -1.651607 0.000000
vt 0.158896 -1.651607 0.000000
vt 0.158896 -1.467483 0.000000
vt 0.102008 -1.467483 0.000000
vt 0.102008 -1.099236 0.000000
vt 0.045120 -1.099236 0.000000
vt 0.045120 -0.915112 0.000000
vt 0.000004 -0.816766 0.000000
vt 0.045120 -0.730988 0.000000
vt -0.000001 -0.426719 0.000000
vt 0.045120 -0.362741 0.000000
vt -0.000020 -0.036671 0.000000
vt 0.045120 0.005506 0.000000
vt -0.000026 0.353335 0.000000
vt 0.045120 0.373754 0.000000
vt -0.000009 0.743427 0.000000
vt 0.045120 0.743214 0.000000
vt 0.045120 1.109888 0.000000
vt 0.102008 1.109435 0.000000
vt 0.102008 1.316237 0.000000
vt 0.158896 1.316237 0.000000
vt 0.158896 1.522990 0.000000
vt 0.200039 1.522772 0.000000
vt 0.200039 1.815108 0.000000
vt 0.251548 1.815108 0.000000
vt 0.200039 2.107989 0.000000
vt 0.251548 2.107989 0.000000
vt 0.200039 2.400871 0.000000
vt 0.251548 2.400871 0.000000
vt 0.227310 2.693752 0.000000
vt 0.302949 2.693752 0.000000
vt 0.302723 2.297279 0.000000
vt 0.302574 1.900903 0.000000
vt 0.302809 1.504469 0.000000
vt 0.251548 1.522499 0.000000
vt 0.251548 1.316237 0.000000
vt 0.200039 1.316237 0.000000
vt 0.200039 1.108653 0.000000
vt 0.158896 1.108981 0.000000
vt 0.158896 0.742678 0.000000
vt 0.102008 0.742946 0.000000
vt 0.102008 0.373754 0.000000
vt 0.102008 0.005506 0.000000
vt 0.102008 -0.362741 0.000000
vt 0.102008 -0.730988 0.000000
vt 0.102008 -0.915112 0.000000
vt 0.302430 -1.667855 0.000000
vt 0.251548 -1.651607 0.000000
vt 0.200039 -1.467483 0.000000
vt 0.158896 -1.099236 0.000000
vt 0.251548 -1.467483 0.000000
vt 0.302830 -1.271344 0.000000
vt 0.251548 -1.099236 0.000000
vt 0.303012 -0.874855 0.000000
vt 0.251548 -0.915112 0.000000
vt 0.251548 -0.730988 0.000000
vt 0.200039 -0.730988 0.000000
vt 0.200039 -0.362741 0.000000
vt 0.158896 -0.362741 0.000000
vt 0.158896 0.005506 0.000000
vt 0.302964 -0.478359 0.000000
vt 0.251548 -0.362741 0.000000
vt 0.200039 0.005506 0.000000
vt 0.158896 0.373754 0.000000
vt 0.302589 -0.081850 0.000000
vt 0.251548 0.005506 0.000000
vt 0.200039 0.373754 0.000000
vt 0.200039 0.742485 0.000000
vt 0.302436 0.314610 0.000000
vt 0.251548 0.373754 0.000000
vt 0.251548 0.742242 0.000000
vt 0.251548 1.108242 0.000000
vt 0.302733 0.711143 0.000000
vt 0.303056 1.107832 0.000000
vt 0.151463 2.693752 0.000000
vt 0.158896 2.400871 0.000000
vt 0.158896 2.107989 0.000000
vt 0.158896 1.815108 0.000000
vt 0.102008 1.523292 0.000000
vt 0.045120 1.316237 0.000000
vt 0.000005 1.133664 0.000000
vt 0.102008 2.400871 0.000000
vt 0.075737 2.693752 0.000000
vt 0.045120 2.400871 0.000000
vt -0.000000 2.693752 0.000000
vt -0.000009 2.303733 0.000000
vt 0.045120 2.107989 0.000000
vt -0.000016 1.913808 0.000000
vt 0.045120 1.815108 0.000000
vt -0.000007 1.523834 0.000000
vt 0.045120 1.523594 0.000000
vt -0.000003 -1.206796 0.000000
vt 0.045120 -1.467483 0.000000
vt 0.102008 -1.651607 0.000000
vt 0.158896 -1.835730 0.000000
vt 0.200039 -2.091148 0.000000
vt -0.000021 -1.596855 0.000000
vt 0.045120 -1.651607 0.000000
vt 0.102008 -1.835730 0.000000
vt 0.158896 -2.091148 0.000000
vt 0.200039 -2.346565 0.000000
vt 0.045120 -1.835730 0.000000
vt -0.000028 -1.986876 0.000000
vt 0.045120 -2.091148 0.000000
vt -0.000016 -2.376918 0.000000
vt 0.045120 -2.346565 0.000000
vt 0.045120 -2.601983 0.000000
vt 0.102008 -2.601983 0.000000
vt 0.051899 -2.770583 0.000000
vt 0.099832 -2.779018 0.000000
vt -0.000001 -2.767027 0.000000
vt 0.000834 -2.767045 0.000000
vt 0.003335 -2.767116 0.000000
vt 0.001667 -2.767072 0.000000
vt 0.002501 -2.767096 0.000000
vt 0.158896 -2.601983 0.000000
vt 0.190387 -2.807496 0.000000
vt 0.200039 -2.601983 0.000000
vt 0.158896 -2.346565 0.000000
vt 0.102008 -2.346565 0.000000
vt 0.102008 -2.091148 0.000000
vt 0.200039 -1.099236 0.000000
vt 0.158896 -0.915112 0.000000
vt 0.200039 -0.915112 0.000000
vt 0.158896 -0.730988 0.000000
vt 0.102008 1.815108 0.000000
vt 0.102008 2.107989 0.000000
vt -2.041005 0.151844 0.000000
vt -2.680215 0.151844 0.000000
vt -2.036918 0.102725 0.000000
vt -2.680215 0.075922 0.000000
vt -2.028061 0.054219 0.000000
vt -2.680215 -0.000000 0.000000
vt -2.000532 -0.037654 0.000000
vt -2.680215 -0.075922 0.000000
vt -1.974879 -0.099400 0.000000
vt -2.680215 -0.151844 0.000000
vt -1.951785 -0.151844 0.000000
vt 0.298498 0.133210 0.000000
vt 0.298488 0.222067 0.000000
vt 0.247929 0.138807 0.000000
vt 0.223958 0.222067 0.000000
vt 0.197359 0.138807 0.000000
vt 0.149233 0.222067 0.000000
vt 0.156207 0.138807 0.000000
vt 0.100535 0.138807 0.000000
vt 0.156207 0.055548 0.000000
vt 0.100535 0.055548 0.000000
vt 0.156207 -0.010575 0.000000
vt 0.100535 -0.010575 0.000000
vt 0.156207 -0.086469 0.000000
vt 0.100535 -0.086469 0.000000
vt 0.156207 -0.105442 0.000000
vt 0.100535 -0.105442 0.000000
vt 0.156207 -0.124415 0.000000
vt 0.100535 -0.124415 0.000000
vt 0.156207 -0.162362 0.000000
vt 0.100535 -0.162362 0.000000
vt 0.149233 -0.222067 0.000000
vt 0.074622 -0.222067 0.000000
vt 0.044863 -0.162362 0.000000
vt 0.000000 -0.222067 0.000000
vt 0.000009 -0.074181 0.000000
vt 0.044863 -0.124415 0.000000
vt 0.044863 -0.105442 0.000000
vt 0.074622 0.222067 0.000000
vt 0.044863 0.138807 0.000000
vt 0.044863 0.055548 0.000000
vt 0.044863 -0.010575 0.000000
vt 0.044863 -0.086469 0.000000
vt 0.000000 0.222067 0.000000
vt 0.000281 0.074080 0.000000
vt 0.197359 -0.162362 0.000000
vt 0.223958 -0.222067 0.000000
vt 0.247929 -0.162362 0.000000
vt 0.298488 -0.222067 0.000000
vt 0.298492 -0.133350 0.000000
vt 0.298487 -0.044520 0.000000
vt 0.247929 -0.086469 0.000000
vt 0.247929 -0.105442 0.000000
vt 0.247929 -0.124415 0.000000
vt 0.197359 -0.105442 0.000000
vt 0.197359 -0.124415 0.000000
vt 0.247929 -0.010575 0.000000
vt 0.298498 0.044493 0.000000
vt 0.247929 0.055548 0.000000
vt 0.197359 0.055548 0.000000
vt 0.197359 -0.010575 0.000000
vt 0.197359 -0.086469 0.000000
vt 2.679930 -0.151844 0.000000
vt 2.966262 -0.151844 0.000000
vt 2.693036 -0.098348 0.000000
vt 2.966262 -0.075922 0.000000
vt 2.708141 -0.036465 0.000000
vt 2.966262 0.000000 0.000000
vt 2.723447 0.055747 0.000000
vt 2.966262 0.075922 0.000000
vt 2.728683 0.103755 0.000000
vt 2.966262 0.151844 0.000000
vt 2.731244 0.151844 0.000000
vt -0.189793 3.597520 0.000000
vt -1.201647 3.650476 0.000000
vt -0.189793 2.403572 0.000000
vt -1.201647 -3.650000 0.000000
vt 0.310893 -3.568618 0.000000
vt 0.310893 2.114897 0.000000
vt -1.512540 2.114897 0.000000
vt -1.512540 -3.568618 0.000000
vt -1.011854 2.403572 0.000000
vt -0.000000 -3.650000 0.000000
vt -0.000000 3.650476 0.000000
vt -1.011854 3.597520 0.000000
vt 4.120578 0.552333 0.000000
vt 3.793072 0.712559 0.000000
vt 0.979422 0.552333 0.000000
vt 1.306928 0.712559 0.000000
vt 1.650462 0.834572 0.000000
vt 3.449538 0.834572 0.000000
vt 2.005596 0.916798 0.000000
vt 3.094404 0.916798 0.000000
vt 2.367749 0.958178 0.000000
vt 2.732251 0.958178 0.000000
vt 3.597520 0.151844 0.000000
vt 2.605326 0.151844 0.000000
vt 3.597520 0.075922 0.000000
vt 2.561054 0.072651 0.000000
vt 3.597520 0.000000 0.000000
vt 2.511615 -0.003788 0.000000
vt 3.597520 -0.075922 0.000000
vt 2.458621 -0.078000 0.000000
vt 3.597520 -0.151844 0.000000
vt 2.404050 -0.151204 0.000000
vt 2.403572 -0.151844 0.000000
vt -0.976225 2.644145 0.000000
vt -0.350000 2.644145 0.000000
vt -0.976232 3.741436 0.000000
vt -0.337091 3.744818 0.000000
vt -0.976282 3.743972 0.000000
vt -0.976300 3.744818 0.000000
vt -0.189793 3.597520 0.000000
vt -0.294763 2.639759 0.000000
vt -0.240911 2.626710 0.000000
vt -0.189793 2.605326 0.000000
vt -0.209514 3.671200 0.000000
vt -0.263411 3.725097 0.000000
vt -0.976270 3.743127 0.000000
vt -0.976262 3.742282 0.000000
vt 1.723598 -0.266764 0.000000
vt 0.208870 -0.266764 0.000000
vt 0.971122 -0.343092 0.000000
vt 0.211075 -0.381632 0.000000
vt 0.971122 -0.419420 0.000000
vt 0.212132 -0.494997 0.000000
vt 0.971122 -0.495373 0.000000
vt 0.212118 -0.571902 0.000000
vt 0.971122 -0.571989 0.000000
vt 0.211544 -0.647272 0.000000
vt 0.971122 -0.686238 0.000000
vt 0.210449 -0.722853 0.000000
vt 1.723598 -0.800400 0.000000
vt 0.208870 -0.800400 0.000000
vt 1.728453 -0.693344 0.000000
vt 1.731006 -0.587610 0.000000
vt 1.731006 -0.479554 0.000000
vt 1.728453 -0.373821 0.000000
vt -0.580838 0.060128 0.000000
vt -0.521129 0.059814 0.000000
vt -0.580838 0.522484 0.000000
vt -0.482372 0.523483 0.000000
vt -0.464417 0.063890 0.000000
vt -0.409813 0.072254 0.000000
vt -0.387276 0.530690 0.000000
vt -0.320608 0.077481 0.000000
vt -0.320811 0.538885 0.000000
vt -0.246603 0.549673 0.000000
vt -0.229319 0.062900 0.000000
vt -0.155623 0.562872 0.000000
vt -0.134571 0.035032 0.000000
vt -0.031650 0.577945 0.000000
vt -0.032589 0.000315 0.000000
vt -0.031650 0.000000 0.000000
vt 5.480709 1.642904 0.000000
vt 6.235176 1.639168 0.000000
vt 5.295185 1.822649 0.000000
vt 6.651150 1.825672 0.000000
vt 5.266508 1.847520 0.000000
vt 6.708275 1.847514 0.000000
vt 5.654716 1.448408 0.000000
vt 5.833166 1.415534 0.000000
vt 5.693347 1.414984 0.000000
vt 5.787445 1.397649 0.000000
vt 5.739172 1.397460 0.000000
vt 1.723598 -0.266764 0.000000
vt 0.208870 -0.266764 0.000000
vt 0.971122 -0.343092 0.000000
vt 0.210450 -0.344234 0.000000
vt 0.971122 -0.419420 0.000000
vt 0.211545 -0.420465 0.000000
vt 0.971122 -0.495959 0.000000
vt 0.212118 -0.496170 0.000000
vt 0.971122 -0.572119 0.000000
vt 0.212132 -0.572161 0.000000
vt 0.971122 -0.685885 0.000000
vt 0.211075 -0.685530 0.000000
vt 0.208870 -0.800400 0.000000
vt 1.723598 -0.800400 0.000000
vt 1.728453 -0.693344 0.000000
vt 1.731006 -0.587610 0.000000
vt 1.731006 -0.479554 0.000000
vt 1.728453 -0.373821 0.000000
vt 11.418618 1.512540 0.000000
vt 0.081382 1.512540 0.000000
vt 11.500000 -0.000000 0.000000
vt 0.000000 0.000000 0.000000
vt 4.328131 -0.075922 0.000000
vt 2.907252 -0.075922 0.000000
vt 4.328131 -0.151844 0.000000
vt 1.486373 -0.075922 0.000000
vt -1.355384 -0.151844 0.000000
vt 0.065495 -0.075922 0.000000
vt -1.355384 -0.075922 0.000000
vt -1.355384 -0.000000 0.000000
vt 0.065495 -0.000000 0.000000
vt -1.355384 0.075922 0.000000
vt 0.065495 0.075922 0.000000
vt -1.355384 0.151844 0.000000
vt 1.486373 0.075922 0.000000
vt 4.328131 0.151844 0.000000
vt 2.907252 0.075922 0.000000
vt 4.328131 0.075922 0.000000
vt 4.328131 0.000000 0.000000
vt 2.907252 0.000000 0.000000
vt 1.486373 0.000000 0.000000
vt 0.298342 0.447958 0.000000
vt 0.223848 0.447958 0.000000
vt 0.298333 0.383515 0.000000
vt 0.247867 0.363923 0.000000
vt 0.298327 0.318853 0.000000
vt 0.247867 0.279888 0.000000
vt 0.298337 0.254987 0.000000
vt 0.247867 0.213313 0.000000
vt 0.298342 0.191982 0.000000
vt 0.247867 0.136863 0.000000
vt 0.298342 0.095976 0.000000
vt 0.247867 0.117750 0.000000
vt 0.247867 0.098637 0.000000
vt 0.197392 0.117750 0.000000
vt 0.197392 0.098637 0.000000
vt 0.156280 0.117750 0.000000
vt 0.156280 0.098637 0.000000
vt 0.100750 0.117750 0.000000
vt 0.100750 0.098637 0.000000
vt 0.045220 0.117750 0.000000
vt 0.045220 0.098637 0.000000
vt 0.000000 0.111990 0.000000
vt 0.045220 0.060412 0.000000
vt 0.000000 0.000000 0.000000
vt 0.074585 -0.000000 0.000000
vt 0.197392 0.363923 0.000000
vt 0.149160 0.447958 0.000000
vt 0.156280 0.363923 0.000000
vt 0.100750 0.363923 0.000000
vt 0.156280 0.279888 0.000000
vt 0.100750 0.279888 0.000000
vt 0.156280 0.213313 0.000000
vt 0.100750 0.213313 0.000000
vt 0.156280 0.136863 0.000000
vt 0.100750 0.136863 0.000000
vt 0.074585 0.447958 0.000000
vt 0.045220 0.363923 0.000000
vt 0.045220 0.279888 0.000000
vt 0.045220 0.213313 0.000000
vt 0.045220 0.136863 0.000000
vt 0.000000 0.447958 0.000000
vt 0.000000 0.335969 0.000000
vt 0.000000 0.223979 0.000000
vt 0.100750 0.060412 0.000000
vt 0.149160 0.000000 0.000000
vt 0.156280 0.060412 0.000000
vt 0.197392 0.060412 0.000000
vt 0.223848 -0.000000 0.000000
vt 0.247867 0.060412 0.000000
vt 0.298342 0.000000 0.000000
vt 0.197392 0.279888 0.000000
vt 0.197392 0.213313 0.000000
vt 0.197392 0.136863 0.000000
vt 8.543618 -0.075922 0.000000
vt 6.924013 -0.075922 0.000000
vt 8.543618 -0.151844 0.000000
vt 5.304408 -0.075922 0.000000
vt 3.684803 -0.075922 0.000000
vt 3.684803 0.000000 0.000000
vt 2.065197 0.000000 0.000000
vt 2.065197 0.075922 0.000000
vt 0.445592 0.075922 0.000000
vt -2.793618 0.151844 0.000000
vt -1.174013 0.075922 0.000000
vt -2.793618 0.075922 0.000000
vt -1.174013 0.000000 0.000000
vt -2.793618 0.000000 0.000000
vt -1.174013 -0.075922 0.000000
vt -2.793618 -0.075922 0.000000
vt -2.793618 -0.151844 0.000000
vt 6.924013 0.000000 0.000000
vt 8.543618 0.000000 0.000000
vt 6.924013 0.075922 0.000000
vt 8.543618 0.075922 0.000000
vt 8.543618 0.151844 0.000000
vt 3.684803 0.075922 0.000000
vt 5.304408 0.075922 0.000000
vt 2.065197 -0.075922 0.000000
vt 0.445592 -0.075922 0.000000
vt 5.304408 0.000000 0.000000
vt 0.445592 0.000000 0.000000
vt 0.298342 0.351983 0.000000
vt 0.298342 0.447960 0.000000
vt 0.247867 0.371774 0.000000
vt 0.223848 0.447960 0.000000
vt 0.197392 0.371774 0.000000
vt 0.149160 0.447960 0.000000
vt 0.156280 0.371774 0.000000
vt 0.100750 0.371774 0.000000
vt 0.156280 0.295588 0.000000
vt 0.100750 0.295588 0.000000
vt 0.156280 0.234646 0.000000
vt 0.100750 0.234646 0.000000
vt 0.156280 0.150783 0.000000
vt 0.100750 0.150783 0.000000
vt 0.156280 0.129817 0.000000
vt 0.100750 0.129817 0.000000
vt 0.156280 0.108851 0.000000
vt 0.100750 0.108851 0.000000
vt 0.156280 0.066920 0.000000
vt 0.100750 0.066920 0.000000
vt 0.149160 0.000000 0.000000
vt 0.074585 -0.000000 0.000000
vt 0.045220 0.066920 0.000000
vt 0.000000 0.000000 0.000000
vt 0.000000 0.111990 0.000000
vt 0.045220 0.108851 0.000000
vt 0.045220 0.129817 0.000000
vt 0.074585 0.447960 0.000000
vt 0.045220 0.371774 0.000000
vt 0.045220 0.295588 0.000000
vt 0.045220 0.234646 0.000000
vt 0.045220 0.150783 0.000000
vt 0.000000 0.447960 0.000000
vt 0.000000 0.335970 0.000000
vt 0.000000 0.223980 0.000000
vt 0.197392 0.066920 0.000000
vt 0.223848 -0.000000 0.000000
vt 0.247867 0.066920 0.000000
vt 0.298342 0.000000 0.000000
vt 0.298331 0.064507 0.000000
vt 0.247867 0.108851 0.000000
vt 0.298332 0.128617 0.000000
vt 0.247867 0.129817 0.000000
vt 0.247867 0.150783 0.000000
vt 0.197392 0.150783 0.000000
vt 0.197392 0.234646 0.000000
vt 0.298340 0.192209 0.000000
vt 0.247867 0.234646 0.000000
vt 0.197392 0.295588 0.000000
vt 0.298342 0.255977 0.000000
vt 0.247867 0.295588 0.000000
vt 0.197392 0.129817 0.000000
vt 0.197392 0.108851 0.000000
vt 4.673867 -0.075922 0.000000
vt 3.252988 -0.075922 0.000000
vt 4.673867 -0.151844 0.000000
vt 1.832109 -0.075922 0.000000
vt -1.009648 -0.151844 0.000000
vt 0.411231 -0.075922 0.000000
vt -1.009648 -0.075922 0.000000
vt -1.009648 0.000000 0.000000
vt 0.411231 0.000000 0.000000
vt -1.009648 0.075922 0.000000
vt 0.411231 0.075922 0.000000
vt -1.009648 0.151844 0.000000
vt 1.832109 0.075922 0.000000
vt 4.673867 0.151844 0.000000
vt 3.252988 0.075922 0.000000
vt 4.673867 0.075922 0.000000
vt 4.673867 0.000000 0.000000
vt 3.252988 0.000000 0.000000
vt 1.832109 0.000000 0.000000
vt 0.221925 0.314987 0.000000
vt 0.221925 0.367485 0.000000
vt 0.184663 0.322148 0.000000
vt 0.166512 0.367485 0.000000
vt 0.147399 0.322148 0.000000
vt 0.110954 0.367485 0.000000
vt 0.116253 0.322148 0.000000
vt 0.075256 0.322148 0.000000
vt 0.116253 0.276811 0.000000
vt 0.075256 0.276811 0.000000
vt 0.116253 0.244990 0.000000
vt 0.075256 0.244990 0.000000
vt 0.116253 0.158250 0.000000
vt 0.075256 0.158250 0.000000
vt 0.116253 0.114880 0.000000
vt 0.075256 0.114880 0.000000
vt 0.116253 0.071511 0.000000
vt 0.075256 0.071511 0.000000
vt 0.073969 0.000000 0.000000
vt 0.034259 0.071511 0.000000
vt 0.000000 0.000000 0.000000
vt 0.000000 0.091871 0.000000
vt 0.034259 0.114880 0.000000
vt 0.034259 0.158250 0.000000
vt 0.055481 0.367485 0.000000
vt 0.034259 0.322148 0.000000
vt 0.034259 0.276811 0.000000
vt 0.034259 0.244990 0.000000
vt 0.000000 0.367485 0.000000
vt 0.000000 0.321549 0.000000
vt 0.000000 0.275613 0.000000
vt 0.000000 0.183742 0.000000
vt 0.147967 0.000000 0.000000
vt 0.147399 0.071511 0.000000
vt 0.147399 0.114880 0.000000
vt 0.147399 0.158250 0.000000
vt 0.147399 0.244990 0.000000
vt 0.147399 0.276811 0.000000
vt 0.184663 0.071511 0.000000
vt 0.221925 0.000000 0.000000
vt 0.221925 0.078756 0.000000
vt 0.184663 0.114880 0.000000
vt 0.221925 0.157493 0.000000
vt 0.184663 0.158250 0.000000
vt 0.221926 0.210000 0.000000
vt 0.184663 0.244990 0.000000
vt 0.221925 0.262489 0.000000
vt 0.184663 0.276811 0.000000
vt 2.296777 -0.028541 0.000000
vt 2.392758 -0.104721 0.000000
vt 3.133979 -0.034758 0.000000
vt 3.834525 -0.104727 0.000000
vt 4.035297 -0.034591 0.000000
vt 4.249948 0.025164 0.000000
vt 3.133979 0.034904 0.000000
vt 2.187738 0.039120 0.000000
vt 2.050297 0.087877 0.000000
vt 4.506291 0.069893 0.000000
vt 4.767210 0.092638 0.000000
vt 1.894328 0.104720 0.000000
vt 5.001257 0.101353 0.000000
vt 5.216341 0.104084 0.000000
vt 5.422094 0.104679 0.000000
vt 5.613281 0.104720 0.000000
vt 0.221925 0.288679 0.000000
vt 0.221925 0.367421 0.000000
vt 0.184663 0.318203 0.000000
vt 0.147967 0.367421 0.000000
vt 0.147399 0.318203 0.000000
vt 0.116253 0.318203 0.000000
vt 0.147399 0.268986 0.000000
vt 0.116253 0.268986 0.000000
vt 0.147399 0.170551 0.000000
vt 0.116253 0.170551 0.000000
vt 0.147399 0.122474 0.000000
vt 0.116253 0.122474 0.000000
vt 0.147399 0.078309 0.000000
vt 0.116253 0.078309 0.000000
vt 0.147399 0.056226 0.000000
vt 0.116253 0.056226 0.000000
vt 0.147399 0.034144 0.000000
vt 0.116253 0.034144 0.000000
vt 0.110954 0.000000 0.000000
vt 0.075256 0.034144 0.000000
vt 0.055481 -0.000000 0.000000
vt 0.034259 0.034144 0.000000
vt 0.000000 0.000000 0.000000
vt 0.000000 0.045928 0.000000
vt 0.034259 0.056226 0.000000
vt 0.034259 0.078309 0.000000
vt 0.075256 0.056226 0.000000
vt 0.075256 0.078309 0.000000
vt 0.073969 0.367421 0.000000
vt 0.075256 0.318203 0.000000
vt 0.075256 0.268986 0.000000
vt 0.075256 0.170551 0.000000
vt 0.075256 0.122474 0.000000
vt 0.034259 0.318203 0.000000
vt 0.000000 0.367421 0.000000
vt 0.000000 0.275566 0.000000
vt 0.034259 0.268986 0.000000
vt 0.000000 0.183710 0.000000
vt 0.034259 0.170551 0.000000
vt 0.034259 0.122474 0.000000
vt 0.000000 0.091855 0.000000
vt 0.166512 -0.000000 0.000000
vt 0.184663 0.034144 0.000000
vt 0.184663 0.056226 0.000000
vt 0.184663 0.078309 0.000000
vt 0.184663 0.122474 0.000000
vt 0.184663 0.170551 0.000000
vt 0.184663 0.268986 0.000000
vt 0.221925 0.000000 0.000000
vt 0.221925 0.052489 0.000000
vt 0.221925 0.104977 0.000000
vt 0.221926 0.157458 0.000000
vt 0.221925 0.209955 0.000000
vt 1.128494 1.847520 0.000000
vt 0.083852 1.847521 0.000000
vt 1.099815 1.822649 0.000000
vt 0.886704 1.613870 0.000000
vt 0.062889 1.385641 0.000000
vt 0.689114 1.385641 0.000000
vt 10.286714 1.847517 0.000000
vt 10.343850 1.825672 0.000000
vt 11.411148 1.847521 0.000000
vt 10.784882 1.626521 0.000000
vt 11.432111 1.385641 0.000000
vt 11.210015 1.385641 0.000000
vt -1.246828 0.104720 0.000000
vt -2.789898 0.104720 0.000000
vt -1.396998 0.089139 0.000000
vt -2.789898 0.034907 0.000000
vt -1.530982 0.043608 0.000000
vt -1.643097 -0.024072 0.000000
vt -2.789898 -0.034907 0.000000
vt -1.745256 -0.104720 0.000000
vt -2.789898 -0.104720 0.000000
vt 7.412964 -0.104723 0.000000
vt 8.537398 -0.104720 0.000000
vt 7.254871 -0.048781 0.000000
vt 8.537398 -0.034907 0.000000
vt 7.092955 0.000953 0.000000
vt 8.537398 0.034907 0.000000
vt 7.085808 0.034906 0.000000
vt 6.705078 0.074466 0.000000
vt 6.914630 0.042849 0.000000
vt 8.537398 0.104720 0.000000
vt 6.453076 0.094298 0.000000
vt 6.183002 0.102569 0.000000
vt 5.895040 0.104599 0.000000
vt 5.634219 0.104720 0.000000
vt -0.633952 0.063890 0.000000
vt -0.615996 0.523483 0.000000
vt -0.688555 0.072254 0.000000
vt -0.711091 0.530690 0.000000
vt -0.777758 0.077481 0.000000
vt -0.777555 0.538885 0.000000
vt -0.851762 0.549673 0.000000
vt -0.577240 0.059814 0.000000
vt -0.517532 0.522484 0.000000
vt -0.517532 0.060128 0.000000
vt -0.869046 0.062900 0.000000
vt -0.942741 0.562872 0.000000
vt -0.963792 0.035032 0.000000
vt -1.066712 0.577945 0.000000
vt -1.065773 0.000315 0.000000
vt -1.066712 0.000000 0.000000
vt 2.436238 -0.861027 0.000000
vt 3.713914 -0.794627 0.000000
vt 2.425641 -0.484458 0.000000
vt 3.725453 -0.397313 0.000000
vt 2.515513 -0.242229 0.000000
vt 3.738755 -0.000000 0.000000
vt 2.612761 -0.000000 0.000000
vt 3.704293 -1.191940 0.000000
vt 2.445090 -1.237596 0.000000
vt 3.696721 -1.589254 0.000000
vt 2.452090 -1.614165 0.000000
vt 3.691301 -1.986567 0.000000
vt 2.457151 -1.990734 0.000000
vt 2.460213 -2.367303 0.000000
vt 3.688106 -2.383881 0.000000
vt 2.461238 -2.743872 0.000000
vt 3.687179 -2.781194 0.000000
vt 2.460213 -3.120441 0.000000
vt 3.688534 -3.178508 0.000000
vt 2.457151 -3.497010 0.000000
vt 3.692151 -3.575821 0.000000
vt 2.452090 -3.873579 0.000000
vt 3.697982 -3.973135 0.000000
vt 2.445090 -4.250149 0.000000
vt 3.705948 -4.370448 0.000000
vt 2.436238 -4.626718 0.000000
vt 3.715940 -4.767762 0.000000
vt 2.425641 -5.003287 0.000000
vt 3.727823 -5.165075 0.000000
vt 2.530031 -5.282843 0.000000
vt 3.741436 -5.562389 0.000000
vt 2.644145 -5.562400 0.000000
vt 0.235907 2.075595 0.000000
vt 0.251436 1.984680 0.000000
vt 0.289466 2.183396 0.000000
vt 0.302857 1.848506 0.000000
vt 0.302852 2.218184 0.000000
vt 0.200007 1.984680 0.000000
vt 0.164441 1.970378 0.000000
vt 0.200007 1.751176 0.000000
vt 0.158627 1.751176 0.000000
vt 0.200007 1.517671 0.000000
vt 0.158627 1.517671 0.000000
vt 0.200007 1.284167 0.000000
vt 0.158627 1.284167 0.000000
vt 0.200007 0.950806 0.000000
vt 0.158627 0.950829 0.000000
vt 0.158627 0.658785 0.000000
vt 0.102045 0.658785 0.000000
vt 0.158627 0.366823 0.000000
vt 0.102045 0.366823 0.000000
vt 0.158627 0.074860 0.000000
vt 0.102045 0.074860 0.000000
vt 0.158627 -0.217102 0.000000
vt 0.102045 -0.217102 0.000000
vt 0.158627 -0.509065 0.000000
vt 0.102045 -0.509065 0.000000
vt 0.158627 -0.801027 0.000000
vt 0.102045 -0.801027 0.000000
vt 0.158627 -1.092990 0.000000
vt 0.102045 -1.092990 0.000000
vt 0.158627 -1.238971 0.000000
vt 0.102045 -1.238971 0.000000
vt 0.158627 -1.384952 0.000000
vt 0.102045 -1.384952 0.000000
vt 0.158627 -1.593260 0.000000
vt 0.102045 -1.593260 0.000000
vt 0.158627 -1.801568 0.000000
vt 0.102045 -1.801568 0.000000
vt 0.158499 -1.962026 0.000000
vt 0.078028 -1.844824 0.000000
vt 0.045464 -1.593260 0.000000
vt 0.045464 -1.384952 0.000000
vt 0.000253 -1.331223 0.000000
vt 0.045464 -1.238971 0.000000
vt 0.045464 -1.092990 0.000000
vt 0.102045 1.751176 0.000000
vt 0.081216 1.849908 0.000000
vt 0.045464 1.751176 0.000000
vt 0.000146 1.711621 0.000000
vt 0.045464 1.517671 0.000000
vt 0.000091 1.331313 0.000000
vt 0.045464 1.284167 0.000000
vt -0.000028 0.950920 0.000000
vt 0.045464 0.950894 0.000000
vt 0.045464 0.658785 0.000000
vt 0.102045 0.950862 0.000000
vt 0.000144 0.570504 0.000000
vt 0.045464 0.366823 0.000000
vt 0.000230 0.190157 0.000000
vt 0.045464 0.074860 0.000000
vt 0.000073 -0.190182 0.000000
vt 0.045464 -0.217102 0.000000
vt 0.045464 -0.509065 0.000000
vt -0.000008 -0.570532 0.000000
vt 0.045464 -0.801027 0.000000
vt 0.000070 -0.950873 0.000000
vt 0.000231 -1.711561 0.000000
vt 0.231977 -2.069177 0.000000
vt 0.200007 -2.009876 0.000000
vt 0.200007 -1.801568 0.000000
vt 0.251436 -2.009876 0.000000
vt 0.289466 -2.183394 0.000000
vt 0.302852 -2.218184 0.000000
vt 0.302859 -1.848467 0.000000
vt 0.251436 -1.801568 0.000000
vt 0.200007 -1.593260 0.000000
vt 0.251436 -1.593260 0.000000
vt 0.302865 -1.478774 0.000000
vt 0.251436 -1.384952 0.000000
vt 0.251436 -1.238971 0.000000
vt 0.200007 -1.238971 0.000000
vt 0.200007 -1.092990 0.000000
vt 0.302859 -1.109087 0.000000
vt 0.251436 -1.092990 0.000000
vt 0.200007 -0.801027 0.000000
vt 0.251436 -0.801027 0.000000
vt 0.302853 -0.739392 0.000000
vt 0.251436 -0.509065 0.000000
vt 0.302852 -0.369705 0.000000
vt 0.251436 -0.217102 0.000000
vt 0.302861 -0.000009 0.000000
vt 0.251436 0.074860 0.000000
vt 0.302864 0.369670 0.000000
vt 0.251436 0.366823 0.000000
vt 0.251436 0.658785 0.000000
vt 0.200007 0.658785 0.000000
vt 0.251436 0.950777 0.000000
vt 0.302855 0.739392 0.000000
vt 0.302852 1.109161 0.000000
vt 0.251436 1.284167 0.000000
vt 0.302859 1.478860 0.000000
vt 0.251436 1.517671 0.000000
vt 0.251436 1.751176 0.000000
vt 0.102045 1.517671 0.000000
vt 0.102045 1.284167 0.000000
vt 0.200007 0.366823 0.000000
vt 0.200007 0.074860 0.000000
vt 0.200007 -0.217102 0.000000
vt 0.200007 -0.509065 0.000000
vt 0.200007 -1.384952 0.000000
vt 2.430918 -2.115806 0.000000
vt 3.723131 -1.716676 0.000000
vt 2.424130 -1.645676 0.000000
vt 3.732280 -1.207484 0.000000
vt 2.523705 -1.171983 0.000000
vt 3.743545 -0.698292 0.000000
vt 2.644145 -0.698290 0.000000
vt 3.716173 -2.225867 0.000000
vt 2.435800 -2.585935 0.000000
vt 3.711462 -2.735059 0.000000
vt 2.438743 -3.056064 0.000000
vt 3.709034 -3.244251 0.000000
vt 2.439726 -3.526193 0.000000
vt 3.708910 -3.753443 0.000000
vt 2.438743 -3.996323 0.000000
vt 3.711091 -4.262634 0.000000
vt 2.435800 -4.466452 0.000000
vt 3.715559 -4.771826 0.000000
vt 2.430918 -4.936581 0.000000
vt 3.722278 -5.281018 0.000000
vt 2.424130 -5.406711 0.000000
vt 3.731194 -5.790209 0.000000
vt 2.517382 -5.853056 0.000000
vt 3.742236 -6.299401 0.000000
vt 2.629199 -6.299401 0.000000
vt 0.302871 1.859752 0.000000
vt 0.291023 1.800423 0.000000
vt 0.302873 1.394829 0.000000
vt 0.253858 1.638697 0.000000
vt 0.251437 1.551339 0.000000
vt 0.209197 1.476727 0.000000
vt 0.251437 1.242927 0.000000
vt 0.199993 1.242927 0.000000
vt 0.251437 0.934514 0.000000
vt 0.199993 0.934514 0.000000
vt 0.251437 0.626101 0.000000
vt 0.199993 0.626101 0.000000
vt 0.251437 0.357330 0.000000
vt 0.199993 0.357330 0.000000
vt 0.251437 0.088560 0.000000
vt 0.199993 0.088560 0.000000
vt 0.251437 -0.250744 0.000000
vt 0.199993 -0.250744 0.000000
vt 0.251437 -0.590048 0.000000
vt 0.199993 -0.590048 0.000000
vt 0.251437 -0.759700 0.000000
vt 0.199993 -0.759700 0.000000
vt 0.199993 -0.929634 0.000000
vt 0.158650 -0.929536 0.000000
vt 0.158650 -1.268656 0.000000
vt 0.119074 -1.130051 0.000000
vt 0.182570 -1.382487 0.000000
vt 0.160368 1.300893 0.000000
vt 0.158650 1.242927 0.000000
vt 0.158650 0.934514 0.000000
vt 0.158650 0.626101 0.000000
vt 0.158650 0.357330 0.000000
vt 0.158650 0.088560 0.000000
vt 0.158650 -0.250744 0.000000
vt 0.158650 -0.590048 0.000000
vt 0.158650 -0.759700 0.000000
vt 0.102063 -0.929403 0.000000
vt 0.069224 -0.870769 0.000000
vt 0.102063 -0.759700 0.000000
vt 0.045476 -0.590048 0.000000
vt 0.102063 -0.590048 0.000000
vt 0.045476 -0.250744 0.000000
vt 0.102063 -0.250744 0.000000
vt 0.045476 0.088560 0.000000
vt 0.102063 0.088560 0.000000
vt 0.045476 0.357330 0.000000
vt 0.102063 0.357330 0.000000
vt 0.045476 0.626101 0.000000
vt 0.102063 0.626101 0.000000
vt 0.063878 0.843667 0.000000
vt 0.102063 0.934514 0.000000
vt 0.110497 1.094480 0.000000
vt 0.028651 0.571311 0.000000
vt 0.006678 0.277880 0.000000
vt 0.000071 0.010725 0.000000
vt 0.000074 0.003570 0.000000
vt 0.000077 -0.003585 0.000000
vt 0.000081 -0.010740 0.000000
vt 0.003875 -0.206635 0.000000
vt 0.015421 -0.416868 0.000000
vt 0.035894 -0.635356 0.000000
vt 0.242263 -1.595678 0.000000
vt 0.199993 -1.416430 0.000000
vt 0.199993 -1.268656 0.000000
vt 0.291025 -1.800434 0.000000
vt 0.251437 -1.564204 0.000000
vt 0.251437 -1.416430 0.000000
vt 0.302871 -1.859752 0.000000
vt 0.302878 -1.394803 0.000000
vt 0.251437 -1.268656 0.000000
vt 0.251437 -0.929755 0.000000
vt 0.302881 -0.929877 0.000000
vt 0.302881 -0.464960 0.000000
vt 0.302875 -0.000007 0.000000
vt 0.302869 0.464975 0.000000
vt 0.302872 0.929919 0.000000
vt 2.918319 -5.814389 0.000000
vt 3.016468 -5.663648 0.000000
vt 2.891365 -5.818614 0.000000
vt 3.016468 -4.120578 0.000000
vt 0.076744 -5.097630 0.000000
vt 0.035170 -4.983407 0.000000
vt 3.016468 -0.979422 0.000000
vt -0.042963 -4.890291 0.000000
vt -0.148231 -4.829514 0.000000
vt 3.016468 2.739531 0.000000
vt -0.267938 -4.808407 0.000000
vt -2.792150 5.818614 0.000000
vt -0.387645 -4.829514 0.000000
vt -1.155231 -4.829514 0.000000
vt -0.492914 -4.890291 0.000000
vt -1.049963 -4.890291 0.000000
vt -0.571047 -4.983407 0.000000
vt -0.971830 -4.983407 0.000000
vt -0.612621 -5.097630 0.000000
vt -0.930256 -5.097630 0.000000
vt -0.612621 -5.219184 0.000000
vt -0.930256 -5.219184 0.000000
vt -0.571047 -5.333407 0.000000
vt -0.971830 -5.333407 0.000000
vt -0.492914 -5.426522 0.000000
vt -1.049963 -5.426522 0.000000
vt -0.387645 -5.487299 0.000000
vt -1.155231 -5.487299 0.000000
vt -0.267938 -5.508407 0.000000
vt -1.274938 -5.508407 0.000000
vt -2.792150 -5.818614 0.000000
vt -1.394645 -5.487299 0.000000
vt -2.162231 -5.487299 0.000000
vt -2.056963 -5.426522 0.000000
vt -1.499914 -5.426522 0.000000
vt -1.978830 -5.333407 0.000000
vt -1.578047 -5.333407 0.000000
vt -1.937256 -5.219184 0.000000
vt -1.619621 -5.219184 0.000000
vt -1.937256 -5.097630 0.000000
vt -1.619621 -5.097630 0.000000
vt -1.978830 -4.983407 0.000000
vt -1.578047 -4.983407 0.000000
vt -2.056963 -4.890291 0.000000
vt -1.499914 -4.890291 0.000000
vt -2.162231 -4.829514 0.000000
vt -1.394645 -4.829514 0.000000
vt -2.942146 5.668618 0.000000
vt -1.274938 -4.808407 0.000000
vt 2.943199 -5.803066 0.000000
vt 2.983197 -5.766138 0.000000
vt 3.008026 -5.717565 0.000000
vt 3.016468 2.760469 0.000000
vt 2.891365 5.818614 0.000000
vt 3.016468 5.663648 0.000000
vt 2.918319 5.814389 0.000000
vt 2.943199 5.803066 0.000000
vt 2.983197 5.766138 0.000000
vt 3.008026 5.717565 0.000000
vt -2.849414 5.806913 0.000000
vt -2.898124 5.774576 0.000000
vt -2.930620 5.726041 0.000000
vt -2.942146 -5.668618 0.000000
vt -2.585047 -4.983407 0.000000
vt -2.506914 -4.890291 0.000000
vt -2.401645 -4.829514 0.000000
vt -2.930619 -5.726042 0.000000
vt -2.898122 -5.774577 0.000000
vt -2.849414 -5.806914 0.000000
vt -0.148231 -5.487299 0.000000
vt -0.042963 -5.426522 0.000000
vt 0.035170 -5.333407 0.000000
vt 0.076744 -5.219184 0.000000
vt -2.281938 -5.508407 0.000000
vt -2.401645 -5.487299 0.000000
vt -2.506914 -5.426522 0.000000
vt -2.585047 -5.333407 0.000000
vt -2.626621 -5.219184 0.000000
vt -2.626621 -5.097630 0.000000
vt -2.281938 -4.808407 0.000000
vt -0.000000 -0.320000 0.000000
vt 0.115597 -0.298391 0.000000
vt -0.115597 -0.298391 0.000000
vt -0.215583 -0.236483 0.000000
vt 0.215583 -0.236483 0.000000
vt -0.286452 -0.142636 0.000000
vt 0.286452 -0.142636 0.000000
vt -0.318635 -0.029526 0.000000
vt 0.318635 -0.029526 0.000000
vt -0.307784 0.087572 0.000000
vt 0.307784 0.087572 0.000000
vt -0.255366 0.192843 0.000000
vt 0.255366 0.192843 0.000000
vt -0.168458 0.272069 0.000000
vt 0.168458 0.272069 0.000000
vt -0.058800 0.314551 0.000000
vt 0.058800 0.314551 0.000000
vt -0.021213 0.928618 0.000000
vt 0.021213 0.935496 0.000000
vt -0.021213 1.052434 0.000000
vt 0.021213 1.052434 0.000000
vt -0.021213 -1.052434 0.000000
vt 0.021213 -1.052434 0.000000
vt 0.021213 -0.935496 0.000000
vt 0.021213 0.818559 0.000000
vt -0.021213 0.804802 0.000000
vt 0.021213 0.701622 0.000000
vt -0.021213 0.680986 0.000000
vt 0.021213 0.584685 0.000000
vt -0.021213 0.557171 0.000000
vt 0.021213 0.467748 0.000000
vt -0.021213 0.433355 0.000000
vt 0.021213 0.350811 0.000000
vt -0.021213 0.309539 0.000000
vt 0.021213 0.233874 0.000000
vt -0.021213 0.185724 0.000000
vt 0.021213 0.116937 0.000000
vt -0.021213 0.061908 0.000000
vt 0.021213 0.000000 0.000000
vt -0.021213 -0.061908 0.000000
vt 0.021213 -0.116937 0.000000
vt -0.021213 -0.185724 0.000000
vt 0.021213 -0.233874 0.000000
vt -0.021213 -0.309539 0.000000
vt 0.021213 -0.350811 0.000000
vt -0.021213 -0.433355 0.000000
vt 0.021213 -0.467748 0.000000
vt -0.021213 -0.557171 0.000000
vt 0.021213 -0.584685 0.000000
vt -0.021213 -0.680986 0.000000
vt 0.021213 -0.701622 0.000000
vt -0.021213 -0.804802 0.000000
vt 0.021213 -0.818559 0.000000
vt -0.021213 -0.928618 0.000000
vt -0.021213 0.928618 0.000000
vt 0.021213 0.935496 0.000000
vt -0.021213 1.052434 0.000000
vt 0.021213 1.052434 0.000000
vt -0.021213 -1.052434 0.000000
vt 0.021213 -1.052434 0.000000
vt 0.021213 -0.935496 0.000000
vt 0.021213 0.818559 0.000000
vt -0.021213 0.804802 0.000000
vt 0.021213 0.701622 0.000000
vt -0.021213 0.680986 0.000000
vt 0.021213 0.584685 0.000000
vt -0.021213 0.557171 0.000000
vt 0.021213 0.467748 0.000000
vt -0.021213 0.433355 0.000000
vt 0.021213 0.350811 0.000000
vt -0.021213 0.309539 0.000000
vt 0.021213 0.233874 0.000000
vt -0.021213 0.185724 0.000000
vt 0.021213 0.116937 0.000000
vt -0.021213 0.061908 0.000000
vt 0.021213 0.000000 0.000000
vt -0.021213 -0.061908 0.000000
vt 0.021213 -0.116937 0.000000
vt -0.021213 -0.185724 0.000000
vt 0.021213 -0.233874 0.000000
vt -0.021213 -0.309539 0.000000
vt 0.021213 -0.350811 0.000000
vt -0.021213 -0.433355 0.000000
vt 0.021213 -0.467748 0.000000
vt -0.021213 -0.557171 0.000000
vt 0.021213 -0.584685 0.000000
vt -0.021213 -0.680986 0.000000
vt 0.021213 -0.701622 0.000000
vt -0.021213 -0.804802 0.000000
vt 0.021213 -0.818559 0.000000
vt -0.021213 -0.928618 0.000000
vt -0.115597 -0.298391 0.000000
vt -0.000000 -0.320000 0.000000
vt -0.000000 -0.250000 0.000000
vt 0.115597 -0.298391 0.000000
vt 0.101684 -0.228386 0.000000
vt 0.215583 -0.236483 0.000000
vt 0.185786 -0.167283 0.000000
vt 0.286452 -0.142636 0.000000
vt 0.237764 -0.077254 0.000000
vt 0.318635 -0.029526 0.000000
vt 0.248630 0.026132 0.000000
vt 0.307784 0.087572 0.000000
vt 0.216506 0.125000 0.000000
vt 0.255366 0.192843 0.000000
vt 0.146946 0.202254 0.000000
vt 0.168458 0.272069 0.000000
vt 0.051978 0.244537 0.000000
vt 0.058800 0.314551 0.000000
vt -0.058800 0.314551 0.000000
vt -0.051978 0.244537 0.000000
vt -0.168458 0.272069 0.000000
vt -0.146946 0.202254 0.000000
vt -0.255366 0.192843 0.000000
vt -0.216506 0.125000 0.000000
vt -0.307784 0.087572 0.000000
vt -0.248630 0.026132 0.000000
vt -0.318635 -0.029526 0.000000
vt -0.237764 -0.077254 0.000000
vt -0.286452 -0.142636 0.000000
vt -0.185786 -0.167283 0.000000
vt -0.215583 -0.236483 0.000000
vt -0.101684 -0.228386 0.000000
vt -0.000000 -0.320000 0.000000
vt 0.115597 -0.298391 0.000000
vt -0.115597 -0.298391 0.000000
vt -0.215583 -0.236483 0.000000
vt 0.215583 -0.236483 0.000000
vt -0.286452 -0.142636 0.000000
vt 0.286452 -0.142636 0.000000
vt -0.318635 -0.029526 0.000000
vt 0.318635 -0.029526 0.000000
vt -0.307784 0.087572 0.000000
vt 0.307784 0.087572 0.000000
vt -0.255366 0.192843 0.000000
vt 0.255366 0.192843 0.000000
vt -0.168458 0.272069 0.000000
vt 0.168458 0.272069 0.000000
vt -0.058800 0.314551 0.000000
vt 0.058800 0.314551 0.000000
vt -0.021213 0.928618 0.000000
vt 0.021213 0.935496 0.000000
vt -0.021213 1.052434 0.000000
vt 0.021213 1.052434 0.000000
vt -0.021213 -1.052434 0.000000
vt 0.021213 -1.052434 0.000000
vt 0.021213 -0.935496 0.000000
vt 0.021213 0.818559 0.000000
vt -0.021213 0.804802 0.000000
vt 0.021213 0.701622 0.000000
vt -0.021213 0.680986 0.000000
vt 0.021213 0.584685 0.000000
vt -0.021213 0.557171 0.000000
vt 0.021213 0.467748 0.000000
vt -0.021213 0.433355 0.000000
vt 0.021213 0.350811 0.000000
vt -0.021213 0.309539 0.000000
vt 0.021213 0.233874 0.000000
vt -0.021213 0.185724 0.000000
vt 0.021213 0.116937 0.000000
vt -0.021213 0.061908 0.000000
vt 0.021213 0.000000 0.000000
vt -0.021213 -0.061908 0.000000
vt 0.021213 -0.116937 0.000000
vt -0.021213 -0.185724 0.000000
vt 0.021213 -0.233874 0.000000
vt -0.021213 -0.309539 0.000000
vt 0.021213 -0.350811 0.000000
vt -0.021213 -0.433355 0.000000
vt 0.021213 -0.467748 0.000000
vt -0.021213 -0.557171 0.000000
vt 0.021213 -0.584685 0.000000
vt -0.021213 -0.680986 0.000000
vt 0.021213 -0.701622 0.000000
vt -0.021213 -0.804802 0.000000
vt 0.021213 -0.818559 0.000000
vt -0.021213 -0.928618 0.000000
vn -0.883159 -0.469073 -0.000000
vn -0.986416 -0.164269 -0.000000
vn -0.883159 -0.469073 -0.000000
vn -0.998360 -0.057244 -0.000000
vn -0.987511 0.157548 -0.000000
vn -0.930987 0.365053 -0.000000
vn -0.886333 0.463048 -0.000000
vn -0.693360 0.720591 -0.000000
vn -0.693360 0.720591 -0.000000
vn -1.000000 0.000000 -0.000000
vn -1.000000 0.000000 -0.000000
vn -1.000000 0.000000 -0.000000
vn -1.000000 0.000000 -0.000000
vn -1.000000 0.000000 -0.000000
vn -1.000000 0.000000 -0.000000
vn -1.000000 0.000000 -0.000000
vn -1.000000 0.000000 -0.000000
vn -1.000000 0.000000 -0.000000
vn -1.000000 0.000000 -0.000000
vn -1.000000 0.000000 -0.000000
vn -1.000000 0.000000 -0.000000
vn -1.000000 0.000000 -0.000000
vn -1.000000 0.000000 -0.000000
vn -0.052336 0.000000 0.998630
vn -0.065885 -0.308074 0.949078
vn -0.052336 0.000000 0.998630
vn -0.065885 -0.308074 0.949078
vn -0.073006 -0.586096 0.806946
vn -0.073006 -0.586096 0.806946
vn -0.073006 -0.806946 0.586096
vn -0.073006 -0.806946 0.586096
vn -0.065885 -0.949078 0.308074
vn -0.065885 -0.949078 0.308074
vn -0.052336 -0.998630 0.000000
vn -0.052336 -0.998630 -0.000000
vn -0.052336 0.000000 0.998630
vn -0.052336 0.000000 0.998630
vn -0.052336 0.000000 0.998630
vn -0.052336 0.000000 0.998630
vn -0.052336 0.000000 0.998630
vn -0.052336 0.000000 0.998630
vn -0.052336 0.000000 0.998630
vn -0.052336 0.000000 0.998630
vn -0.052336 0.000000 0.998630
vn -0.052336 0.000000 0.998630
vn -0.052336 0.000000 0.998630
vn -0.052336 0.000000 0.998630
vn -0.052336 0.000000 0.998630
vn -0.052336 0.000000 0.998630
vn -0.052336 0.000000 0.998630
vn -0.052336 0.000000 0.998630
vn -0.052336 0.000000 0.998630
vn -0.052336 0.000000 0.998630
vn -0.052336 0.000000 0.998630
vn -0.052336 0.000000 0.998630
vn -0.052336 0.000000 0.998630
vn -0.052336 0.000000 0.998630
vn -0.052336 0.000000 0.998630
vn -0.052336 0.000000 0.998630
vn -0.052336 0.000000 0.998630
vn -0.052336 0.000000 0.998630
vn -0.052336 0.000000 0.998630
vn -0.052336 0.000000 0.998630
vn -0.052336 0.000000 0.998630
vn -0.052336 0.000000 0.998630
vn -0.052336 0.000000 0.998630
vn -0.052336 0.000000 0.998630
vn -0.052336 0.998630 -0.000000
vn -0.065885 0.949078 0.308074
vn -0.052336 0.998630 -0.000000
vn -0.065885 0.949078 0.308074
vn -0.073006 0.806946 0.586096
vn -0.073006 0.806946 0.586096
vn -0.073006 0.586096 0.806946
vn -0.073006 0.586096 0.806946
vn -0.065885 0.308074 0.949078
vn -0.065885 0.308074 0.949078
vn -0.052336 0.998630 0.000000
vn -0.055529 0.998457 0.000000
vn -0.409199 0.912445 0.000000
vn -0.418660 0.908143 0.000000
vn -0.712209 0.701967 0.000000
vn -0.725374 0.688355 0.000000
vn -0.922626 0.385697 0.000000
vn -0.928810 0.370557 0.000000
vn -0.064750 0.947569 0.312922
vn -0.314690 0.907014 0.279815
vn -0.417134 0.908845 0.000017
vn -0.542012 0.803052 0.247649
vn -0.729333 0.684159 -0.000097
vn -0.708291 0.674612 0.207900
vn -0.874963 0.462731 0.142545
vn -0.710853 0.586460 0.388270
vn -0.876088 0.402053 0.266126
vn -0.711870 0.480250 0.512446
vn -0.876565 0.329111 0.351170
vn -0.710695 0.323239 0.624843
vn -0.876054 0.221517 0.428322
vn -0.710044 0.281153 0.645594
vn -0.875764 0.192693 0.442614
vn -0.709299 0.238095 0.663479
vn -0.875433 0.163201 0.454952
vn -0.707570 0.148953 0.690766
vn -0.874667 0.102126 0.473844
vn -0.729333 -0.000097 0.684159
vn -0.927975 0.000017 0.372643
vn -0.973124 0.048618 0.225090
vn -1.000000 0.000217 0.000378
vn -0.973297 0.077560 0.216048
vn -0.973373 0.091531 0.210160
vn -0.927975 0.372643 0.000017
vn -0.973190 0.219777 0.067813
vn -0.973448 0.190887 0.126337
vn -0.973558 0.156240 0.166652
vn -0.973440 0.105188 0.203348
vn -0.999998 0.001646 0.000945
vn -0.540794 0.177444 0.822226
vn -0.417134 0.000017 0.908845
vn -0.312861 0.200367 0.928424
vn -0.065400 0.307880 0.949175
vn -0.072549 0.586113 0.806975
vn -0.319574 0.435338 0.841637
vn -0.318190 0.378514 0.869185
vn -0.316597 0.320436 0.892797
vn -0.544629 0.334924 0.768899
vn -0.543476 0.283617 0.790061
vn -0.322194 0.647497 0.690608
vn -0.071634 0.810272 0.581660
vn -0.320321 0.789965 0.522829
vn -0.546041 0.698539 0.462475
vn -0.547509 0.572257 0.610538
vn -0.545637 0.385089 0.744303
vn -0.878654 0.477455 0.001694
vn -0.878636 0.477492 0.000002
vn -0.876573 0.422017 0.231349
vn -0.917927 0.396748 -0.000154
vn -0.897381 0.375867 0.231150
vn -0.915710 0.328829 0.230971
vn -0.822827 0.290109 0.488664
vn -0.836667 0.247783 0.488458
vn -0.674438 0.194633 0.712216
vn -0.686593 0.147554 0.711912
vn -0.524198 0.109069 0.844583
vn -0.530202 0.076897 0.844377
vn -0.302729 0.040007 0.952237
vn -0.304753 0.023165 0.952150
vn -0.053151 0.000119 0.998586
vn -0.052930 0.000033 0.998598
vn -0.305694 0.006213 0.952110
vn -0.052549 -0.000008 0.998618
vn -0.305543 -0.010861 0.952116
vn -0.304291 -0.027959 0.952169
vn -0.535626 -0.020876 0.844198
vn -0.533206 -0.053738 0.844277
vn -0.702099 -0.028244 0.711519
vn -0.698811 -0.072703 0.711602
vn -0.872156 -0.035966 0.487904
vn -0.867937 -0.092580 0.487970
vn -0.972223 -0.040791 0.230474
vn -0.967392 -0.104995 0.230495
vn -0.999197 -0.040070 -0.000557
vn -0.991515 -0.129994 -0.000603
vn -0.949674 0.313239 -0.000381
vn -0.931566 0.280903 0.230820
vn -0.852261 0.187871 0.488217
vn -0.694740 0.104032 0.711697
vn -0.534106 0.044527 0.844244
vn -0.973897 0.226989 -0.000506
vn -0.949430 0.213023 0.230661
vn -0.862709 0.132467 0.488042
vn -0.700040 0.060241 0.711558
vn -0.535919 0.011942 0.844185
vn -0.961393 0.150219 0.230561
vn -0.990317 0.138825 -0.000517
vn -0.969175 0.086997 0.230502
vn -0.998758 0.049819 -0.000516
vn -0.972798 0.023334 0.230475
vn -0.958418 -0.168170 0.230551
vn -0.975973 -0.217889 -0.000553
vn -0.945398 -0.230259 0.230659
vn -0.937385 -0.260903 0.230735
vn -0.841766 -0.230132 0.488334
vn -0.833901 -0.256955 0.488450
vn -0.672296 -0.201846 0.712234
vn -0.662890 -0.230142 0.712469
vn -0.506718 -0.170126 0.845159
vn -0.498865 -0.190742 0.845430
vn -0.286473 -0.099214 0.952938
vn -0.281852 -0.109933 0.953139
vn -0.053507 -0.000492 0.998567
vn -0.052336 -0.000000 0.998630
vn -0.375184 -0.173929 0.910486
vn -0.489994 -0.211272 0.845737
vn -0.650220 -0.326250 0.686130
vn -0.640218 -0.285781 0.713057
vn -0.792785 -0.363677 0.489113
vn -0.808107 -0.328608 0.488856
vn -0.898778 -0.372525 0.231134
vn -0.914555 -0.332028 0.230970
vn -0.921892 -0.387448 -0.000131
vn -0.952769 -0.303697 -0.000372
vn -0.928372 -0.291282 0.230826
vn -0.881311 -0.412053 0.231307
vn -0.823349 -0.426898 0.373972
vn -0.290538 -0.088519 0.952760
vn -0.055060 -0.000866 0.998483
vn -0.294144 -0.077633 0.952603
vn -0.296493 -0.069522 0.952501
vn -0.518180 -0.133619 0.844769
vn -0.522197 -0.117905 0.844635
vn -0.683872 -0.159506 0.711953
vn -0.692716 -0.116466 0.711744
vn -0.860110 -0.148299 0.488077
vn -0.055139 -0.000620 0.998478
vn -0.298580 -0.061346 0.952411
vn -0.528717 -0.086088 0.844421
vn -0.301964 -0.044790 0.952266
vn -0.053670 -0.000171 0.998559
vn -0.299615 0.056747 0.952371
vn -0.053062 0.000175 0.998591
vn -0.294964 0.074858 0.952571
vn -0.053231 0.000303 0.998582
vn -0.290832 0.087661 0.952750
vn -0.052839 0.000223 0.998603
vn -0.286049 0.100241 0.952957
vn -0.280614 0.112602 0.953193
vn -0.487604 0.216397 0.845822
vn -0.280673 0.127441 0.951305
vn -0.520461 0.262276 0.812608
vn -0.636976 0.292711 0.713149
vn -0.781895 0.412715 0.467232
vn -0.788635 0.372485 0.489193
vn -0.853569 0.457087 0.249984
vn -0.878695 0.477336 0.006765
vn -0.878684 0.477377 0.005076
vn -0.878670 0.477417 0.003385
vn -0.806821 0.331678 0.488906
vn -0.651167 0.260601 0.712789
vn -0.663649 0.227907 0.712481
vn -0.498071 0.192649 0.845465
vn -0.507279 0.168475 0.845154
vn -0.515236 0.143874 0.844886
vn -0.869506 0.076710 0.487928
vn -0.702500 0.016156 0.711500
vn -0.872666 0.020574 0.487884
vn -0.848755 -0.203083 0.488234
vn -0.678426 -0.180763 0.712084
vn -0.513658 -0.149206 0.844922
vn -0.821839 -0.292945 0.488635
vn -0.652217 -0.258093 0.712742
vn -0.052142 0.000033 0.998640
vn -0.297557 -0.068456 0.952246
vn -0.375111 -0.173874 0.910527
vn -0.520818 -0.131725 0.843444
vn -0.650195 -0.326322 0.686120
vn -0.680007 -0.177606 0.711369
vn -0.843607 -0.225819 0.487168
vn -0.702358 -0.035329 0.710947
vn -0.872297 -0.044844 0.486915
vn -0.697720 0.086865 0.711085
vn -0.866344 0.110615 0.487045
vn -0.659817 0.240815 0.711794
vn -0.817702 0.306176 0.487462
vn -0.645108 0.276956 0.712131
vn -0.798881 0.352044 0.487703
vn -0.628323 0.312230 0.712546
vn -0.777420 0.396807 0.488019
vn -0.588353 0.380243 0.713621
vn -0.726340 0.483125 0.488897
vn -0.520637 0.503702 0.689363
vn -0.652679 0.657706 0.376077
vn -0.805160 0.546647 0.229990
vn -0.930495 0.366303 -0.001265
vn -0.863498 0.449190 0.229345
vn -0.888048 0.398591 0.229119
vn -0.823403 -0.426865 0.373889
vn -0.939170 -0.255812 0.229170
vn -0.972136 -0.050742 0.228860
vn -0.965368 0.125324 0.228821
vn -0.909599 0.346710 0.228959
vn -0.883159 -0.469073 0.000000
vn -0.998285 -0.058537 -0.000969
vn -0.453041 0.282117 0.845674
vn -0.306374 0.268639 0.913219
vn -0.262442 0.146687 0.953733
vn -0.052336 -0.000000 0.998630
vn -0.051743 -0.000309 0.998660
vn -0.052040 -0.000048 0.998645
vn -0.284293 0.106792 0.952771
vn -0.277832 0.120421 0.953052
vn -0.482657 0.231636 0.844622
vn -0.304428 0.033424 0.951949
vn -0.289947 0.092828 0.952530
vn -0.505985 0.178612 0.843846
vn -0.495094 0.205447 0.844200
vn -0.306159 -0.013612 0.951883
vn -0.537367 -0.026209 0.842941
vn -0.533974 0.064367 0.843047
vn -0.221490 -0.193563 0.955759
vn -0.234334 -0.180910 0.955175
vn -0.053557 -0.001105 0.998564
vn -0.247252 -0.166081 0.954612
vn -0.055074 -0.001945 0.998480
vn -0.258916 -0.150486 0.954105
vn -0.269350 -0.134134 0.953655
vn -0.466218 -0.257949 0.846229
vn -0.479264 -0.234390 0.845794
vn -0.625024 -0.316675 0.713485
vn -0.641048 -0.283825 0.713093
vn -0.794056 -0.361302 0.488811
vn -0.828553 -0.274009 0.488281
vn -0.922303 -0.310627 0.229929
vn -0.937906 -0.259852 0.229802
vn -0.970350 -0.241705 -0.000839
vn -0.950711 -0.208306 0.229691
vn -0.991992 -0.126300 -0.000996
vn -0.967839 -0.103028 0.229506
vn -0.999948 -0.010097 -0.001191
vn -0.973329 0.002311 0.229404
vn -0.994469 0.105020 -0.001208
vn -0.967452 0.106735 0.229444
vn -0.975691 0.219147 -0.001001
vn -0.950204 0.210664 0.229638
vn -0.921507 0.312966 0.229949
vn -0.827893 0.275963 0.488302
vn -0.809413 0.325775 0.488591
vn -0.653020 0.255878 0.712805
vn -0.636463 0.293684 0.713207
vn -0.487708 0.217328 0.845523
vn -0.467773 0.255261 0.846186
vn -0.270147 0.132730 0.953626
vn -0.444687 0.291376 0.846967
vn -0.258169 0.151522 0.954143
vn -0.418433 0.325619 0.847871
vn -0.244545 0.169348 0.954735
vn -0.306418 0.268718 0.913181
vn -0.053276 0.000771 0.998580
vn -0.054022 0.001079 0.998539
vn -0.053035 0.000339 0.998593
vn -0.280496 0.112976 0.953183
vn -0.286816 0.098451 0.952913
vn -0.499915 0.189365 0.845119
vn -0.510586 0.160264 0.844759
vn -0.667456 0.216631 0.712442
vn -0.686973 0.145763 0.711914
vn -0.852939 0.185714 0.487859
vn -0.867988 0.094110 0.487586
vn -0.873110 0.002036 0.487519
vn -0.868306 -0.090841 0.487641
vn -0.853355 -0.183694 0.487895
vn -0.842178 -0.229182 0.488069
vn -0.054742 -0.001315 0.998500
vn -0.276115 -0.121876 0.953366
vn -0.491089 -0.210062 0.845402
vn -0.667945 -0.215185 0.712422
vn -0.282245 -0.109218 0.953105
vn -0.052950 -0.000247 0.998597
vn -0.292530 -0.082785 0.952666
vn -0.052070 0.000071 0.998643
vn -0.296593 -0.069227 0.952492
vn -0.299927 -0.055478 0.952348
vn -0.525198 -0.106723 0.844261
vn -0.533804 -0.052770 0.843960
vn -0.698929 -0.071316 0.711626
vn -0.702686 0.001596 0.711498
vn -0.052326 0.000001 0.998630
vn -0.304393 -0.027430 0.952151
vn -0.536585 0.001181 0.843846
vn -0.698700 0.073882 0.711590
vn -0.054264 -0.000045 0.998527
vn -0.305839 0.000614 0.952083
vn -0.533644 0.054669 0.843941
vn -0.524988 0.107833 0.844251
vn -0.055044 0.000255 0.998484
vn -0.304313 0.028418 0.952148
vn -0.299825 0.056037 0.952347
vn -0.292359 0.083286 0.952675
vn -0.053484 0.000247 0.998569
vn -0.051860 -0.000164 0.998654
vn -0.520717 0.503610 0.689370
vn -0.542681 0.439826 0.715577
vn -0.578221 0.393620 0.714649
vn -0.609479 0.344867 0.713864
vn -0.788143 0.373905 0.488902
vn -0.900393 0.369226 0.230141
vn -0.943198 0.332230 -0.000737
vn -0.668087 0.559286 0.490774
vn -0.652594 0.657743 0.376159
vn -0.738905 0.632784 0.231524
vn -0.772924 0.634499 -0.000166
vn -0.790777 0.566820 0.231054
vn -0.840965 0.541089 -0.000457
vn -0.836514 0.497032 0.230659
vn -0.897792 0.440419 -0.000625
vn -0.876007 0.423740 0.230338
vn -0.935471 -0.353402 -0.000799
vn -0.882821 -0.409418 0.230228
vn -0.773511 -0.403048 0.489115
vn -0.607353 -0.348482 0.713921
vn -0.446107 -0.289369 0.846909
vn -0.887892 -0.460051 -0.000837
vn -0.859317 -0.456607 0.230400
vn -0.750863 -0.443442 0.489452
vn -0.580123 -0.390896 0.714603
vn -0.423634 -0.319331 0.847681
vn -0.833421 -0.502228 0.230601
vn -0.829013 -0.559228 -0.000713
vn -0.793573 -0.562946 0.230941
vn -0.759065 -0.651015 -0.000343
vn -0.749149 -0.620685 0.231354
vn -0.700071 -0.675395 0.231825
vn -0.634009 -0.597172 0.491343
vn -0.660282 -0.702713 0.264993
vn -0.604922 -0.633366 0.482614
vn -0.677806 -0.735241 -0.000012
vn -0.677922 -0.735120 0.004486
vn -0.678183 -0.734674 0.017930
vn -0.678022 -0.734987 0.008971
vn -0.678109 -0.734838 0.013454
vn -0.516026 -0.469747 0.716278
vn -0.403952 -0.401241 0.822088
vn -0.398747 -0.347809 0.848546
vn -0.549705 -0.431331 0.715387
vn -0.677065 -0.548527 0.490613
vn -0.715988 -0.497267 0.489987
vn -0.510934 -0.159242 0.844741
vn -0.678565 -0.179960 0.712154
vn -0.518770 -0.133169 0.844478
vn -0.687275 -0.144227 0.711935
vn -0.753585 0.438851 0.489407
vn -0.713554 0.500718 0.490023
vn -1.000000 0.000000 -0.000000
vn -1.000000 0.000000 0.000000
vn -0.969994 0.000000 0.243130
vn -0.928810 0.000000 0.370557
vn -0.883214 0.000000 0.468970
vn -0.725374 0.000000 0.688355
vn -0.583723 0.000000 0.811953
vn -0.418660 0.000000 0.908143
vn -0.309418 0.000000 0.950926
vn -0.064750 -0.312922 0.947569
vn -0.314690 -0.279815 0.907014
vn -0.417134 -0.000017 0.908845
vn -0.542012 -0.247649 0.803052
vn -0.729333 0.000097 0.684159
vn -0.708291 -0.207900 0.674612
vn -0.874963 -0.142545 0.462731
vn -0.710853 -0.388270 0.586460
vn -0.876088 -0.266126 0.402053
vn -0.711870 -0.512446 0.480250
vn -0.876565 -0.351170 0.329111
vn -0.710695 -0.624843 0.323239
vn -0.876054 -0.428322 0.221517
vn -0.710044 -0.645594 0.281153
vn -0.875764 -0.442614 0.192693
vn -0.709299 -0.663479 0.238095
vn -0.875433 -0.454952 0.163201
vn -0.707570 -0.690766 0.148953
vn -0.874667 -0.473844 0.102126
vn -0.729333 -0.684159 -0.000097
vn -0.927975 -0.372643 0.000017
vn -0.973124 -0.225090 0.048618
vn -1.000000 0.000000 0.000000
vn -1.000000 -0.000378 0.000217
vn -0.973297 -0.216048 0.077560
vn -0.973373 -0.210160 0.091531
vn -0.927975 -0.000017 0.372643
vn -0.973190 -0.067813 0.219777
vn -0.973448 -0.126337 0.190887
vn -0.973558 -0.166652 0.156240
vn -0.973440 -0.203348 0.105188
vn -0.999998 -0.000945 0.001646
vn -0.540794 -0.822226 0.177444
vn -0.417134 -0.908845 0.000017
vn -0.312861 -0.928424 0.200367
vn -0.065400 -0.949175 0.307880
vn -0.072549 -0.806975 0.586113
vn -0.319574 -0.841637 0.435338
vn -0.318190 -0.869185 0.378514
vn -0.316597 -0.892797 0.320436
vn -0.544629 -0.768899 0.334924
vn -0.543476 -0.790061 0.283617
vn -0.322194 -0.690608 0.647497
vn -0.071634 -0.581660 0.810272
vn -0.320321 -0.522829 0.789965
vn -0.546041 -0.462475 0.698539
vn -0.547509 -0.610538 0.572257
vn -0.545637 -0.744303 0.385089
vn -0.314414 0.000000 0.949286
vn -0.418660 0.000000 0.908143
vn -0.588541 0.000000 0.808467
vn -0.725374 0.000000 0.688355
vn -0.886771 0.000000 0.462210
vn -0.928810 0.000000 0.370557
vn -0.971232 0.000000 0.238135
vn -1.000000 0.000000 -0.000000
vn -0.052336 0.998630 -0.000000
vn -0.052336 0.998630 -0.000000
vn -0.052336 0.998630 -0.000000
vn -0.052336 -0.998630 -0.000000
vn -0.052336 -0.998630 -0.000000
vn -0.052336 -0.998630 -0.000000
vn -0.052336 -0.998630 -0.000000
vn -0.052336 0.000000 -0.998630
vn -0.052336 0.000000 -0.998630
vn -0.052336 0.000000 -0.998630
vn -0.052336 0.000000 -0.998630
vn -0.052336 0.000000 -0.998630
vn -0.052336 0.000000 -0.998630
vn -0.052336 0.000000 -0.998630
vn -0.052336 0.000000 -0.998630
vn -0.052336 0.000000 -0.998630
vn -0.052336 0.000000 -0.998630
vn -1.000000 -0.000000 -0.000000
vn -0.928810 -0.370557 -0.000000
vn -0.922626 -0.385697 -0.000000
vn -0.725374 -0.688355 -0.000000
vn -0.712209 -0.701967 -0.000000
vn -0.418660 -0.908143 -0.000000
vn -0.409199 -0.912445 -0.000000
vn -0.055529 -0.998457 -0.000000
vn -1.000000 0.000000 -0.000000
vn -1.000000 0.000000 -0.000000
vn -1.000000 0.000000 -0.000000
vn -1.000000 0.000000 -0.000000
vn -1.000000 0.000000 -0.000000
vn -1.000000 0.000000 -0.000000
vn -1.000000 0.000000 -0.000000
vn -1.000000 0.000000 -0.000000
vn -1.000000 0.000000 -0.000000
vn -1.000000 0.000000 -0.000000
vn -0.052336 0.000000 -0.998630
vn -0.052336 0.000000 -0.998630
vn -0.062860 0.220618 -0.973333
vn -0.067055 0.330315 -0.941486
vn -0.070307 0.433962 -0.898184
vn -0.074045 0.622094 -0.779433
vn -0.074055 0.622949 -0.778750
vn -0.074052 0.778952 -0.622696
vn -0.074050 0.779110 -0.622499
vn -0.070342 0.897570 -0.435224
vn -0.066986 0.942183 -0.328335
vn -0.063006 0.972521 -0.224128
vn -0.066274 0.948966 -0.308338
vn -0.073587 0.806824 -0.586192
vn -0.073587 0.586192 -0.806824
vn -0.066274 0.308338 -0.948966
vn -0.500000 -0.000000 0.866025
vn -0.500672 0.136614 0.854789
vn -0.500000 -0.000000 0.866025
vn -0.495739 0.228326 0.837920
vn -0.491864 0.271374 0.827300
vn -0.473310 0.403217 0.783195
vn -0.462471 0.457476 0.759497
vn -0.418630 0.613747 0.669376
vn -0.418791 0.613287 0.669697
vn -0.348577 0.770408 0.533821
vn -0.329066 0.802888 0.497079
vn -0.234471 0.916935 0.322883
vn -0.204738 0.941073 0.269193
vn -0.053727 0.998553 0.002415
vn -0.500000 0.000000 0.866025
vn -0.500000 0.000000 0.866025
vn -0.500000 0.000000 0.866025
vn -0.500000 0.000000 0.866025
vn -0.500000 0.000000 0.866025
vn -0.500000 0.000000 0.866025
vn -0.500000 0.000000 0.866025
vn -0.500000 0.000000 0.866025
vn -0.500000 0.000000 0.866025
vn -0.500000 0.000000 0.866025
vn -0.500000 0.000000 0.866025
vn -0.062860 -0.973333 -0.220618
vn -0.062997 -0.972573 -0.223905
vn -0.070307 -0.898184 -0.433962
vn -0.070384 -0.896824 -0.436753
vn -0.074069 -0.777679 -0.624283
vn -0.074074 -0.777294 -0.624762
vn -0.074047 -0.622204 -0.779346
vn -0.074046 -0.622107 -0.779423
vn -0.067021 -0.329327 -0.941834
vn -0.067056 -0.330322 -0.941483
vn -0.052336 0.000000 -0.998630
vn -0.052336 0.000000 -0.998630
vn -0.066274 -0.308338 -0.948966
vn -0.073587 -0.586192 -0.806824
vn -0.073587 -0.806824 -0.586192
vn -0.066274 -0.948966 -0.308338
vn -0.418660 -0.908143 -0.000000
vn -0.418660 -0.908143 -0.000000
vn -0.418660 -0.908143 -0.000000
vn -0.418660 -0.908143 -0.000000
vn -0.418660 -0.908143 -0.000000
vn -0.725374 -0.688355 -0.000000
vn -0.725374 -0.688355 -0.000000
vn -0.928810 -0.370557 -0.000000
vn -0.928810 -0.370557 -0.000000
vn -1.000000 -0.000000 -0.000000
vn -0.928810 -0.370557 -0.000000
vn -1.000000 0.000000 0.000000
vn -0.928810 -0.370557 -0.000000
vn -0.928810 -0.370557 -0.000000
vn -0.725374 -0.688355 -0.000000
vn -0.725374 -0.688355 -0.000000
vn -0.725374 -0.688355 -0.000000
vn -0.417138 -0.908843 -0.000017
vn -0.062320 -0.971200 -0.229970
vn -0.314753 -0.906782 -0.280494
vn -0.068910 -0.896624 -0.437397
vn -0.320492 -0.789211 -0.523861
vn -0.072747 -0.781003 -0.620276
vn -0.322323 -0.647291 -0.690740
vn -0.073352 -0.623820 -0.778118
vn -0.319669 -0.436505 -0.840996
vn -0.066502 -0.330013 -0.941631
vn -0.318272 -0.379837 -0.868577
vn -0.316657 -0.321828 -0.892275
vn -0.544353 -0.336175 -0.768548
vn -0.543185 -0.284919 -0.789792
vn -0.709678 -0.282292 -0.645499
vn -0.708926 -0.239266 -0.663457
vn -0.875220 -0.193773 -0.443217
vn -0.874886 -0.164264 -0.455622
vn -0.972952 -0.092585 -0.211642
vn -0.972876 -0.078529 -0.217592
vn -1.000000 -0.000155 -0.000375
vn -0.972697 -0.049357 -0.226769
vn -1.000000 -0.000000 -0.000000
vn -0.927973 -0.000017 -0.372647
vn -0.541745 -0.803025 -0.248319
vn -0.729333 -0.684159 0.000099
vn -0.707947 -0.674775 -0.208541
vn -0.874435 -0.463518 -0.143228
vn -0.710562 -0.586187 -0.389212
vn -0.875586 -0.402463 -0.267158
vn -0.711520 -0.480376 -0.512814
vn -0.876027 -0.329714 -0.351944
vn -0.710330 -0.324283 -0.624717
vn -0.875510 -0.222573 -0.428886
vn -0.927973 -0.372647 -0.000017
vn -0.972773 -0.221385 -0.068560
vn -0.973038 -0.192169 -0.127549
vn -0.973139 -0.157439 -0.167967
vn -0.973019 -0.106306 -0.204777
vn -1.000000 -0.000374 -0.000156
vn -1.000000 -0.000387 -0.000382
vn -0.874100 -0.103040 -0.474692
vn -0.729333 0.000099 -0.684159
vn -0.707156 -0.150027 -0.690957
vn -0.540441 -0.178655 -0.822196
vn -0.417138 -0.000017 -0.908843
vn -0.312842 -0.201675 -0.928147
vn -0.545864 -0.698014 -0.463475
vn -0.547272 -0.572213 -0.610790
vn -0.545370 -0.386212 -0.743917
vn -0.418660 0.000000 -0.908143
vn -0.418660 0.000000 -0.908143
vn -0.418660 0.000000 -0.908143
vn -0.418660 0.000000 -0.908143
vn -0.725374 0.000000 -0.688355
vn -0.725374 0.000000 -0.688355
vn -0.928810 0.000000 -0.370557
vn -0.928810 0.000000 -0.370557
vn -1.000000 0.000000 0.000000
vn -0.928810 0.000000 -0.370557
vn -0.928810 0.000000 -0.370557
vn -0.725374 0.000000 -0.688355
vn -0.725374 0.000000 -0.688355
vn -0.418660 0.000000 -0.908143
vn -0.418660 0.000000 -0.908143
vn -0.725374 0.000000 -0.688355
vn -0.725374 0.000000 -0.688355
vn -0.928810 0.000000 -0.370557
vn -0.928810 0.000000 -0.370557
vn -0.928810 0.000000 -0.370557
vn -0.928810 0.000000 -0.370557
vn -0.418660 0.000000 -0.908143
vn -0.418660 0.000000 -0.908143
vn -0.725374 0.000000 -0.688355
vn -0.725374 0.000000 -0.688355
vn -0.066502 0.329999 -0.941636
vn -0.314510 0.251924 -0.915215
vn -0.417138 0.000017 -0.908843
vn -0.541638 0.223110 -0.810463
vn -0.729333 -0.000099 -0.684159
vn -0.707930 0.187366 -0.680977
vn -0.874444 0.128662 -0.467754
vn -0.710777 0.357591 -0.605743
vn -0.875708 0.245419 -0.415818
vn -0.711520 0.480376 -0.512814
vn -0.876027 0.329714 -0.351944
vn -0.710129 0.608445 -0.354276
vn -0.875392 0.417783 -0.243199
vn -0.709530 0.632643 -0.310372
vn -0.875128 0.434448 -0.213087
vn -0.708854 0.653776 -0.264769
vn -0.874832 0.449017 -0.181806
vn -0.707241 0.686640 -0.168333
vn -0.874126 0.471734 -0.115633
vn -0.729333 0.684159 0.000099
vn -0.927973 0.372647 -0.000017
vn -0.972703 0.225340 -0.055409
vn -1.000000 -0.000000 0.000000
vn -1.000000 0.000374 -0.000156
vn -0.972864 0.214426 -0.086929
vn -0.972932 0.207452 -0.101816
vn -0.927973 0.000017 -0.372647
vn -0.972775 0.061569 -0.223424
vn -0.973064 0.117196 -0.198521
vn -0.973139 0.157439 -0.167967
vn -0.972993 0.199486 -0.116145
vn -1.000000 0.000155 -0.000375
vn -1.000000 0.000387 -0.000382
vn -0.540629 0.817030 -0.200458
vn -0.417138 0.908843 -0.000017
vn -0.313171 0.922316 -0.226402
vn -0.062339 0.971146 -0.230195
vn -0.316783 0.879086 -0.356169
vn -0.068844 0.897346 -0.435926
vn -0.318279 0.851073 -0.417579
vn -0.319577 0.818892 -0.476745
vn -0.545193 0.724434 -0.421853
vn -0.547272 0.572213 -0.610790
vn -0.072699 0.782635 -0.618221
vn -0.322323 0.647291 -0.690740
vn -0.546066 0.425908 -0.721397
vn -0.073352 0.623819 -0.778119
vn -0.320624 0.481486 -0.815703
vn -0.544254 0.753135 -0.369561
vn -0.543184 0.778179 -0.315260
vn -0.418660 0.908143 0.000000
vn -0.418660 0.908143 0.000000
vn -0.418660 0.908143 0.000000
vn -0.418660 0.908143 0.000000
vn -0.418660 0.908143 0.000000
vn -0.725374 0.688355 0.000000
vn -0.725374 0.688355 0.000000
vn -0.928810 0.370557 0.000000
vn -0.928810 0.370557 0.000000
vn -1.000000 0.000000 0.000000
vn -0.928810 0.370557 0.000000
vn -0.928810 0.370557 0.000000
vn -0.928810 0.370557 0.000000
vn -0.725374 0.688355 0.000000
vn -0.725374 0.688355 0.000000
vn -0.725374 0.688355 0.000000
vn -0.234571 0.917504 0.321189
vn -0.428490 0.864146 0.263910
vn -0.417123 0.908850 0.000233
vn -0.620266 0.749935 0.229929
vn -0.729334 0.684157 -0.001382
vn -0.761128 0.620459 0.188984
vn -0.897294 0.422459 0.128027
vn -0.797936 0.516580 0.310553
vn -0.913537 0.348975 0.208968
vn -0.815205 0.450346 0.364182
vn -0.921093 0.302878 0.244649
vn -0.842723 0.278861 0.460494
vn -0.933038 0.186998 0.307364
vn -0.849821 0.202375 0.486671
vn -0.936077 0.135627 0.324599
vn -0.853789 0.124988 0.505394
vn -0.937767 0.084050 0.336939
vn -0.939931 -0.000017 0.341364
vn -0.986544 0.040212 0.158472
vn -1.000000 0.000000 0.000000
vn -0.999997 0.000774 0.002409
vn -0.986059 0.064632 0.153333
vn -0.985284 0.089247 0.145778
vn -0.927979 0.372633 0.000261
vn -0.977183 0.202990 0.062517
vn -0.980840 0.166961 0.100380
vn -0.982537 0.144440 0.117298
vn -1.000000 -0.000000 -0.000000
vn -0.999995 0.003051 0.000945
vn -0.999989 0.004026 0.002442
vn -0.999986 0.003200 0.004303
vn -0.765615 0.000012 0.643299
vn -0.766461 0.153851 0.623592
vn -0.759929 0.249322 0.600289
vn -0.748433 0.343055 0.567593
vn -0.704807 0.551168 0.446610
vn -0.677684 0.629553 0.380010
vn -0.642289 0.183593 0.744150
vn -0.500000 -0.000000 0.866025
vn -0.496104 0.229288 0.837442
vn -0.632470 0.297331 0.715246
vn -0.461981 0.457076 0.760037
vn -0.615295 0.407880 0.674571
vn -0.418732 0.614093 0.668995
vn -0.550947 0.648614 0.525127
vn -0.348120 0.769654 0.535206
vn -0.511332 0.735786 0.444026
vn -0.786111 0.000000 0.618085
vn -0.499996 0.000000 0.866028
vn -0.766522 0.000000 0.642218
vn -0.499969 0.000000 0.866043
vn -0.767058 0.000000 0.641578
vn -0.921923 0.000000 0.387372
vn -0.939689 0.000000 0.342031
vn -0.946690 0.000000 0.322147
vn -0.996456 0.000000 0.084112
vn -0.984877 0.000000 0.173253
vn -0.998176 0.000000 0.060370
vn -1.000000 0.000000 0.000000
vn -0.999858 0.000000 0.016831
vn -0.999995 0.000000 0.003179
vn -1.000000 0.000000 0.000203
vn -1.000000 0.000000 0.000000
vn -0.496104 -0.229288 0.837442
vn -0.500000 0.000000 0.866025
vn -0.644584 -0.125287 0.754198
vn -0.765615 -0.000012 0.643299
vn -0.767933 -0.105061 0.631855
vn -0.854636 -0.085464 0.512146
vn -0.762992 -0.213201 0.610236
vn -0.851698 -0.173062 0.494632
vn -0.733622 -0.431940 0.524621
vn -0.833505 -0.351616 0.426187
vn -0.704807 -0.551168 0.446610
vn -0.815205 -0.450346 0.364182
vn -0.664825 -0.662583 0.344952
vn -0.789729 -0.544640 0.282302
vn -0.636834 -0.721884 0.270788
vn -0.771768 -0.595770 0.222332
vn -0.601335 -0.777888 0.182443
vn -0.748944 -0.645454 0.149908
vn -0.729334 -0.684157 -0.001382
vn -0.891890 -0.440683 0.101635
vn -0.927979 -0.372633 0.000261
vn -0.975962 -0.212103 0.050100
vn -0.999995 -0.003051 0.000945
vn -0.978245 -0.194115 0.073182
vn -0.980032 -0.176409 0.091743
vn -0.902001 -0.404657 0.150488
vn -0.909934 -0.368510 0.190314
vn -0.939931 0.000017 0.341364
vn -0.938116 -0.057668 0.341486
vn -0.936880 -0.116074 0.329821
vn -0.929084 -0.235818 0.284943
vn -0.921093 -0.302878 0.244649
vn -0.986669 -0.027725 0.160362
vn -1.000000 0.000000 0.000000
vn -0.999997 -0.000774 0.002409
vn -0.986280 -0.055354 0.155524
vn -0.999986 -0.003200 0.004303
vn -0.984353 -0.112435 0.135676
vn -0.982537 -0.144440 0.117298
vn -0.999989 -0.004026 0.002442
vn -0.417123 -0.908850 0.000233
vn -0.401421 -0.891879 0.208357
vn -0.452278 -0.835337 0.312500
vn -0.492630 -0.771992 0.401677
vn -0.550947 -0.648614 0.525127
vn -0.593162 -0.511793 0.621471
vn -0.637050 -0.254393 0.727635
vn -0.052336 -0.998630 0.000000
vn -0.234571 -0.917504 0.321189
vn -0.348120 -0.769654 0.535206
vn -0.418732 -0.614093 0.668995
vn -0.461981 -0.457076 0.760037
vn -0.500000 0.000000 0.866025
vn -0.500000 0.000000 0.866025
vn -0.500000 0.000000 0.866025
vn -0.500000 0.000000 0.866025
vn -0.500000 0.000000 0.866025
vn -0.500000 0.000000 0.866025
vn -0.500000 0.000000 0.866025
vn -0.500000 0.000000 0.866025
vn -0.500000 0.000000 0.866025
vn -0.500000 0.000000 0.866025
vn -1.000000 0.000000 0.000000
vn -0.996967 0.000000 0.077827
vn -0.939693 0.000000 0.342020
vn -0.953679 0.000000 0.300826
vn -0.799725 0.000000 0.600367
vn -0.766044 0.000000 0.642788
vn -0.499997 0.000000 0.866027
vn -0.499985 0.000000 0.866034
vn -0.719646 0.000000 0.694341
vn -0.766044 0.000000 0.642788
vn -0.868397 0.000000 0.495869
vn -0.939693 0.000000 0.342020
vn -0.939691 0.000000 0.342025
vn -0.988581 0.000000 0.150693
vn -0.952530 0.000000 0.304445
vn -0.998643 0.000000 0.052087
vn -0.999942 0.000000 0.010754
vn -1.000000 0.000000 0.000602
vn -1.000000 0.000000 0.000000
vn -0.491864 -0.271374 0.827300
vn -0.495739 -0.228326 0.837920
vn -0.473310 -0.403217 0.783195
vn -0.462471 -0.457476 0.759497
vn -0.418630 -0.613747 0.669376
vn -0.418791 -0.613287 0.669697
vn -0.348577 -0.770408 0.533821
vn -0.500672 -0.136614 0.854789
vn -0.329066 -0.802888 0.497079
vn -0.234471 -0.916935 0.322883
vn -0.204738 -0.941073 0.269193
vn -0.053727 -0.998553 0.002415
vn -0.851397 0.524522 0.000000
vn -0.841022 0.541000 0.000000
vn -0.788405 0.615157 0.000000
vn -0.772428 0.635102 0.000000
vn -0.742756 0.669563 0.000000
vn -0.898212 0.439563 0.000000
vn -0.904016 0.427498 0.000000
vn -0.943221 0.332165 0.000000
vn -0.945623 0.325265 0.000000
vn -0.975441 0.220262 0.000000
vn -0.975709 0.219070 0.000000
vn -0.993909 0.110207 0.000000
vn -0.994433 0.105373 0.000000
vn -1.000000 -0.000000 -0.000000
vn -0.999940 -0.010945 -0.000000
vn -0.993909 -0.110207 -0.000000
vn -0.991888 -0.127114 -0.000000
vn -0.975709 -0.219070 -0.000000
vn -0.970386 -0.241560 -0.000000
vn -0.945623 -0.325265 -0.000000
vn -0.935725 -0.352730 -0.000000
vn -0.904016 -0.427498 -0.000000
vn -0.888375 -0.459118 -0.000000
vn -0.851397 -0.524522 -0.000000
vn -0.828979 -0.559279 -0.000000
vn -0.788405 -0.615157 -0.000000
vn -0.758342 -0.651857 -0.000000
vn -0.735382 -0.677653 -0.000000
vn -0.677422 -0.735595 -0.000000
vn -0.677419 -0.735597 -0.000000
vn -0.774072 0.539855 -0.330709
vn -0.805889 0.533366 -0.257029
vn -0.794250 0.603645 -0.069134
vn -0.851581 0.524222 0.000078
vn -0.729289 0.473444 -0.493952
vn -0.645587 0.407975 -0.645580
vn -0.759948 0.423089 -0.493431
vn -0.653479 0.356467 -0.667755
vn -0.786990 0.370961 -0.492985
vn -0.676163 0.312504 -0.667192
vn -0.810444 0.317046 -0.492608
vn -0.695830 0.267052 -0.666711
vn -0.837646 0.236905 -0.492164
vn -0.718633 0.199525 -0.666150
vn -0.733135 0.138778 -0.665774
vn -0.523596 0.095249 -0.846626
vn -0.742315 0.077672 -0.665534
vn -0.529869 0.053307 -0.846403
vn -0.746276 0.016175 -0.665440
vn -0.532572 0.011101 -0.846312
vn -0.745005 -0.045754 -0.665488
vn -0.531700 -0.031400 -0.846350
vn -0.738428 -0.107808 -0.665659
vn -0.527207 -0.073990 -0.846510
vn -0.726624 -0.168918 -0.665946
vn -0.519147 -0.115940 -0.846785
vn -0.709634 -0.228890 -0.666355
vn -0.507545 -0.157122 -0.847178
vn -0.699296 -0.258117 -0.666604
vn -0.500484 -0.177198 -0.847418
vn -0.687762 -0.286791 -0.666884
vn -0.492603 -0.196898 -0.847687
vn -0.669240 -0.326758 -0.667344
vn -0.479943 -0.224362 -0.848125
vn -0.648283 -0.365616 -0.667873
vn -0.465615 -0.251074 -0.848625
vn -0.630102 -0.394533 -0.668816
vn -0.375773 -0.201543 -0.904530
vn -0.257123 -0.106532 -0.960489
vn -0.263102 -0.093479 -0.960229
vn -0.053653 -0.000555 -0.998559
vn -0.266824 -0.084120 -0.960067
vn -0.270158 -0.074583 -0.959923
vn -0.469165 0.244782 -0.848508
vn -0.387244 0.209619 -0.897832
vn -0.252032 0.116241 -0.960712
vn -0.053082 0.000420 -0.998590
vn -0.259360 0.101876 -0.960392
vn -0.052866 0.000224 -0.998602
vn -0.265707 0.087036 -0.960117
vn -0.052287 -0.000014 -0.998632
vn -0.273061 0.065011 -0.959797
vn -0.277743 0.045206 -0.959591
vn -0.513686 0.136959 -0.846976
vn -0.053199 0.000148 -0.998584
vn -0.280709 0.025299 -0.959460
vn -0.053682 0.000077 -0.998558
vn -0.281987 0.005268 -0.959404
vn -0.052850 -0.000029 -0.998602
vn -0.281575 -0.014902 -0.959424
vn -0.279450 -0.035115 -0.959518
vn -0.052400 -0.000011 -0.998626
vn -0.275640 -0.055028 -0.959685
vn -0.052776 -0.000129 -0.998606
vn -0.053474 -0.000639 -0.998569
vn -0.770082 -0.534001 -0.349023
vn -0.725840 -0.478658 -0.494007
vn -0.753750 -0.433930 -0.493524
vn -0.801975 -0.539220 -0.257057
vn -0.794270 -0.603618 -0.069134
vn -0.788405 -0.615157 -0.000000
vn -0.851711 -0.524012 0.000115
vn -0.833655 -0.488969 -0.256767
vn -0.778727 -0.387860 -0.493101
vn -0.862024 -0.437165 -0.256518
vn -0.904001 -0.427531 0.000232
vn -0.887121 -0.383824 -0.256311
vn -0.902763 -0.345524 -0.256187
vn -0.814567 -0.306441 -0.492519
vn -0.826900 -0.271760 -0.492323
vn -0.945436 -0.325808 0.000235
vn -0.916791 -0.306459 -0.256079
vn -0.847175 -0.200580 -0.491997
vn -0.939859 -0.226238 -0.255894
vn -0.975669 -0.219250 0.000215
vn -0.955892 -0.144423 -0.255759
vn -0.993933 -0.109991 0.000243
vn -0.964819 -0.061299 -0.255671
vn -1.000000 0.000476 0.000325
vn -0.966530 0.021672 -0.255636
vn -0.993934 0.109976 0.000343
vn -0.961146 0.104056 -0.255677
vn -0.948690 0.185888 -0.255799
vn -0.854939 0.164795 -0.491855
vn -0.929024 0.267177 -0.255991
vn -0.975833 0.218516 0.000253
vn -0.945505 0.325608 0.000173
vn -0.898082 0.357469 -0.256250
vn -0.903913 0.427715 0.000154
vn -0.871419 0.418156 -0.256464
vn -0.840697 0.476784 -0.256721
vn -0.484670 0.214563 -0.847973
vn -0.498109 0.183333 -0.847512
vn -0.865890 0.092239 -0.491657
vn -0.870619 0.019209 -0.491583
vn -0.869109 -0.054336 -0.491627
vn -0.861263 -0.128026 -0.491767
vn -0.800810 -0.340458 -0.492739
vn -0.969330 0.245764 0.000000
vn -0.949682 0.313216 0.000000
vn -0.945693 0.325062 0.000000
vn -0.917827 0.396979 0.000000
vn -0.915328 0.402708 0.000000
vn -0.878602 0.477555 0.000000
vn -0.878602 0.477555 0.000000
vn -0.973910 0.226936 0.000000
vn -0.986330 0.164783 0.000000
vn -0.990316 0.138834 0.000000
vn -0.996577 0.082675 0.000000
vn -0.998768 0.049617 0.000000
vn -1.000000 0.000000 0.000000
vn -0.999200 -0.039998 -0.000000
vn -0.996577 -0.082675 -0.000000
vn -0.991607 -0.129292 -0.000000
vn -0.986330 -0.164783 -0.000000
vn -0.976050 -0.217548 -0.000000
vn -0.969330 -0.245764 -0.000000
vn -0.952654 -0.304057 -0.000000
vn -0.945693 -0.325062 -0.000000
vn -0.921607 -0.388123 -0.000000
vn -0.917257 -0.398296 -0.000000
vn -0.947641 0.313469 -0.060941
vn -0.969352 0.245678 0.000028
vn -0.929766 0.275236 -0.244500
vn -0.931057 0.259952 -0.256041
vn -0.863334 0.225872 -0.451260
vn -0.943774 0.209261 -0.255931
vn -0.850586 0.185517 -0.492023
vn -0.953716 0.158010 -0.255848
vn -0.859321 0.140068 -0.491882
vn -0.960883 0.106187 -0.255790
vn -0.865616 0.094123 -0.491783
vn -0.964843 0.060548 -0.255757
vn -0.869094 0.053667 -0.491728
vn -0.966636 0.014621 -0.255735
vn -0.870670 0.012960 -0.491697
vn -0.965792 -0.042998 -0.255729
vn -0.869932 -0.038111 -0.491696
vn -0.961540 -0.100155 -0.255755
vn -0.866201 -0.088776 -0.491747
vn -0.958148 -0.128563 -0.255782
vn -0.863222 -0.113961 -0.491793
vn -0.859496 -0.139092 -0.491854
vn -0.737042 -0.117132 -0.665619
vn -0.728937 -0.159138 -0.665827
vn -0.590024 -0.111568 -0.799640
vn -0.800195 -0.193145 -0.567788
vn -0.733654 0.164824 -0.659231
vn -0.729564 0.156249 -0.665825
vn -0.736887 0.117965 -0.665644
vn -0.742163 0.079267 -0.665516
vn -0.745079 0.045196 -0.665443
vn -0.746403 0.010914 -0.665405
vn -0.745788 -0.032095 -0.665410
vn -0.742662 -0.074765 -0.665480
vn -0.740165 -0.095977 -0.665541
vn -0.526279 -0.080381 -0.846504
vn -0.387872 -0.053036 -0.920186
vn -0.528410 -0.065872 -0.846430
vn -0.280845 -0.024355 -0.959444
vn -0.530115 -0.051313 -0.846371
vn -0.281850 -0.010455 -0.959401
vn -0.532249 -0.022027 -0.846302
vn -0.282046 0.003555 -0.959394
vn -0.532665 0.007490 -0.846293
vn -0.281619 0.014722 -0.959413
vn -0.531760 0.031018 -0.846327
vn -0.280680 0.025821 -0.959454
vn -0.529768 0.054402 -0.846396
vn -0.364245 0.047794 -0.930076
vn -0.526165 0.080963 -0.846520
vn -0.557310 0.101487 -0.824079
vn -0.199340 0.015122 -0.979814
vn -0.087652 0.001748 -0.996150
vn -0.052762 0.000001 -0.998607
vn -0.052780 0.000000 -0.998606
vn -0.052798 -0.000001 -0.998605
vn -0.052817 -0.000001 -0.998604
vn -0.072921 -0.000770 -0.997337
vn -0.132909 -0.006050 -0.991110
vn -0.234679 -0.020900 -0.971848
vn -0.917177 -0.262806 -0.299532
vn -0.844684 -0.210560 -0.492110
vn -0.849833 -0.188946 -0.492020
vn -0.947664 -0.313401 -0.060929
vn -0.930547 -0.261778 -0.256038
vn -0.937055 -0.237494 -0.255976
vn -0.969449 -0.245294 0.000075
vn -0.942912 -0.213126 -0.255920
vn -0.953903 -0.156927 -0.255818
vn -0.986360 -0.164601 0.000141
vn -0.996549 -0.083006 0.000170
vn -1.000000 -0.000488 0.000130
vn -0.996571 0.082737 0.000074
vn -0.986308 0.164912 0.000060
vn -1.000000 0.000000 -0.000000
vn -1.000000 0.000000 -0.000000
vn -1.000000 0.000000 -0.000000
vn -1.000000 0.000000 -0.000000
vn -1.000000 0.000000 -0.000000
vn -1.000000 0.000000 -0.000000
vn -1.000000 0.000000 -0.000000
vn -1.000000 0.000000 -0.000000
vn -1.000000 0.000000 -0.000000
vn -1.000000 0.000000 -0.000000
vn -1.000000 0.000000 -0.000000
vn -1.000000 0.000000 -0.000000
vn -1.000000 0.000000 -0.000000
vn -1.000000 0.000000 -0.000000
vn -1.000000 0.000000 -0.000000
vn -1.000000 0.000000 -0.000000
vn -1.000000 0.000000 -0.000000
vn -1.000000 0.000000 -0.000000
vn -1.000000 0.000000 -0.000000
vn -1.000000 0.000000 -0.000000
vn -1.000000 0.000000 -0.000000
vn -1.000000 0.000000 -0.000000
vn -1.000000 0.000000 -0.000000
vn -1.000000 0.000000 -0.000000
vn -1.000000 0.000000 -0.000000
vn -1.000000 0.000000 -0.000000
vn -1.000000 0.000000 -0.000000
vn -1.000000 0.000000 -0.000000
vn -1.000000 0.000000 -0.000000
vn -1.000000 0.000000 -0.000000
vn -1.000000 0.000000 -0.000000
vn -1.000000 0.000000 -0.000000
vn -1.000000 0.000000 -0.000000
vn -1.000000 0.000000 -0.000000
vn -1.000000 0.000000 -0.000000
vn -1.000000 0.000000 -0.000000
vn -1.000000 0.000000 -0.000000
vn -1.000000 0.000000 -0.000000
vn -1.000000 0.000000 -0.000000
vn -1.000000 0.000000 -0.000000
vn -1.000000 0.000000 -0.000000
vn -1.000000 0.000000 -0.000000
vn -1.000000 0.000000 -0.000000
vn -1.000000 0.000000 -0.000000
vn -1.000000 0.000000 -0.000000
vn -1.000000 0.000000 -0.000000
vn -1.000000 0.000000 -0.000000
vn -1.000000 0.000000 -0.000000
vn -1.000000 0.000000 -0.000000
vn -1.000000 0.000000 -0.000000
vn -1.000000 0.000000 -0.000000
vn -1.000000 0.000000 -0.000000
vn -1.000000 0.000000 -0.000000
vn -1.000000 0.000000 -0.000000
vn -1.000000 0.000000 -0.000000
vn -1.000000 0.000000 -0.000000
vn -1.000000 0.000000 -0.000000
vn -1.000000 0.000000 -0.000000
vn -1.000000 0.000000 -0.000000
vn -1.000000 0.000000 -0.000000
vn -1.000000 0.000000 -0.000000
vn -1.000000 0.000000 -0.000000
vn -1.000000 0.000000 -0.000000
vn -1.000000 0.000000 -0.000000
vn -1.000000 0.000000 -0.000000
vn -1.000000 0.000000 -0.000000
vn -1.000000 0.000000 -0.000000
vn -1.000000 0.000000 -0.000000
vn -1.000000 0.000000 -0.000000
vn -1.000000 0.000000 -0.000000
vn -1.000000 0.000000 -0.000000
vn -1.000000 0.000000 -0.000000
vn -1.000000 0.000000 -0.000000
vn -1.000000 0.000000 -0.000000
vn -1.000000 0.000000 -0.000000
vn -1.000000 0.000000 -0.000000
vn -1.000000 0.000000 -0.000000
vn -1.000000 0.000000 -0.000000
vn -1.000000 0.000000 -0.000000
vn -1.000000 0.000000 -0.000000
vn -1.000000 0.000000 -0.000000
vn -1.000000 0.000000 -0.000000
vn -1.000000 0.000000 -0.000000
vn -1.000000 0.000000 -0.000000
vn -1.000000 0.000000 -0.000000
vn -1.000000 0.000000 -0.000000
vn -1.000000 0.000000 -0.000000
vn -1.000000 0.000000 -0.000000
vn -1.000000 0.000000 -0.000000
vn -0.707107 -0.659357 -0.255436
vn -0.707107 -0.664463 -0.241845
vn -0.707107 -0.707107 -0.000000
vn -0.707107 -0.707107 -0.000000
vn -0.707107 -0.664463 0.241845
vn -0.707107 -0.541675 -0.454519
vn -0.707107 -0.522558 -0.476375
vn -0.707107 -0.353553 -0.612372
vn -0.707107 -0.315185 -0.632976
vn -0.707107 -0.122788 -0.696364
vn -0.707107 -0.065244 -0.704090
vn -0.707107 0.122788 -0.696364
vn -0.707107 0.193509 -0.680113
vn -0.707107 0.353553 -0.612372
vn -0.707107 0.426127 -0.564283
vn -0.707107 0.541675 -0.454519
vn -0.707107 0.601194 -0.372244
vn -0.707107 0.664463 -0.241845
vn -0.707107 0.695067 -0.129931
vn -0.707107 0.707107 0.000000
vn -0.707107 0.695067 0.129931
vn -0.707107 0.664463 0.241845
vn -0.707107 0.601194 0.372244
vn -0.707107 0.541675 0.454519
vn -0.707107 0.426127 0.564283
vn -0.707107 0.353553 0.612372
vn -0.707107 0.193509 0.680113
vn -0.707107 0.122788 0.696364
vn -0.707107 -0.065244 0.704090
vn -0.707107 -0.122788 0.696364
vn -0.707107 -0.315185 0.632976
vn -0.707107 -0.353553 0.612372
vn -0.707107 -0.522558 0.476375
vn -0.707107 -0.541675 0.454519
vn -0.707107 -0.659357 0.255436
vn -0.707107 -0.659357 -0.255436
vn -0.707107 -0.664463 -0.241845
vn -0.707107 -0.707107 -0.000000
vn -0.707107 -0.707107 -0.000000
vn -0.707107 -0.664463 0.241845
vn -0.707107 -0.541675 -0.454519
vn -0.707107 -0.522558 -0.476375
vn -0.707107 -0.353553 -0.612372
vn -0.707107 -0.315185 -0.632976
vn -0.707107 -0.122788 -0.696364
vn -0.707107 -0.065244 -0.704090
vn -0.707107 0.122788 -0.696364
vn -0.707107 0.193509 -0.680113
vn -0.707107 0.353553 -0.612372
vn -0.707107 0.426127 -0.564283
vn -0.707107 0.541675 -0.454519
vn -0.707107 0.601194 -0.372244
vn -0.707107 0.664463 -0.241845
vn -0.707107 0.695067 -0.129931
vn -0.707107 0.707107 0.000000
vn -0.707107 0.695067 0.129931
vn -0.707107 0.664463 0.241845
vn -0.707107 0.601194 0.372244
vn -0.707107 0.541675 0.454519
vn -0.707107 0.426127 0.564283
vn -0.707107 0.353553 0.612372
vn -0.707107 0.193509 0.680113
vn -0.707107 0.122788 0.696364
vn -0.707107 -0.065244 0.704090
vn -0.707107 -0.122788 0.696364
vn -0.707107 -0.315185 0.632976
vn -0.707107 -0.353553 0.612372
vn -0.707107 -0.522558 0.476375
vn -0.707107 -0.541675 0.454519
vn -0.707107 -0.659357 0.255436
vn -1.000000 0.000000 -0.000000
vn -1.000000 0.000000 -0.000000
vn -1.000000 0.000000 -0.000000
vn -1.000000 0.000000 -0.000000
vn -1.000000 0.000000 -0.000000
vn -1.000000 0.000000 -0.000000
vn -1.000000 0.000000 -0.000000
vn -1.000000 0.000000 -0.000000
vn -1.000000 0.000000 -0.000000
vn -1.000000 0.000000 -0.000000
vn -1.000000 0.000000 -0.000000
vn -1.000000 0.000000 -0.000000
vn -1.000000 0.000000 -0.000000
vn -1.000000 0.000000 -0.000000
vn -1.000000 0.000000 -0.000000
vn -1.000000 0.000000 -0.000000
vn -1.000000 0.000000 -0.000000
vn -1.000000 0.000000 -0.000000
vn -1.000000 0.000000 -0.000000
vn -1.000000 0.000000 -0.000000
vn -1.000000 0.000000 -0.000000
vn -1.000000 0.000000 -0.000000
vn -1.000000 0.000000 -0.000000
vn -1.000000 0.000000 -0.000000
vn -1.000000 0.000000 -0.000000
vn -1.000000 0.000000 -0.000000
vn -1.000000 0.000000 -0.000000
vn -1.000000 0.000000 -0.000000
vn -1.000000 0.000000 -0.000000
vn -1.000000 0.000000 -0.000000
vn -1.000000 0.000000 -0.000000
vn -1.000000 0.000000 -0.000000
vn -1.000000 0.000000 -0.000000
vn -1.000000 0.000000 -0.000000
vn -1.000000 0.000000 -0.000000
vn -1.000000 0.000000 -0.000000
vn -1.000000 0.000000 -0.000000
vn -1.000000 0.000000 -0.000000
vn -1.000000 0.000000 -0.000000
vn -1.000000 0.000000 -0.000000
vn -1.000000 0.000000 -0.000000
vn -1.000000 0.000000 -0.000000
vn -1.000000 0.000000 -0.000000
vn -1.000000 0.000000 -0.000000
vn -1.000000 0.000000 -0.000000
vn -1.000000 0.000000 -0.000000
vn -1.000000 0.000000 -0.000000
vn -1.000000 0.000000 -0.000000
vn -1.000000 0.000000 -0.000000
vn -0.707107 -0.659357 -0.255436
vn -0.707107 -0.664463 -0.241845
vn -0.707107 -0.707107 -0.000000
vn -0.707107 -0.707107 -0.000000
vn -0.707107 -0.664463 0.241845
vn -0.707107 -0.541675 -0.454519
vn -0.707107 -0.522558 -0.476375
vn -0.707107 -0.353553 -0.612372
vn -0.707107 -0.315185 -0.632976
vn -0.707107 -0.122788 -0.696364
vn -0.707107 -0.065244 -0.704090
vn -0.707107 0.122788 -0.696364
vn -0.707107 0.193509 -0.680113
vn -0.707107 0.353553 -0.612372
vn -0.707107 0.426127 -0.564283
vn -0.707107 0.541675 -0.454519
vn -0.707107 0.601194 -0.372244
vn -0.707107 0.664463 -0.241845
vn -0.707107 0.695067 -0.129931
vn -0.707107 0.707107 0.000000
vn -0.707107 0.695067 0.129931
vn -0.707107 0.664463 0.241845
vn -0.707107 0.601194 0.372244
vn -0.707107 0.541675 0.454519
vn -0.707107 0.426127 0.564283
vn -0.707107 0.353553 0.612372
vn -0.707107 0.193509 0.680113
vn -0.707107 0.122788 0.696364
vn -0.707107 -0.065244 0.704090
vn -0.707107 -0.122788 0.696364
vn -0.707107 -0.315185 0.632976
vn -0.707107 -0.353553 0.612372
vn -0.707107 -0.522558 0.476375
vn -0.707107 -0.541675 0.454519
vn -0.707107 -0.659357 0.255436
usemtl Opaque(63,63,63)
f 1/1/1 2/2/2 9/3/3
f 9/3/3 2/2/2 8/4/4
f 8/4/4 2/2/2 3/5/5
f 8/4/4 3/5/5 7/6/6
f 7/6/6 3/5/5 4/7/7
f 7/6/6 4/7/7 6/8/8
f 6/8/8 4/7/7 5/9/9
f 11/10/10 12/11/11 10/12/12
f 10/12/12 12/11/11 17/13/13
f 10/12/12 17/13/13 23/14/14
f 23/14/14 17/13/13 18/15/15
f 23/14/14 18/15/15 20/16/16
f 20/16/16 18/15/15 19/17/17
f 13/18/18 14/19/19 12/11/11
f 12/11/11 14/19/19 17/13/13
f 14/19/19 15/20/20 17/13/13
f 17/13/13 15/20/20 16/21/21
f 21/22/22 22/23/23 20/16/16
f 20/16/16 22/23/23 23/14/14
f 24/24/24 25/25/25 35/26/26
f 35/26/26 25/25/25 34/27/27
f 34/27/27 25/25/25 26/28/28
f 34/27/27 26/28/28 33/29/29
f 33/29/29 26/28/28 32/30/30
f 32/30/30 26/28/28 27/31/31
f 32/30/30 27/31/31 31/32/32
f 31/32/32 27/31/31 28/33/33
f 31/32/32 28/33/33 30/34/34
f 30/34/34 28/33/33 29/35/35
f 36/36/36 37/37/37 67/38/38
f 67/38/38 37/37/37 49/39/39
f 67/38/38 49/39/39 50/40/40
f 49/39/39 37/37/37 48/41/41
f 48/41/41 37/37/37 38/42/42
f 48/41/41 38/42/42 47/43/43
f 47/43/43 38/42/42 39/44/44
f 47/43/43 39/44/44 46/45/45
f 46/45/45 39/44/44 40/46/46
f 46/45/45 40/46/46 45/47/47
f 45/47/47 40/46/46 41/48/48
f 45/47/47 41/48/48 44/49/49
f 44/49/49 41/48/48 42/50/50
f 44/49/49 42/50/50 43/51/51
f 51/52/52 66/53/53 50/40/40
f 50/40/40 66/53/53 35/54/26
f 50/40/40 35/54/26 67/38/38
f 51/52/52 52/55/54 66/53/53
f 66/53/53 52/55/54 65/56/55
f 65/56/55 52/55/54 53/57/56
f 65/56/55 53/57/56 64/58/57
f 64/58/57 53/57/56 54/59/58
f 64/58/57 54/59/58 63/60/59
f 63/60/59 54/59/58 55/61/60
f 63/60/59 55/61/60 62/62/61
f 62/62/61 55/61/60 56/63/62
f 62/62/61 56/63/62 61/64/63
f 61/64/63 56/63/62 57/65/64
f 61/64/63 57/65/64 60/66/65
f 60/66/65 57/65/64 58/67/66
f 60/66/65 58/67/66 59/68/67
f 66/53/53 24/69/24 35/54/26
f 68/70/68 69/71/69 77/72/70
f 77/72/70 69/71/69 76/73/71
f 76/73/71 69/71/69 70/74/72
f 76/73/71 70/74/72 75/75/73
f 75/75/73 70/74/72 74/76/74
f 74/76/74 70/74/72 71/77/75
f 74/76/74 71/77/75 73/78/76
f 73/78/76 71/77/75 72/79/77
f 73/78/76 72/79/77 67/80/38
f 67/80/38 72/79/77 36/81/36
f 78/82/78 79/83/79 68/84/68
f 68/84/68 79/83/79 80/85/80
f 68/84/68 80/85/80 85/86/81
f 85/86/81 80/85/80 81/87/82
f 85/86/81 81/87/82 84/88/83
f 84/88/83 81/87/82 82/89/84
f 84/88/83 82/89/84 83/90/85
f 83/90/85 82/89/84 21/91/22
f 83/90/85 21/91/22 20/92/16
f 69/93/86 68/94/68 96/95/87
f 96/95/87 68/94/68 85/96/88
f 96/95/87 85/96/88 95/97/89
f 95/97/89 85/96/88 84/98/90
f 95/97/89 84/98/90 94/99/91
f 94/99/91 84/98/90 93/100/92
f 94/99/91 93/100/92 99/101/93
f 99/101/93 93/100/92 98/102/94
f 99/101/93 98/102/94 108/103/95
f 108/103/95 98/102/94 109/104/96
f 108/103/95 109/104/96 104/105/97
f 104/105/97 109/104/96 103/106/98
f 104/105/97 103/106/98 121/107/99
f 121/107/99 103/106/98 120/108/100
f 121/107/99 120/108/100 116/109/101
f 116/109/101 120/108/100 117/110/102
f 116/109/101 117/110/102 112/111/103
f 112/111/103 117/110/102 113/112/104
f 112/111/103 113/112/104 87/113/105
f 87/113/105 113/112/104 86/114/106
f 86/114/106 113/112/104 89/115/107
f 86/114/106 89/115/107 17/116/13
f 17/116/13 89/115/107 18/117/108
f 18/117/108 89/115/107 119/118/109
f 18/117/108 119/118/109 118/119/110
f 118/119/110 119/118/109 117/110/102
f 118/119/110 117/110/102 120/108/100
f 84/98/90 83/120/111 93/100/92
f 93/100/92 83/120/111 92/121/112
f 93/100/92 92/121/112 98/102/94
f 98/102/94 92/121/112 97/122/113
f 98/102/94 97/122/113 109/104/96
f 109/104/96 97/122/113 91/123/114
f 109/104/96 91/123/114 103/106/98
f 103/106/98 91/123/114 102/124/115
f 103/106/98 102/124/115 120/108/100
f 120/108/100 102/124/115 118/119/110
f 83/120/111 20/125/16 92/121/112
f 92/121/112 20/125/16 19/126/116
f 92/121/112 19/126/116 97/122/113
f 97/122/113 19/126/116 91/123/114
f 19/126/116 18/117/108 91/123/114
f 91/123/114 18/117/108 102/124/115
f 112/111/103 87/113/105 111/127/117
f 111/127/117 87/113/105 88/128/118
f 111/127/117 88/128/118 110/129/119
f 110/129/119 88/128/118 36/130/36
f 110/129/119 36/130/36 72/131/120
f 71/132/121 90/133/122 72/131/120
f 72/131/120 90/133/122 123/134/123
f 72/131/120 123/134/123 114/135/124
f 114/135/124 123/134/123 122/136/125
f 114/135/124 122/136/125 115/137/126
f 115/137/126 122/136/125 121/107/99
f 115/137/126 121/107/99 116/109/101
f 90/133/122 71/132/121 106/138/127
f 106/138/127 71/132/121 70/139/128
f 106/138/127 70/139/128 101/140/129
f 101/140/129 70/139/128 69/93/86
f 101/140/129 69/93/86 96/95/87
f 18/117/108 118/119/110 102/124/115
f 101/140/129 96/95/87 95/97/89
f 95/97/89 94/99/91 100/141/130
f 100/141/130 94/99/91 99/101/93
f 100/141/130 99/101/93 107/142/131
f 107/142/131 99/101/93 108/103/95
f 107/142/131 108/103/95 105/143/132
f 105/143/132 108/103/95 104/105/97
f 105/143/132 104/105/97 122/136/125
f 122/136/125 104/105/97 121/107/99
f 106/138/127 101/140/129 100/141/130
f 100/141/130 101/140/129 95/97/89
f 106/138/127 100/141/130 107/142/131
f 106/138/127 107/142/131 90/133/122
f 90/133/122 107/142/131 105/143/132
f 90/133/122 105/143/132 123/134/123
f 123/134/123 105/143/132 122/136/125
f 116/109/101 112/111/103 111/127/117
f 114/135/124 115/137/126 110/129/119
f 110/129/119 115/137/126 111/127/117
f 115/137/126 116/109/101 111/127/117
f 119/118/109 89/115/107 113/112/104
f 119/118/109 113/112/104 117/110/102
f 72/131/120 114/135/124 110/129/119
f 13/144/133 12/145/134 150/146/135
f 150/146/135 12/145/134 124/147/136
f 150/146/135 124/147/136 155/148/137
f 155/148/137 124/147/136 148/149/138
f 155/148/137 148/149/138 167/150/139
f 167/150/139 148/149/138 161/151/140
f 167/150/139 161/151/140 162/152/141
f 162/152/141 161/151/140 170/153/142
f 162/152/141 170/153/142 171/154/143
f 171/154/143 170/153/142 178/155/144
f 171/154/143 178/155/144 177/156/145
f 177/156/145 178/155/144 176/157/146
f 177/156/145 176/157/146 41/158/147
f 41/158/147 176/157/146 42/159/148
f 42/159/148 176/157/146 185/160/149
f 42/159/148 185/160/149 43/161/150
f 43/161/150 185/160/149 190/162/151
f 43/161/150 190/162/151 145/163/152
f 145/163/152 190/162/151 189/164/153
f 145/163/152 189/164/153 196/165/154
f 196/165/154 189/164/153 188/166/155
f 196/165/154 188/166/155 197/167/156
f 197/167/156 188/166/155 187/168/157
f 197/167/156 187/168/157 198/169/158
f 198/169/158 187/168/157 186/170/159
f 198/169/158 186/170/159 144/171/160
f 144/171/160 186/170/159 129/172/161
f 144/171/160 129/172/161 130/173/162
f 124/147/136 125/174/163 148/149/138
f 148/149/138 125/174/163 160/175/164
f 148/149/138 160/175/164 161/151/140
f 161/151/140 160/175/164 169/176/165
f 161/151/140 169/176/165 170/153/142
f 170/153/142 169/176/165 179/177/166
f 170/153/142 179/177/166 178/155/144
f 178/155/144 179/177/166 175/178/167
f 178/155/144 175/178/167 176/157/146
f 176/157/146 175/178/167 185/160/149
f 125/174/163 126/179/168 160/175/164
f 160/175/164 126/179/168 168/180/169
f 160/175/164 168/180/169 169/176/165
f 169/176/165 168/180/169 180/181/170
f 169/176/165 180/181/170 179/177/166
f 179/177/166 180/181/170 174/182/171
f 179/177/166 174/182/171 175/178/167
f 175/178/167 174/182/171 184/183/172
f 175/178/167 184/183/172 185/160/149
f 185/160/149 184/183/172 190/162/151
f 168/180/169 126/179/168 146/184/173
f 146/184/173 126/179/168 127/185/174
f 146/184/173 127/185/174 172/186/175
f 172/186/175 127/185/174 128/187/176
f 172/186/175 128/187/176 181/188/177
f 181/188/177 128/187/176 129/172/161
f 181/188/177 129/172/161 186/170/159
f 144/171/160 130/173/162 191/189/178
f 191/189/178 130/173/162 131/190/179
f 191/189/178 131/190/179 199/191/180
f 199/191/180 131/190/179 141/192/181
f 199/191/180 141/192/181 225/193/182
f 225/193/182 141/192/181 211/194/183
f 225/193/182 211/194/183 210/195/184
f 210/195/184 211/194/183 206/196/185
f 210/195/184 206/196/185 207/197/186
f 207/197/186 206/196/185 214/198/187
f 207/197/186 214/198/187 213/199/188
f 213/199/188 214/198/187 222/200/189
f 213/199/188 222/200/189 47/201/190
f 47/201/190 222/200/189 48/202/191
f 48/202/191 222/200/189 136/203/192
f 136/203/192 222/200/189 221/204/193
f 136/203/192 221/204/193 135/205/194
f 135/205/194 221/204/193 220/206/195
f 135/205/194 220/206/195 219/207/196
f 219/207/196 220/206/195 216/208/197
f 219/207/196 216/208/197 217/209/198
f 217/209/198 216/208/197 204/210/199
f 217/209/198 204/210/199 133/211/200
f 133/211/200 204/210/199 132/212/201
f 132/212/201 204/210/199 212/213/202
f 132/212/201 212/213/202 141/192/181
f 141/192/181 212/213/202 211/194/183
f 131/190/179 132/212/201 141/192/181
f 217/209/198 133/211/200 218/214/203
f 218/214/203 133/211/200 9/215/3
f 218/214/203 9/215/3 134/216/204
f 218/214/203 134/216/204 219/207/196
f 219/207/196 134/216/204 135/205/194
f 213/199/188 47/201/190 142/217/205
f 142/217/205 47/201/190 46/218/206
f 142/217/205 46/218/206 208/219/207
f 208/219/207 46/218/206 143/220/208
f 208/219/207 143/220/208 223/221/209
f 223/221/209 143/220/208 202/222/210
f 223/221/209 202/222/210 201/223/211
f 201/223/211 202/222/210 193/224/212
f 201/223/211 193/224/212 192/225/213
f 192/225/213 193/224/212 198/169/158
f 192/225/213 198/169/158 144/171/160
f 46/218/206 45/226/214 143/220/208
f 143/220/208 45/226/214 203/227/215
f 143/220/208 203/227/215 202/222/210
f 202/222/210 203/227/215 194/228/216
f 202/222/210 194/228/216 193/224/212
f 193/224/212 194/228/216 197/167/156
f 193/224/212 197/167/156 198/169/158
f 203/227/215 45/226/214 195/229/217
f 195/229/217 45/226/214 44/230/218
f 195/229/217 44/230/218 145/163/152
f 145/163/152 44/230/218 43/161/150
f 177/156/145 41/158/147 147/231/219
f 147/231/219 41/158/147 40/232/220
f 147/231/219 40/232/220 164/233/221
f 164/233/221 40/232/220 39/234/222
f 164/233/221 39/234/222 149/235/223
f 149/235/223 39/234/222 38/236/224
f 149/235/223 38/236/224 159/237/225
f 159/237/225 38/236/224 154/238/226
f 159/237/225 154/238/226 153/239/227
f 153/239/227 154/238/226 137/240/228
f 153/239/227 137/240/228 138/241/229
f 38/236/224 37/242/37 154/238/226
f 154/238/226 37/242/37 137/240/228
f 153/239/227 138/241/229 152/243/230
f 152/243/230 138/241/229 139/244/231
f 152/243/230 139/244/231 151/245/232
f 151/245/232 139/244/231 140/246/233
f 151/245/232 140/246/233 150/146/135
f 150/146/135 140/246/233 16/247/234
f 150/146/135 16/247/234 15/248/235
f 15/248/235 14/249/236 150/146/135
f 150/146/135 14/249/236 13/144/133
f 151/245/232 150/146/135 156/250/237
f 156/250/237 150/146/135 155/148/137
f 156/250/237 155/148/137 167/150/139
f 152/243/230 151/245/232 157/251/238
f 157/251/238 151/245/232 156/250/237
f 157/251/238 156/250/237 166/252/239
f 166/252/239 156/250/237 167/150/139
f 166/252/239 167/150/139 162/152/141
f 153/239/227 152/243/230 158/253/240
f 158/253/240 152/243/230 157/251/238
f 158/253/240 157/251/238 165/254/241
f 165/254/241 157/251/238 166/252/239
f 165/254/241 166/252/239 163/255/242
f 163/255/242 166/252/239 162/152/141
f 163/255/242 162/152/141 171/154/143
f 149/235/223 159/237/225 158/253/240
f 158/253/240 159/237/225 153/239/227
f 149/235/223 158/253/240 165/254/241
f 149/235/223 165/254/241 164/233/221
f 164/233/221 165/254/241 163/255/242
f 164/233/221 163/255/242 147/231/219
f 147/231/219 163/255/242 171/154/143
f 147/231/219 171/154/143 177/156/145
f 172/186/175 173/256/243 146/184/173
f 146/184/173 173/256/243 180/181/170
f 146/184/173 180/181/170 168/180/169
f 180/181/170 173/256/243 174/182/171
f 174/182/171 173/256/243 183/257/244
f 174/182/171 183/257/244 184/183/172
f 184/183/172 183/257/244 189/164/153
f 184/183/172 189/164/153 190/162/151
f 173/256/243 172/186/175 182/258/245
f 182/258/245 172/186/175 181/188/177
f 182/258/245 181/188/177 187/168/157
f 187/168/157 181/188/177 186/170/159
f 173/256/243 182/258/245 183/257/244
f 183/257/244 182/258/245 188/166/155
f 183/257/244 188/166/155 189/164/153
f 188/166/155 182/258/245 187/168/157
f 144/171/160 191/189/178 192/225/213
f 192/225/213 191/189/178 200/259/246
f 192/225/213 200/259/246 201/223/211
f 201/223/211 200/259/246 224/260/247
f 201/223/211 224/260/247 223/221/209
f 223/221/209 224/260/247 209/261/248
f 223/221/209 209/261/248 208/219/207
f 208/219/207 209/261/248 142/217/205
f 196/165/154 197/167/156 194/228/216
f 145/163/152 196/165/154 195/229/217
f 195/229/217 196/165/154 194/228/216
f 195/229/217 194/228/216 203/227/215
f 191/189/178 199/191/180 200/259/246
f 200/259/246 199/191/180 225/193/182
f 200/259/246 225/193/182 224/260/247
f 224/260/247 225/193/182 210/195/184
f 224/260/247 210/195/184 209/261/248
f 209/261/248 210/195/184 207/197/186
f 209/261/248 207/197/186 142/217/205
f 142/217/205 207/197/186 213/199/188
f 211/194/183 212/213/202 205/262/249
f 205/262/249 212/213/202 204/210/199
f 205/262/249 204/210/199 216/208/197
f 211/194/183 205/262/249 206/196/185
f 206/196/185 205/262/249 215/263/250
f 206/196/185 215/263/250 214/198/187
f 214/198/187 215/263/250 221/204/193
f 214/198/187 221/204/193 222/200/189
f 215/263/250 205/262/249 216/208/197
f 220/206/195 221/204/193 215/263/250
f 215/263/250 216/208/197 220/206/195
f 218/214/203 219/207/196 217/209/198
f 49/264/251 48/265/41 238/266/252
f 238/266/252 48/265/41 136/267/253
f 238/266/252 136/267/253 237/268/254
f 237/268/254 136/267/253 135/269/255
f 237/268/254 135/269/255 236/270/256
f 236/270/256 135/269/255 235/271/257
f 236/270/256 235/271/257 241/272/258
f 241/272/258 235/271/257 240/273/259
f 241/272/258 240/273/259 262/274/260
f 262/274/260 240/273/259 263/275/261
f 262/274/260 263/275/261 250/276/262
f 250/276/262 263/275/261 251/277/263
f 250/276/262 251/277/263 246/278/264
f 246/278/264 251/277/263 245/279/265
f 246/278/264 245/279/265 258/280/266
f 258/280/266 245/279/265 257/281/267
f 258/280/266 257/281/267 254/282/268
f 254/282/268 257/281/267 255/283/269
f 254/282/268 255/283/269 227/284/270
f 227/284/270 255/283/269 226/285/271
f 226/285/271 255/283/269 229/286/272
f 226/285/271 229/286/272 6/287/8
f 6/287/8 229/286/272 7/288/273
f 7/288/273 229/286/272 256/289/274
f 7/288/273 256/289/274 244/290/275
f 244/290/275 256/289/274 257/281/267
f 244/290/275 257/281/267 245/279/265
f 135/269/255 134/291/276 235/271/257
f 235/271/257 134/291/276 234/292/277
f 235/271/257 234/292/277 240/273/259
f 240/273/259 234/292/277 239/293/278
f 240/273/259 239/293/278 263/275/261
f 263/275/261 239/293/278 231/294/279
f 263/275/261 231/294/279 251/277/263
f 251/277/263 231/294/279 252/295/280
f 251/277/263 252/295/280 245/279/265
f 245/279/265 252/295/280 244/290/275
f 134/291/276 9/296/281 234/292/277
f 234/292/277 9/296/281 8/297/282
f 234/292/277 8/297/282 239/293/278
f 239/293/278 8/297/282 231/294/279
f 8/297/282 7/288/273 231/294/279
f 231/294/279 7/288/273 252/295/280
f 254/282/268 227/284/270 253/298/283
f 253/298/283 227/284/270 228/299/284
f 253/298/283 228/299/284 230/300/285
f 230/300/285 228/299/284 52/301/286
f 230/300/285 52/301/286 51/302/287
f 50/303/288 232/304/289 51/302/287
f 51/302/287 232/304/289 260/305/290
f 51/302/287 260/305/290 230/300/285
f 230/300/285 260/305/290 259/306/291
f 230/300/285 259/306/291 253/298/283
f 253/298/283 259/306/291 258/280/266
f 253/298/283 258/280/266 254/282/268
f 49/264/251 233/307/292 50/303/288
f 50/303/288 233/307/292 248/308/293
f 50/303/288 248/308/293 232/304/289
f 232/304/289 248/308/293 249/309/294
f 232/304/289 249/309/294 247/310/295
f 247/310/295 249/309/294 250/276/262
f 247/310/295 250/276/262 246/278/264
f 244/290/275 252/295/280 7/288/273
f 233/307/292 49/264/251 243/311/296
f 243/311/296 49/264/251 238/266/252
f 243/311/296 238/266/252 237/268/254
f 237/268/254 236/270/256 242/312/297
f 242/312/297 236/270/256 241/272/258
f 242/312/297 241/272/258 261/313/298
f 261/313/298 241/272/258 262/274/260
f 261/313/298 262/274/260 249/309/294
f 249/309/294 262/274/260 250/276/262
f 233/307/292 243/311/296 242/312/297
f 242/312/297 243/311/296 237/268/254
f 233/307/292 242/312/297 261/313/298
f 260/305/290 232/304/289 247/310/295
f 258/280/266 259/306/291 246/278/264
f 246/278/264 259/306/291 247/310/295
f 259/306/291 260/305/290 247/310/295
f 261/313/298 249/309/294 248/308/293
f 233/307/292 261/313/298 248/308/293
f 256/289/274 229/286/272 255/283/269
f 256/289/274 255/283/269 257/281/267
f 285/314/299 66/315/53 296/316/300
f 296/316/300 66/315/53 65/317/301
f 296/316/300 65/317/301 287/318/302
f 287/318/302 65/317/301 64/319/303
f 287/318/302 64/319/303 312/320/304
f 312/320/304 64/319/303 305/321/305
f 312/320/304 305/321/305 306/322/306
f 306/322/306 305/321/305 314/323/307
f 306/322/306 314/323/307 315/324/308
f 315/324/308 314/323/307 323/325/309
f 315/324/308 323/325/309 322/326/310
f 322/326/310 323/325/309 320/327/311
f 322/326/310 320/327/311 290/328/312
f 290/328/312 320/327/311 325/329/313
f 290/328/312 325/329/313 272/330/314
f 272/330/314 325/329/313 334/331/315
f 272/330/314 334/331/315 271/332/316
f 271/332/316 334/331/315 339/333/317
f 271/332/316 339/333/317 270/334/318
f 270/334/318 339/333/317 344/335/319
f 270/334/318 344/335/319 269/336/320
f 269/336/320 344/335/319 292/337/321
f 269/336/320 292/337/321 268/338/322
f 268/338/322 292/337/321 352/339/323
f 268/338/322 352/339/323 353/340/324
f 353/340/324 352/339/323 354/341/325
f 353/340/324 354/341/325 361/342/326
f 361/342/326 354/341/325 360/343/327
f 361/342/326 360/343/327 364/344/328
f 364/344/328 360/343/327 363/345/329
f 364/344/328 363/345/329 375/346/330
f 375/346/330 363/345/329 295/347/331
f 375/346/330 295/347/331 368/348/332
f 368/348/332 295/347/331 367/349/333
f 368/348/332 367/349/333 377/350/334
f 377/350/334 367/349/333 376/351/335
f 377/350/334 376/351/335 228/352/336
f 228/352/336 376/351/335 52/353/54
f 52/353/54 376/351/335 53/354/337
f 53/354/337 376/351/335 367/349/333
f 53/354/337 367/349/333 54/355/338
f 54/355/338 367/349/333 295/347/331
f 54/355/338 295/347/331 55/356/339
f 55/356/339 295/347/331 362/357/340
f 55/356/339 362/357/340 358/358/341
f 358/358/341 362/357/340 359/359/342
f 358/358/341 359/359/342 356/360/343
f 356/360/343 359/359/342 355/361/344
f 356/360/343 355/361/344 350/362/345
f 350/362/345 355/361/344 351/363/346
f 350/362/345 351/363/346 348/364/347
f 348/364/347 351/363/346 292/337/321
f 348/364/347 292/337/321 343/365/348
f 343/365/348 292/337/321 344/335/319
f 343/365/348 344/335/319 338/366/349
f 338/366/349 344/335/319 339/333/317
f 338/366/349 339/333/317 333/367/350
f 333/367/350 339/333/317 334/331/315
f 333/367/350 334/331/315 326/368/351
f 326/368/351 334/331/315 325/329/313
f 326/368/351 325/329/313 320/327/311
f 64/319/303 63/369/352 305/321/305
f 305/321/305 63/369/352 313/370/353
f 305/321/305 313/370/353 314/323/307
f 314/323/307 313/370/353 324/371/354
f 314/323/307 324/371/354 323/325/309
f 323/325/309 324/371/354 319/372/355
f 323/325/309 319/372/355 320/327/311
f 320/327/311 319/372/355 326/368/351
f 313/370/353 63/369/352 289/373/356
f 289/373/356 63/369/352 62/374/357
f 289/373/356 62/374/357 291/375/358
f 291/375/358 62/374/357 61/376/359
f 291/375/358 61/376/359 329/377/360
f 329/377/360 61/376/359 330/378/361
f 329/377/360 330/378/361 331/379/362
f 331/379/362 330/378/361 336/380/363
f 331/379/362 336/380/363 337/381/364
f 337/381/364 336/380/363 342/382/365
f 337/381/364 342/382/365 343/365/348
f 343/365/348 342/382/365 348/364/347
f 61/376/359 60/383/366 330/378/361
f 330/378/361 60/383/366 335/384/367
f 330/378/361 335/384/367 336/380/363
f 336/380/363 335/384/367 341/385/368
f 336/380/363 341/385/368 342/382/365
f 342/382/365 341/385/368 347/386/369
f 342/382/365 347/386/369 348/364/347
f 348/364/347 347/386/369 350/362/345
f 60/383/366 59/387/370 335/384/367
f 335/384/367 59/387/370 340/388/371
f 335/384/367 340/388/371 341/385/368
f 341/385/368 340/388/371 346/389/372
f 341/385/368 346/389/372 347/386/369
f 347/386/369 346/389/372 349/390/373
f 347/386/369 349/390/373 350/362/345
f 350/362/345 349/390/373 356/360/343
f 59/387/370 58/391/374 340/388/371
f 340/388/371 58/391/374 345/392/375
f 340/388/371 345/392/375 346/389/372
f 346/389/372 345/392/375 293/393/376
f 346/389/372 293/393/376 349/390/373
f 349/390/373 293/393/376 357/394/377
f 349/390/373 357/394/377 356/360/343
f 356/360/343 357/394/377 358/358/341
f 58/391/374 57/395/378 345/392/375
f 345/392/375 57/395/378 293/393/376
f 57/395/378 56/396/379 293/393/376
f 293/393/376 56/396/379 357/394/377
f 357/394/377 56/396/379 358/358/341
f 358/358/341 56/396/379 55/356/339
f 228/352/336 227/397/380 377/350/334
f 377/350/334 227/397/380 378/398/381
f 377/350/334 378/398/381 368/348/332
f 368/348/332 378/398/381 369/399/382
f 368/348/332 369/399/382 375/346/330
f 375/346/330 369/399/382 374/400/383
f 375/346/330 374/400/383 364/344/328
f 364/344/328 374/400/383 365/401/384
f 364/344/328 365/401/384 361/342/326
f 361/342/326 365/401/384 294/402/385
f 361/342/326 294/402/385 353/340/324
f 353/340/324 294/402/385 267/403/386
f 353/340/324 267/403/386 268/338/322
f 378/398/381 227/397/380 379/404/387
f 379/404/387 227/397/380 226/405/388
f 379/404/387 226/405/388 380/406/389
f 380/406/389 226/405/388 6/407/8
f 380/406/389 6/407/8 264/408/390
f 380/406/389 264/408/390 371/409/391
f 371/409/391 264/408/390 265/410/392
f 371/409/391 265/410/392 372/411/393
f 372/411/393 265/410/392 266/412/394
f 372/411/393 266/412/394 366/413/395
f 366/413/395 266/412/394 294/402/385
f 366/413/395 294/402/385 365/401/384
f 266/412/394 267/403/386 294/402/385
f 272/330/314 273/414/396 290/328/312
f 290/328/312 273/414/396 321/415/397
f 290/328/312 321/415/397 322/326/310
f 322/326/310 321/415/397 316/416/398
f 322/326/310 316/416/398 315/324/308
f 315/324/308 316/416/398 307/417/399
f 315/324/308 307/417/399 306/322/306
f 306/322/306 307/417/399 311/418/400
f 306/322/306 311/418/400 312/320/304
f 312/320/304 311/418/400 287/318/302
f 273/414/396 274/419/401 321/415/397
f 321/415/397 274/419/401 317/420/402
f 321/415/397 317/420/402 316/416/398
f 316/416/398 317/420/402 308/421/403
f 316/416/398 308/421/403 307/417/399
f 307/417/399 308/421/403 310/422/404
f 307/417/399 310/422/404 311/418/400
f 311/418/400 310/422/404 301/423/405
f 311/418/400 301/423/405 287/318/302
f 287/318/302 301/423/405 296/316/300
f 317/420/402 274/419/401 288/424/406
f 288/424/406 274/419/401 275/425/407
f 288/424/406 275/425/407 286/426/408
f 286/426/408 275/425/407 276/427/409
f 286/426/408 276/427/409 304/428/410
f 304/428/410 276/427/409 300/429/411
f 304/428/410 300/429/411 299/430/412
f 299/430/412 300/429/411 282/431/413
f 299/430/412 282/431/413 283/432/414
f 277/433/415 278/434/416 276/427/409
f 276/427/409 278/434/416 281/435/417
f 276/427/409 281/435/417 300/429/411
f 300/429/411 281/435/417 282/431/413
f 279/436/418 280/437/419 278/434/416
f 278/434/416 280/437/419 281/435/417
f 299/430/412 283/432/414 298/438/420
f 298/438/420 283/432/414 284/439/421
f 298/438/420 284/439/421 297/440/422
f 297/440/422 284/439/421 285/314/299
f 297/440/422 285/314/299 296/316/300
f 296/316/300 301/423/405 297/440/422
f 297/440/422 301/423/405 302/441/423
f 297/440/422 302/441/423 298/438/420
f 298/438/420 302/441/423 303/442/424
f 298/438/420 303/442/424 299/430/412
f 299/430/412 303/442/424 304/428/410
f 301/423/405 310/422/404 302/441/423
f 302/441/423 310/422/404 309/443/425
f 302/441/423 309/443/425 303/442/424
f 303/442/424 309/443/425 286/426/408
f 303/442/424 286/426/408 304/428/410
f 309/443/425 310/422/404 308/421/403
f 286/426/408 309/443/425 288/424/406
f 288/424/406 309/443/425 308/421/403
f 288/424/406 308/421/403 317/420/402
f 291/375/358 318/444/426 289/373/356
f 289/373/356 318/444/426 324/371/354
f 289/373/356 324/371/354 313/370/353
f 324/371/354 318/444/426 319/372/355
f 319/372/355 318/444/426 327/445/427
f 319/372/355 327/445/427 326/368/351
f 326/368/351 327/445/427 333/367/350
f 318/444/426 291/375/358 328/446/428
f 328/446/428 291/375/358 329/377/360
f 328/446/428 329/377/360 331/379/362
f 327/445/427 328/446/428 332/447/429
f 332/447/429 328/446/428 331/379/362
f 332/447/429 331/379/362 337/381/364
f 328/446/428 327/445/427 318/444/426
f 338/366/349 333/367/350 332/447/429
f 332/447/429 333/367/350 327/445/427
f 338/366/349 332/447/429 337/381/364
f 343/365/348 338/366/349 337/381/364
f 352/339/323 292/337/321 351/363/346
f 354/341/325 352/339/323 351/363/346
f 354/341/325 351/363/346 355/361/344
f 354/341/325 355/361/344 360/343/327
f 360/343/327 355/361/344 359/359/342
f 360/343/327 359/359/342 363/345/329
f 363/345/329 359/359/342 362/357/340
f 363/345/329 362/357/340 295/347/331
f 366/413/395 365/401/384 373/448/430
f 373/448/430 365/401/384 374/400/383
f 373/448/430 374/400/383 370/449/431
f 370/449/431 374/400/383 369/399/382
f 370/449/431 369/399/382 379/404/387
f 379/404/387 369/399/382 378/398/381
f 370/449/431 371/409/391 373/448/430
f 373/448/430 371/409/391 372/411/393
f 373/448/430 372/411/393 366/413/395
f 379/404/387 380/406/389 370/449/431
f 370/449/431 380/406/389 371/409/391
f 281/450/432 381/451/433 282/452/434
f 282/452/434 381/451/433 382/453/435
f 282/452/434 382/453/435 283/454/436
f 283/454/436 382/453/435 383/455/437
f 283/454/436 383/455/437 284/456/438
f 284/456/438 383/455/437 384/457/439
f 284/456/438 384/457/439 285/458/440
f 285/458/440 384/457/439 24/459/24
f 285/458/440 24/459/24 66/460/53
f 25/461/441 24/462/24 398/463/442
f 398/463/442 24/462/24 384/464/443
f 398/463/442 384/464/443 397/465/444
f 397/465/444 384/464/443 383/466/445
f 397/465/444 383/466/445 396/467/446
f 396/467/446 383/466/445 395/468/447
f 396/467/446 395/468/447 401/469/448
f 401/469/448 395/468/447 400/470/449
f 401/469/448 400/470/449 410/471/450
f 410/471/450 400/470/449 411/472/451
f 410/471/450 411/472/451 406/473/452
f 406/473/452 411/472/451 405/474/453
f 406/473/452 405/474/453 423/475/454
f 423/475/454 405/474/453 422/476/455
f 423/475/454 422/476/455 418/477/456
f 418/477/456 422/476/455 419/478/457
f 418/477/456 419/478/457 414/479/458
f 414/479/458 419/478/457 415/480/459
f 414/479/458 415/480/459 389/481/460
f 389/481/460 415/480/459 388/482/461
f 388/482/461 415/480/459 391/483/462
f 388/482/461 391/483/462 387/484/463
f 387/484/463 391/483/462 386/485/464
f 386/485/464 391/483/462 421/486/465
f 386/485/464 421/486/465 420/487/466
f 420/487/466 421/486/465 419/478/457
f 420/487/466 419/478/457 422/476/455
f 383/466/445 382/488/467 395/468/447
f 395/468/447 382/488/467 394/489/468
f 395/468/447 394/489/468 400/470/449
f 400/470/449 394/489/468 399/490/469
f 400/470/449 399/490/469 411/472/451
f 411/472/451 399/490/469 393/491/470
f 411/472/451 393/491/470 405/474/453
f 405/474/453 393/491/470 404/492/471
f 405/474/453 404/492/471 422/476/455
f 422/476/455 404/492/471 420/487/466
f 382/488/467 381/493/433 394/489/468
f 394/489/468 381/493/433 385/494/472
f 394/489/468 385/494/472 399/490/469
f 399/490/469 385/494/472 393/491/470
f 385/494/472 386/485/464 393/491/470
f 393/491/470 386/485/464 404/492/471
f 414/479/458 389/481/460 413/495/473
f 413/495/473 389/481/460 390/496/474
f 413/495/473 390/496/474 412/497/475
f 412/497/475 390/496/474 29/498/35
f 412/497/475 29/498/35 28/499/476
f 27/500/477 392/501/478 28/499/476
f 28/499/476 392/501/478 425/502/479
f 28/499/476 425/502/479 416/503/480
f 416/503/480 425/502/479 424/504/481
f 416/503/480 424/504/481 417/505/482
f 417/505/482 424/504/481 423/475/454
f 417/505/482 423/475/454 418/477/456
f 392/501/478 27/500/477 408/506/483
f 408/506/483 27/500/477 26/507/484
f 408/506/483 26/507/484 403/508/485
f 403/508/485 26/507/484 25/461/441
f 403/508/485 25/461/441 398/463/442
f 386/485/464 420/487/466 404/492/471
f 403/508/485 398/463/442 397/465/444
f 397/465/444 396/467/446 402/509/486
f 402/509/486 396/467/446 401/469/448
f 402/509/486 401/469/448 409/510/487
f 409/510/487 401/469/448 410/471/450
f 409/510/487 410/471/450 407/511/488
f 407/511/488 410/471/450 406/473/452
f 407/511/488 406/473/452 424/504/481
f 424/504/481 406/473/452 423/475/454
f 408/506/483 403/508/485 402/509/486
f 402/509/486 403/508/485 397/465/444
f 408/506/483 402/509/486 409/510/487
f 408/506/483 409/510/487 392/501/478
f 392/501/478 409/510/487 407/511/488
f 392/501/478 407/511/488 425/502/479
f 425/502/479 407/511/488 424/504/481
f 418/477/456 414/479/458 413/495/473
f 416/503/480 417/505/482 412/497/475
f 412/497/475 417/505/482 413/495/473
f 417/505/482 418/477/456 413/495/473
f 421/486/465 391/483/462 415/480/459
f 421/486/465 415/480/459 419/478/457
f 28/499/476 416/503/480 412/497/475
f 37/512/37 36/513/36 137/514/489
f 137/514/489 36/513/36 88/515/490
f 137/514/489 88/515/490 138/516/491
f 138/516/491 88/515/490 87/517/492
f 138/516/491 87/517/492 139/518/493
f 139/518/493 87/517/492 86/519/494
f 139/518/493 86/519/494 140/520/495
f 140/520/495 86/519/494 17/521/13
f 140/520/495 17/521/13 16/522/496
f 68/523/68 77/524/70 78/525/78
f 78/525/78 77/524/70 426/526/497
f 78/525/78 426/526/497 427/527/498
f 427/527/498 428/528/499 78/525/78
f 430/529/500 431/530/501 429/531/502
f 429/531/502 431/530/501 432/532/503
f 429/531/502 432/532/503 30/533/34
f 30/533/34 29/534/35 429/531/502
f 433/535/504 434/536/505 442/537/506
f 442/537/506 434/536/505 441/538/507
f 441/538/507 434/536/505 440/539/508
f 440/539/508 434/536/505 435/540/509
f 440/539/508 435/540/509 439/541/510
f 439/541/510 435/540/509 436/542/511
f 439/541/510 436/542/511 438/543/512
f 438/543/512 436/542/511 437/544/513
f 387/545/463 443/546/514 388/547/515
f 388/547/515 443/546/514 444/548/516
f 388/547/515 444/548/516 389/549/517
f 389/549/517 444/548/516 445/550/518
f 389/549/517 445/550/518 390/551/519
f 390/551/519 445/550/518 446/552/520
f 390/551/519 446/552/520 29/553/35
f 29/553/35 446/552/520 447/554/521
f 29/553/35 447/554/521 429/555/502
f 448/556/522 449/557/523 277/558/524
f 277/558/524 449/557/523 381/559/433
f 277/558/524 381/559/433 280/560/525
f 280/560/525 381/559/433 281/561/432
f 381/559/433 449/557/523 387/562/463
f 387/562/463 449/557/523 450/563/526
f 387/562/463 450/563/526 451/564/527
f 451/564/527 443/565/514 387/562/463
f 386/566/528 385/567/529 387/562/463
f 387/562/463 385/567/529 381/559/433
f 280/560/525 279/568/530 277/558/524
f 277/558/524 279/568/530 278/569/531
f 462/570/532 452/571/533 464/572/534
f 464/572/534 452/571/533 453/573/535
f 464/572/534 453/573/535 465/574/536
f 465/574/536 453/573/535 454/575/537
f 465/574/536 454/575/537 463/576/538
f 463/576/538 454/575/537 455/577/539
f 463/576/538 455/577/539 466/578/540
f 466/578/540 455/577/539 456/579/541
f 466/578/540 456/579/541 467/580/542
f 467/580/542 456/579/541 457/581/543
f 467/580/542 457/581/543 426/582/497
f 426/582/497 457/581/543 427/583/498
f 426/582/497 458/584/544 467/580/542
f 467/580/542 458/584/544 459/585/545
f 467/580/542 459/585/545 466/578/540
f 466/578/540 459/585/545 463/576/538
f 459/585/545 460/586/546 463/576/538
f 463/576/538 460/586/546 465/574/536
f 460/586/546 461/587/547 465/574/536
f 465/574/536 461/587/547 464/572/534
f 461/587/547 462/570/532 464/572/534
f 10/588/548 23/589/549 473/590/550
f 473/590/550 23/589/549 472/591/551
f 472/591/551 23/589/549 22/592/552
f 472/591/551 22/592/552 21/593/553
f 472/591/551 21/593/553 471/594/554
f 471/594/554 21/593/553 82/595/555
f 471/594/554 82/595/555 470/596/556
f 470/596/556 82/595/555 469/597/557
f 469/597/557 82/595/555 81/598/558
f 469/597/557 81/598/558 468/599/559
f 468/599/559 81/598/558 80/600/560
f 468/599/559 80/600/560 428/601/499
f 428/601/499 80/600/560 79/602/561
f 428/601/499 79/602/561 78/603/78
f 475/604/562 476/605/563 474/606/564
f 474/606/564 476/605/563 477/607/565
f 474/606/564 477/607/565 479/608/566
f 479/608/566 477/607/565 478/609/567
f 475/604/562 5/610/568 476/605/563
f 476/605/563 5/610/568 1/611/569
f 1/611/569 5/610/568 4/612/570
f 1/611/569 4/612/570 2/613/571
f 2/613/571 4/612/570 3/614/572
f 432/615/503 431/616/501 493/617/573
f 493/617/573 431/616/501 480/618/574
f 493/617/573 480/618/574 494/619/575
f 494/619/575 480/618/574 481/620/576
f 494/619/575 481/620/576 492/621/577
f 492/621/577 481/620/576 482/622/578
f 492/621/577 482/622/578 495/623/579
f 495/623/579 482/622/578 483/624/580
f 495/623/579 483/624/580 491/625/581
f 491/625/581 483/624/580 484/626/582
f 491/625/581 484/626/582 485/627/583
f 485/627/583 486/628/584 491/625/581
f 491/625/581 486/628/584 487/629/585
f 491/625/581 487/629/585 488/630/586
f 489/631/587 492/621/577 488/630/586
f 488/630/586 492/621/577 495/623/579
f 488/630/586 495/623/579 491/625/581
f 492/621/577 489/631/587 494/619/575
f 494/619/575 489/631/587 490/632/588
f 494/619/575 490/632/588 493/617/573
f 493/617/573 490/632/588 432/615/503
f 485/633/583 452/634/533 486/635/584
f 486/635/584 452/634/533 462/636/532
f 496/637/589 504/638/590 430/639/500
f 430/639/500 504/638/590 505/640/591
f 430/639/500 505/640/591 431/641/501
f 431/641/501 505/640/591 506/642/592
f 431/641/501 506/642/592 503/643/593
f 503/643/593 506/642/592 502/644/594
f 502/644/594 506/642/592 509/645/595
f 502/644/594 509/645/595 501/646/596
f 501/646/596 509/645/595 512/647/597
f 501/646/596 512/647/597 500/648/598
f 500/648/598 512/647/597 511/649/599
f 500/648/598 511/649/599 499/650/600
f 499/650/600 511/649/599 510/651/601
f 499/650/600 510/651/601 498/652/602
f 498/652/602 510/651/601 497/653/603
f 497/653/603 510/651/601 507/654/604
f 497/653/603 507/654/604 496/637/589
f 496/637/589 507/654/604 504/638/590
f 509/645/595 506/642/592 505/640/591
f 505/640/591 504/638/590 508/655/605
f 508/655/605 504/638/590 507/654/604
f 508/655/605 507/654/604 511/649/599
f 511/649/599 507/654/604 510/651/601
f 512/647/597 509/645/595 508/655/605
f 508/655/605 509/645/595 505/640/591
f 512/647/597 508/655/605 511/649/599
f 431/656/501 503/657/606 480/658/607
f 480/658/607 503/657/606 527/659/608
f 480/658/607 527/659/608 481/660/609
f 481/660/609 527/659/608 532/661/610
f 481/660/609 532/661/610 482/662/611
f 482/662/611 532/661/610 537/663/612
f 482/662/611 537/663/612 483/664/613
f 483/664/613 537/663/612 522/665/614
f 483/664/613 522/665/614 484/666/615
f 484/666/615 522/665/614 543/667/616
f 484/666/615 543/667/616 542/668/617
f 542/668/617 543/667/616 544/669/618
f 542/668/617 544/669/618 541/670/619
f 541/670/619 544/669/618 545/671/620
f 541/670/619 545/671/620 540/672/621
f 540/672/621 545/671/620 546/673/622
f 540/672/621 546/673/622 539/674/623
f 539/674/623 546/673/622 547/675/624
f 539/674/623 547/675/624 538/676/625
f 538/676/625 547/675/624 515/677/626
f 538/676/625 515/677/626 520/678/627
f 520/678/627 515/677/626 516/679/628
f 520/678/627 516/679/628 517/680/629
f 527/659/608 503/657/606 526/681/630
f 526/681/630 503/657/606 502/682/631
f 526/681/630 502/682/631 525/683/632
f 525/683/632 502/682/631 524/684/633
f 525/683/632 524/684/633 530/685/634
f 530/685/634 524/684/633 529/686/635
f 530/685/634 529/686/635 535/687/636
f 535/687/636 529/686/635 534/688/637
f 535/687/636 534/688/637 553/689/638
f 553/689/638 534/688/637 552/690/639
f 553/689/638 552/690/639 545/671/620
f 545/671/620 552/690/639 546/673/622
f 502/682/631 501/691/640 524/684/633
f 524/684/633 501/691/640 523/692/641
f 524/684/633 523/692/641 529/686/635
f 529/686/635 523/692/641 528/693/642
f 529/686/635 528/693/642 534/688/637
f 534/688/637 528/693/642 533/694/643
f 534/688/637 533/694/643 552/690/639
f 552/690/639 533/694/643 521/695/644
f 552/690/639 521/695/644 546/673/622
f 546/673/622 521/695/644 547/675/624
f 501/691/640 500/696/598 523/692/641
f 523/692/641 500/696/598 513/697/645
f 523/692/641 513/697/645 528/693/642
f 528/693/642 513/697/645 514/698/646
f 528/693/642 514/698/646 533/694/643
f 533/694/643 514/698/646 521/695/644
f 514/698/646 515/677/626 521/695/644
f 521/695/644 515/677/626 547/675/624
f 520/678/627 517/680/629 551/699/647
f 551/699/647 517/680/629 518/700/648
f 551/699/647 518/700/648 550/701/649
f 550/701/649 518/700/648 549/702/650
f 550/701/649 549/702/650 540/672/621
f 540/672/621 549/702/650 541/670/619
f 518/700/648 519/703/651 549/702/650
f 549/702/650 519/703/651 548/704/652
f 549/702/650 548/704/652 541/670/619
f 541/670/619 548/704/652 542/668/617
f 519/703/651 485/705/583 548/704/652
f 548/704/652 485/705/583 484/666/615
f 548/704/652 484/666/615 542/668/617
f 532/661/610 527/659/608 526/681/630
f 526/681/630 525/683/632 531/706/653
f 531/706/653 525/683/632 530/685/634
f 531/706/653 530/685/634 536/707/654
f 536/707/654 530/685/634 535/687/636
f 536/707/654 535/687/636 554/708/655
f 554/708/655 535/687/636 553/689/638
f 554/708/655 553/689/638 544/669/618
f 544/669/618 553/689/638 545/671/620
f 537/663/612 532/661/610 531/706/653
f 531/706/653 532/661/610 526/681/630
f 537/663/612 531/706/653 536/707/654
f 522/665/614 537/663/612 536/707/654
f 522/665/614 536/707/654 554/708/655
f 550/701/649 540/672/621 539/674/623
f 520/678/627 551/699/647 538/676/625
f 538/676/625 551/699/647 539/674/623
f 551/699/647 550/701/649 539/674/623
f 554/708/655 544/669/618 543/667/616
f 522/665/614 554/708/655 543/667/616
f 519/709/656 559/710/657 485/711/583
f 485/711/583 559/710/657 560/712/658
f 485/711/583 560/712/658 561/713/659
f 561/713/659 560/712/658 567/714/660
f 561/713/659 567/714/660 568/715/661
f 568/715/661 567/714/660 574/716/662
f 568/715/661 574/716/662 575/717/663
f 575/717/663 574/716/662 555/718/664
f 575/717/663 555/718/664 576/719/665
f 576/719/665 555/718/664 556/720/666
f 576/719/665 556/720/666 570/721/667
f 570/721/667 556/720/666 557/722/668
f 570/721/667 557/722/668 564/723/669
f 564/723/669 557/722/668 558/724/670
f 564/723/669 558/724/670 452/725/533
f 559/710/657 519/709/656 565/726/671
f 565/726/671 519/709/656 518/727/672
f 565/726/671 518/727/672 571/728/673
f 571/728/673 518/727/672 517/729/674
f 571/728/673 517/729/674 516/730/628
f 555/718/664 573/731/675 516/730/628
f 516/730/628 573/731/675 572/732/676
f 516/730/628 572/732/676 571/728/673
f 571/728/673 572/732/676 565/726/671
f 485/711/583 562/733/677 452/725/533
f 452/725/533 562/733/677 563/734/678
f 452/725/533 563/734/678 564/723/669
f 564/723/669 563/734/678 570/721/667
f 562/733/677 485/711/583 561/713/659
f 560/712/658 559/710/657 566/735/679
f 566/735/679 559/710/657 565/726/671
f 566/735/679 565/726/671 572/732/676
f 561/713/659 568/715/661 562/733/677
f 562/733/677 568/715/661 569/736/680
f 562/733/677 569/736/680 563/734/678
f 563/734/678 569/736/680 570/721/667
f 560/712/658 566/735/679 567/714/660
f 567/714/660 566/735/679 573/731/675
f 567/714/660 573/731/675 574/716/662
f 574/716/662 573/731/675 555/718/664
f 573/731/675 566/735/679 572/732/676
f 576/719/665 570/721/667 569/736/680
f 576/719/665 569/736/680 575/717/663
f 575/717/663 569/736/680 568/715/661
f 453/737/681 452/738/533 593/739/682
f 593/739/682 452/738/533 558/740/683
f 593/739/682 558/740/683 592/741/684
f 592/741/684 558/740/683 557/742/685
f 592/741/684 557/742/685 591/743/686
f 591/743/686 557/742/685 590/744/687
f 591/743/686 590/744/687 595/745/688
f 595/745/688 590/744/687 594/746/689
f 595/745/688 594/746/689 603/747/690
f 603/747/690 594/746/689 604/748/691
f 603/747/690 604/748/691 599/749/692
f 599/749/692 604/748/691 598/750/693
f 599/749/692 598/750/693 612/751/694
f 612/751/694 598/750/693 613/752/695
f 612/751/694 613/752/695 608/753/696
f 608/753/696 613/752/695 607/754/697
f 608/753/696 607/754/697 617/755/698
f 617/755/698 607/754/697 618/756/699
f 617/755/698 618/756/699 582/757/700
f 582/757/700 618/756/699 581/758/701
f 581/758/701 618/756/699 584/759/702
f 581/758/701 584/759/702 580/760/703
f 580/760/703 584/759/702 579/761/704
f 579/761/704 584/759/702 606/762/705
f 579/761/704 606/762/705 614/763/706
f 614/763/706 606/762/705 607/754/697
f 614/763/706 607/754/697 613/752/695
f 557/742/685 556/764/707 590/744/687
f 590/744/687 556/764/707 589/765/708
f 590/744/687 589/765/708 594/746/689
f 594/746/689 589/765/708 588/766/709
f 594/746/689 588/766/709 604/748/691
f 604/748/691 588/766/709 605/767/710
f 604/748/691 605/767/710 598/750/693
f 598/750/693 605/767/710 586/768/711
f 598/750/693 586/768/711 613/752/695
f 613/752/695 586/768/711 614/763/706
f 556/764/707 555/769/664 589/765/708
f 589/765/708 555/769/664 577/770/712
f 589/765/708 577/770/712 588/766/709
f 588/766/709 577/770/712 578/771/713
f 588/766/709 578/771/713 605/767/710
f 605/767/710 578/771/713 586/768/711
f 578/771/713 579/761/704 586/768/711
f 586/768/711 579/761/704 614/763/706
f 617/755/698 582/757/700 616/772/714
f 616/772/714 582/757/700 583/773/715
f 616/772/714 583/773/715 615/774/716
f 615/774/716 583/773/715 427/775/498
f 615/774/716 427/775/498 457/776/717
f 615/774/716 457/776/717 585/777/718
f 585/777/718 457/776/717 456/778/719
f 585/777/718 456/778/719 610/779/720
f 610/779/720 456/778/719 587/780/721
f 610/779/720 587/780/721 600/781/722
f 600/781/722 587/780/721 602/782/723
f 600/781/722 602/782/723 603/747/690
f 603/747/690 602/782/723 595/745/688
f 456/778/719 455/783/724 587/780/721
f 587/780/721 455/783/724 601/784/725
f 587/780/721 601/784/725 602/782/723
f 602/782/723 601/784/725 596/785/726
f 602/782/723 596/785/726 595/745/688
f 595/745/688 596/785/726 591/743/686
f 455/783/724 454/786/727 601/784/725
f 601/784/725 454/786/727 597/787/728
f 601/784/725 597/787/728 596/785/726
f 596/785/726 597/787/728 592/741/684
f 596/785/726 592/741/684 591/743/686
f 454/786/727 453/737/681 597/787/728
f 597/787/728 453/737/681 593/739/682
f 597/787/728 593/739/682 592/741/684
f 603/747/690 599/749/692 600/781/722
f 600/781/722 599/749/692 611/788/729
f 600/781/722 611/788/729 610/779/720
f 610/779/720 611/788/729 585/777/718
f 611/788/729 599/749/692 612/751/694
f 618/756/699 607/754/697 606/762/705
f 584/759/702 618/756/699 606/762/705
f 611/788/729 612/751/694 609/789/730
f 609/789/730 612/751/694 608/753/696
f 609/789/730 608/753/696 616/772/714
f 616/772/714 608/753/696 617/755/698
f 615/774/716 585/777/718 609/789/730
f 609/789/730 585/777/718 611/788/729
f 615/774/716 609/789/730 616/772/714
f 583/790/731 623/791/732 427/792/498
f 427/792/498 623/791/732 624/793/733
f 427/792/498 624/793/733 428/794/499
f 428/794/499 624/793/733 625/795/734
f 428/794/499 625/795/734 622/796/735
f 622/796/735 625/795/734 621/797/736
f 621/797/736 625/795/734 628/798/737
f 621/797/736 628/798/737 620/799/738
f 620/799/738 628/798/737 631/800/739
f 620/799/738 631/800/739 619/801/740
f 619/801/740 631/800/739 630/802/741
f 619/801/740 630/802/741 580/803/703
f 580/803/703 630/802/741 629/804/742
f 580/803/703 629/804/742 581/805/743
f 581/805/743 629/804/742 582/806/744
f 582/806/744 629/804/742 626/807/745
f 582/806/744 626/807/745 583/790/731
f 583/790/731 626/807/745 623/791/732
f 628/798/737 625/795/734 624/793/733
f 624/793/733 623/791/732 627/808/746
f 627/808/746 623/791/732 626/807/745
f 627/808/746 626/807/745 630/802/741
f 630/802/741 626/807/745 629/804/742
f 631/800/739 628/798/737 627/808/746
f 627/808/746 628/798/737 624/793/733
f 631/800/739 627/808/746 630/802/741
f 468/809/747 428/810/499 644/811/748
f 644/811/748 428/810/499 622/812/749
f 644/811/748 622/812/749 643/813/750
f 643/813/750 622/812/749 621/814/751
f 643/813/750 621/814/751 642/815/752
f 642/815/752 621/814/751 641/816/753
f 642/815/752 641/816/753 647/817/754
f 647/817/754 641/816/753 646/818/755
f 647/817/754 646/818/755 652/819/756
f 652/819/756 646/818/755 651/820/757
f 652/819/756 651/820/757 656/821/758
f 656/821/758 651/820/757 655/822/759
f 656/821/758 655/822/759 666/823/760
f 666/823/760 655/822/759 667/824/761
f 666/823/760 667/824/761 661/825/762
f 661/825/762 667/824/761 660/826/763
f 661/825/762 660/826/763 637/827/764
f 637/827/764 660/826/763 659/828/765
f 637/827/764 659/828/765 636/829/766
f 636/829/766 659/828/765 635/830/767
f 635/830/767 659/828/765 668/831/768
f 635/830/767 668/831/768 639/832/769
f 639/832/769 668/831/768 667/824/761
f 639/832/769 667/824/761 655/822/759
f 621/814/751 620/833/770 641/816/753
f 641/816/753 620/833/770 640/834/771
f 641/816/753 640/834/771 646/818/755
f 646/818/755 640/834/771 645/835/772
f 646/818/755 645/835/772 651/820/757
f 651/820/757 645/835/772 650/836/773
f 651/820/757 650/836/773 655/822/759
f 655/822/759 650/836/773 639/832/769
f 620/833/770 619/837/774 640/834/771
f 640/834/771 619/837/774 632/838/775
f 640/834/771 632/838/775 645/835/772
f 645/835/772 632/838/775 633/839/776
f 645/835/772 633/839/776 650/836/773
f 650/836/773 633/839/776 634/840/777
f 650/836/773 634/840/777 639/832/769
f 639/832/769 634/840/777 635/830/767
f 637/827/764 638/841/778 661/825/762
f 661/825/762 638/841/778 662/842/779
f 661/825/762 662/842/779 666/823/760
f 666/823/760 662/842/779 665/843/780
f 666/823/760 665/843/780 656/821/758
f 656/821/758 665/843/780 657/844/781
f 656/821/758 657/844/781 652/819/756
f 652/819/756 657/844/781 653/845/782
f 652/819/756 653/845/782 647/817/754
f 647/817/754 653/845/782 648/846/783
f 647/817/754 648/846/783 642/815/752
f 642/815/752 648/846/783 643/813/750
f 662/842/779 638/841/778 663/847/784
f 663/847/784 638/841/778 473/848/785
f 663/847/784 473/848/785 472/849/786
f 663/847/784 472/849/786 664/850/787
f 664/850/787 472/849/786 471/851/788
f 664/850/787 471/851/788 658/852/789
f 658/852/789 471/851/788 470/853/790
f 658/852/789 470/853/790 654/854/791
f 654/854/791 470/853/790 469/855/792
f 654/854/791 469/855/792 649/856/793
f 649/856/793 469/855/792 468/809/747
f 649/856/793 468/809/747 644/811/748
f 649/856/793 644/811/748 643/813/750
f 649/856/793 643/813/750 648/846/783
f 654/854/791 649/856/793 648/846/783
f 654/854/791 648/846/783 653/845/782
f 658/852/789 654/854/791 653/845/782
f 658/852/789 653/845/782 657/844/781
f 664/850/787 658/852/789 657/844/781
f 664/850/787 657/844/781 665/843/780
f 667/824/761 668/831/768 660/826/763
f 660/826/763 668/831/768 659/828/765
f 664/850/787 665/843/780 663/847/784
f 663/847/784 665/843/780 662/842/779
f 679/857/794 479/858/795 680/859/796
f 680/859/796 479/858/795 478/860/797
f 680/859/796 478/860/797 669/861/798
f 669/861/798 670/862/799 680/859/796
f 680/859/796 670/862/799 681/863/800
f 680/859/796 681/863/800 679/857/794
f 679/857/794 681/863/800 678/864/801
f 678/864/801 681/863/800 677/865/802
f 677/865/802 681/863/800 671/866/803
f 677/865/802 671/866/803 672/867/804
f 670/862/799 671/866/803 681/863/800
f 677/865/802 672/867/804 442/868/805
f 442/868/805 672/867/804 673/869/806
f 442/868/805 673/869/806 674/870/807
f 674/870/807 675/871/808 442/868/805
f 442/868/805 675/871/808 676/872/809
f 694/873/810 682/874/811 702/875/812
f 702/875/812 682/874/811 683/876/813
f 702/875/812 683/876/813 701/877/814
f 701/877/814 683/876/813 700/878/815
f 701/877/814 700/878/815 706/879/816
f 706/879/816 700/878/815 705/880/817
f 706/879/816 705/880/817 711/881/818
f 711/881/818 705/880/817 710/882/819
f 711/881/818 710/882/819 718/883/820
f 718/883/820 710/882/819 719/884/821
f 718/883/820 719/884/821 715/885/822
f 715/885/822 719/884/821 714/886/823
f 715/885/822 714/886/823 726/887/824
f 726/887/824 714/886/823 727/888/825
f 726/887/824 727/888/825 724/889/826
f 724/889/826 727/888/825 723/890/827
f 724/889/826 723/890/827 497/891/828
f 497/891/828 723/890/827 722/892/829
f 497/891/828 722/892/829 498/893/830
f 498/893/830 722/892/829 721/894/831
f 498/893/830 721/894/831 499/895/600
f 499/895/600 721/894/831 689/896/832
f 689/896/832 721/894/831 729/897/833
f 689/896/832 729/897/833 695/898/834
f 695/898/834 729/897/833 728/899/835
f 695/898/834 728/899/835 713/900/836
f 713/900/836 728/899/835 727/888/825
f 713/900/836 727/888/825 714/886/823
f 683/876/813 684/901/837 700/878/815
f 700/878/815 684/901/837 699/902/838
f 700/878/815 699/902/838 705/880/817
f 705/880/817 699/902/838 704/903/839
f 705/880/817 704/903/839 710/882/819
f 710/882/819 704/903/839 709/904/840
f 710/882/819 709/904/840 719/884/821
f 719/884/821 709/904/840 720/905/841
f 719/884/821 720/905/841 714/886/823
f 714/886/823 720/905/841 713/900/836
f 699/902/838 684/901/837 698/906/842
f 698/906/842 684/901/837 685/907/843
f 698/906/842 685/907/843 686/908/844
f 698/906/842 686/908/844 703/909/845
f 703/909/845 686/908/844 687/910/846
f 703/909/845 687/910/846 708/911/847
f 708/911/847 687/910/846 697/912/848
f 708/911/847 697/912/848 720/905/841
f 720/905/841 697/912/848 713/900/836
f 687/910/846 688/913/849 697/912/848
f 697/912/848 688/913/849 695/898/834
f 697/912/848 695/898/834 713/900/836
f 688/913/849 689/896/832 695/898/834
f 497/891/828 496/914/850 724/889/826
f 724/889/826 496/914/850 725/915/851
f 724/889/826 725/915/851 726/887/824
f 726/887/824 725/915/851 696/916/852
f 726/887/824 696/916/852 715/885/822
f 715/885/822 696/916/852 716/917/853
f 715/885/822 716/917/853 718/883/820
f 718/883/820 716/917/853 717/918/854
f 718/883/820 717/918/854 711/881/818
f 711/881/818 717/918/854 712/919/855
f 711/881/818 712/919/855 706/879/816
f 706/879/816 712/919/855 707/920/856
f 706/879/816 707/920/856 701/877/814
f 701/877/814 707/920/856 702/875/812
f 496/914/850 430/921/857 725/915/851
f 725/915/851 430/921/857 690/922/858
f 725/915/851 690/922/858 696/916/852
f 696/916/852 690/922/858 691/923/859
f 696/916/852 691/923/859 716/917/853
f 716/917/853 691/923/859 717/918/854
f 691/923/859 692/924/860 717/918/854
f 717/918/854 692/924/860 712/919/855
f 692/924/860 693/925/861 712/919/855
f 712/919/855 693/925/861 707/920/856
f 693/925/861 694/873/810 707/920/856
f 707/920/856 694/873/810 702/875/812
f 704/903/839 699/902/838 698/906/842
f 709/904/840 704/903/839 703/909/845
f 703/909/845 704/903/839 698/906/842
f 720/905/841 709/904/840 708/911/847
f 708/911/847 709/904/840 703/909/845
f 728/899/835 729/897/833 722/892/829
f 722/892/829 729/897/833 721/894/831
f 727/888/825 728/899/835 723/890/827
f 723/890/827 728/899/835 722/892/829
f 730/926/862 682/927/863 732/928/864
f 732/928/864 682/927/863 731/929/865
f 731/929/865 682/927/863 449/930/866
f 731/929/865 449/930/866 448/931/867
f 735/932/868 733/933/869 473/934/550
f 473/934/550 733/933/869 734/935/870
f 473/934/550 734/935/870 10/936/548
f 10/936/548 734/935/870 11/937/871
f 433/938/872 685/939/843 738/940/873
f 738/940/873 685/939/843 684/941/874
f 738/940/873 684/941/874 737/942/875
f 737/942/875 684/941/874 736/943/876
f 736/943/876 684/941/874 683/944/877
f 736/943/876 683/944/877 730/945/878
f 730/945/878 683/944/877 682/946/863
f 735/947/879 473/948/550 746/949/880
f 746/949/880 473/948/550 638/950/881
f 746/949/880 638/950/881 745/951/882
f 745/951/882 638/950/881 637/952/883
f 745/951/882 637/952/883 747/953/884
f 747/953/884 637/952/883 743/954/885
f 747/953/884 743/954/885 744/955/886
f 637/952/883 636/956/766 743/954/885
f 743/954/885 636/956/766 742/957/887
f 742/957/887 636/956/766 741/958/888
f 741/958/888 636/956/766 740/959/889
f 740/959/889 636/956/766 739/960/890
f 744/955/886 745/951/882 747/953/884
f 451/961/891 694/962/892 443/963/893
f 443/963/893 694/962/892 693/964/894
f 443/963/893 693/964/894 444/965/895
f 444/965/895 693/964/894 692/966/896
f 444/965/895 692/966/896 691/967/897
f 451/961/891 450/968/898 694/962/892
f 694/962/892 450/968/898 682/969/863
f 682/969/863 450/968/898 449/970/866
f 444/965/895 691/967/897 445/971/899
f 445/971/899 691/967/897 690/972/900
f 445/971/899 690/972/900 446/973/901
f 446/973/901 690/972/900 430/974/500
f 446/973/901 430/974/500 447/975/902
f 447/975/902 430/974/500 429/976/502
f 748/977/903 265/978/904 474/979/905
f 474/979/905 265/978/904 264/980/906
f 474/979/905 264/980/906 475/981/907
f 475/981/907 264/980/906 6/982/8
f 475/981/907 6/982/8 5/983/9
f 265/978/904 748/977/903 266/984/908
f 266/984/908 748/977/903 749/985/909
f 266/984/908 749/985/909 267/986/910
f 267/986/910 749/985/909 750/987/911
f 267/986/910 750/987/911 268/988/912
f 268/988/912 750/987/911 751/989/913
f 268/988/912 751/989/913 752/990/914
f 268/988/912 752/990/914 269/991/915
f 269/991/915 752/990/914 753/992/916
f 269/991/915 753/992/916 270/993/917
f 270/993/917 753/992/916 754/994/918
f 270/993/917 754/994/918 271/995/919
f 271/995/919 754/994/918 755/996/920
f 271/995/919 755/996/920 272/997/921
f 272/997/921 755/996/920 756/998/922
f 272/997/921 756/998/922 273/999/923
f 273/999/923 756/998/922 757/1000/924
f 273/999/923 757/1000/924 274/1001/925
f 274/1001/925 757/1000/924 758/1002/926
f 274/1001/925 758/1002/926 275/1003/927
f 275/1003/927 758/1002/926 732/1004/928
f 275/1003/927 732/1004/928 276/1005/929
f 276/1005/929 732/1004/928 731/1006/930
f 276/1005/929 731/1006/930 277/1007/931
f 277/1007/931 731/1006/930 448/1008/932
f 679/1009/933 770/1010/934 479/1011/935
f 479/1011/935 770/1010/934 748/1012/936
f 479/1011/935 748/1012/936 474/1013/905
f 770/1010/934 679/1009/933 769/1014/937
f 769/1014/937 679/1009/933 678/1015/938
f 769/1014/937 678/1015/938 774/1016/939
f 774/1016/939 678/1015/938 773/1017/940
f 774/1016/939 773/1017/940 778/1018/941
f 778/1018/941 773/1017/940 777/1019/942
f 778/1018/941 777/1019/942 783/1020/943
f 783/1020/943 777/1019/942 782/1021/944
f 783/1020/943 782/1021/944 785/1022/945
f 785/1022/945 782/1021/944 786/1023/946
f 785/1022/945 786/1023/946 790/1024/947
f 790/1024/947 786/1023/946 789/1025/948
f 790/1024/947 789/1025/948 795/1026/949
f 795/1026/949 789/1025/948 794/1027/950
f 795/1026/949 794/1027/950 800/1028/951
f 800/1028/951 794/1027/950 799/1029/952
f 800/1028/951 799/1029/952 804/1030/953
f 804/1030/953 799/1029/952 803/1031/954
f 804/1030/953 803/1031/954 809/1032/955
f 809/1032/955 803/1031/954 810/1033/956
f 809/1032/955 810/1033/956 813/1034/957
f 813/1034/957 810/1033/956 812/1035/958
f 813/1034/957 812/1035/958 816/1036/959
f 816/1036/959 812/1035/958 815/1037/960
f 816/1036/959 815/1037/960 825/1038/961
f 825/1038/961 815/1037/960 826/1039/962
f 825/1038/961 826/1039/962 821/1040/963
f 821/1040/963 826/1039/962 820/1041/964
f 821/1040/963 820/1041/964 829/1042/965
f 829/1042/965 820/1041/964 830/1043/966
f 829/1042/965 830/1043/966 832/1044/967
f 832/1044/967 830/1043/966 831/1045/968
f 832/1044/967 831/1045/968 737/1046/969
f 737/1046/969 831/1045/968 738/1047/970
f 738/1047/970 831/1045/968 830/1043/966
f 738/1047/970 830/1043/966 759/1048/971
f 759/1048/971 830/1043/966 819/1049/972
f 759/1048/971 819/1049/972 434/1050/973
f 434/1050/973 819/1049/972 827/1051/974
f 434/1050/973 827/1051/974 761/1052/975
f 761/1052/975 827/1051/974 826/1039/962
f 761/1052/975 826/1039/962 815/1037/960
f 773/1017/940 678/1015/938 772/1053/976
f 772/1053/976 678/1015/938 677/1054/977
f 772/1053/976 677/1054/977 771/1055/978
f 771/1055/978 677/1054/977 442/1056/979
f 771/1055/978 442/1056/979 775/1057/980
f 775/1057/980 442/1056/979 441/1058/981
f 775/1057/980 441/1058/981 780/1059/982
f 780/1059/982 441/1058/981 440/1060/983
f 780/1059/982 440/1060/983 788/1061/984
f 788/1061/984 440/1060/983 766/1062/985
f 788/1061/984 766/1062/985 787/1063/986
f 787/1063/986 766/1062/985 789/1025/948
f 787/1063/986 789/1025/948 786/1023/946
f 440/1060/983 439/1064/987 766/1062/985
f 766/1062/985 439/1064/987 793/1065/988
f 766/1062/985 793/1065/988 794/1027/950
f 794/1027/950 793/1065/988 799/1029/952
f 439/1064/987 438/1066/989 793/1065/988
f 793/1065/988 438/1066/989 798/1067/990
f 793/1065/988 798/1067/990 799/1029/952
f 799/1029/952 798/1067/990 803/1031/954
f 438/1066/989 437/1068/991 798/1067/990
f 798/1067/990 437/1068/991 802/1069/992
f 798/1067/990 802/1069/992 803/1031/954
f 803/1031/954 802/1069/992 810/1033/956
f 802/1069/992 437/1068/991 764/1070/993
f 764/1070/993 437/1068/991 436/1071/994
f 764/1070/993 436/1071/994 811/1072/995
f 811/1072/995 436/1071/994 435/1073/996
f 811/1072/995 435/1073/996 761/1052/975
f 761/1052/975 435/1073/996 434/1050/973
f 434/1050/973 433/1074/997 759/1048/971
f 759/1048/971 433/1074/997 738/1047/970
f 736/1075/998 835/1076/999 737/1046/969
f 737/1046/969 835/1076/999 833/1077/1000
f 737/1046/969 833/1077/1000 832/1044/967
f 832/1044/967 833/1077/1000 829/1042/965
f 835/1076/999 736/1075/998 836/1078/1001
f 836/1078/1001 736/1075/998 730/1079/1002
f 836/1078/1001 730/1079/1002 732/1080/1003
f 732/1080/1003 758/1081/1004 836/1078/1001
f 836/1078/1001 758/1081/1004 834/1082/1005
f 836/1078/1001 834/1082/1005 833/1077/1000
f 833/1077/1000 834/1082/1005 828/1083/1006
f 833/1077/1000 828/1083/1006 829/1042/965
f 829/1042/965 828/1083/1006 821/1040/963
f 834/1082/1005 758/1081/1004 760/1084/1007
f 760/1084/1007 758/1081/1004 757/1085/1008
f 760/1084/1007 757/1085/1008 823/1086/1009
f 823/1086/1009 757/1085/1008 762/1087/1010
f 823/1086/1009 762/1087/1010 824/1088/1011
f 824/1088/1011 762/1087/1010 817/1089/1012
f 824/1088/1011 817/1089/1012 816/1036/959
f 816/1036/959 817/1089/1012 813/1034/957
f 757/1085/1008 756/1090/1013 762/1087/1010
f 762/1087/1010 756/1090/1013 818/1091/1014
f 762/1087/1010 818/1091/1014 817/1089/1012
f 817/1089/1012 818/1091/1014 814/1092/1015
f 817/1089/1012 814/1092/1015 813/1034/957
f 813/1034/957 814/1092/1015 809/1032/955
f 818/1091/1014 756/1090/1013 763/1093/1016
f 763/1093/1016 756/1090/1013 755/1094/1017
f 763/1093/1016 755/1094/1017 807/1095/1018
f 807/1095/1018 755/1094/1017 754/1096/1019
f 807/1095/1018 754/1096/1019 806/1097/1020
f 806/1097/1020 754/1096/1019 753/1098/1021
f 806/1097/1020 753/1098/1021 765/1099/1022
f 765/1099/1022 753/1098/1021 752/1100/1023
f 765/1099/1022 752/1100/1023 797/1101/1024
f 797/1101/1024 752/1100/1023 792/1102/1025
f 797/1101/1024 792/1102/1025 791/1103/1026
f 791/1103/1026 792/1102/1025 767/1104/1027
f 791/1103/1026 767/1104/1027 785/1022/945
f 785/1022/945 767/1104/1027 783/1020/943
f 752/1100/1023 751/1105/1028 792/1102/1025
f 792/1102/1025 751/1105/1028 767/1104/1027
f 751/1105/1028 750/1106/1029 767/1104/1027
f 767/1104/1027 750/1106/1029 784/1107/1030
f 767/1104/1027 784/1107/1030 783/1020/943
f 783/1020/943 784/1107/1030 778/1018/941
f 750/1106/1029 749/1108/1031 784/1107/1030
f 784/1107/1030 749/1108/1031 779/1109/1032
f 784/1107/1030 779/1109/1032 778/1018/941
f 778/1018/941 779/1109/1032 774/1016/939
f 779/1109/1032 749/1108/1031 768/1110/1033
f 768/1110/1033 749/1108/1031 748/1012/936
f 768/1110/1033 748/1012/936 770/1010/934
f 768/1110/1033 770/1010/934 769/1014/937
f 777/1019/942 773/1017/940 772/1053/976
f 772/1053/976 771/1055/978 776/1111/1034
f 776/1111/1034 771/1055/978 775/1057/980
f 776/1111/1034 775/1057/980 781/1112/1035
f 781/1112/1035 775/1057/980 780/1059/982
f 781/1112/1035 780/1059/982 787/1063/986
f 787/1063/986 780/1059/982 788/1061/984
f 779/1109/1032 768/1110/1033 774/1016/939
f 774/1016/939 768/1110/1033 769/1014/937
f 782/1021/944 777/1019/942 776/1111/1034
f 776/1111/1034 777/1019/942 772/1053/976
f 782/1021/944 776/1111/1034 781/1112/1035
f 786/1023/946 782/1021/944 781/1112/1035
f 786/1023/946 781/1112/1035 787/1063/986
f 791/1103/1026 785/1022/945 790/1024/947
f 794/1027/950 789/1025/948 766/1062/985
f 791/1103/1026 790/1024/947 796/1113/1036
f 796/1113/1036 790/1024/947 795/1026/949
f 796/1113/1036 795/1026/949 801/1114/1037
f 801/1114/1037 795/1026/949 800/1028/951
f 801/1114/1037 800/1028/951 805/1115/1038
f 805/1115/1038 800/1028/951 804/1030/953
f 805/1115/1038 804/1030/953 808/1116/1039
f 808/1116/1039 804/1030/953 809/1032/955
f 808/1116/1039 809/1032/955 814/1092/1015
f 765/1099/1022 797/1101/1024 796/1113/1036
f 796/1113/1036 797/1101/1024 791/1103/1026
f 765/1099/1022 796/1113/1036 801/1114/1037
f 806/1097/1020 765/1099/1022 801/1114/1037
f 806/1097/1020 801/1114/1037 805/1115/1038
f 807/1095/1018 806/1097/1020 805/1115/1038
f 807/1095/1018 805/1115/1038 808/1116/1039
f 807/1095/1018 808/1116/1039 763/1093/1016
f 763/1093/1016 808/1116/1039 814/1092/1015
f 763/1093/1016 814/1092/1015 818/1091/1014
f 810/1033/956 764/1070/993 812/1035/958
f 812/1035/958 764/1070/993 811/1072/995
f 812/1035/958 811/1072/995 815/1037/960
f 815/1037/960 811/1072/995 761/1052/975
f 810/1033/956 802/1069/992 764/1070/993
f 824/1088/1011 816/1036/959 825/1038/961
f 826/1039/962 827/1051/974 820/1041/964
f 820/1041/964 827/1051/974 819/1049/972
f 820/1041/964 819/1049/972 830/1043/966
f 824/1088/1011 825/1038/961 822/1117/1040
f 822/1117/1040 825/1038/961 821/1040/963
f 822/1117/1040 821/1040/963 828/1083/1006
f 760/1084/1007 823/1086/1009 822/1117/1040
f 822/1117/1040 823/1086/1009 824/1088/1011
f 760/1084/1007 822/1117/1040 828/1083/1006
f 760/1084/1007 828/1083/1006 834/1082/1005
f 835/1076/999 836/1078/1001 833/1077/1000
f 837/1118/1041 125/1119/1042 733/1120/1043
f 733/1120/1043 125/1119/1042 124/1121/1044
f 733/1120/1043 124/1121/1044 734/1122/1045
f 734/1122/1045 124/1121/1044 12/1123/1046
f 734/1122/1045 12/1123/1046 11/1124/1047
f 125/1119/1042 837/1118/1041 126/1125/1048
f 126/1125/1048 837/1118/1041 838/1126/1049
f 126/1125/1048 838/1126/1049 127/1127/1050
f 127/1127/1050 838/1126/1049 839/1128/1051
f 127/1127/1050 839/1128/1051 128/1129/1052
f 128/1129/1052 839/1128/1051 840/1130/1053
f 128/1129/1052 840/1130/1053 129/1131/1054
f 129/1131/1054 840/1130/1053 841/1132/1055
f 129/1131/1054 841/1132/1055 130/1133/1056
f 130/1133/1056 841/1132/1055 842/1134/1057
f 130/1133/1056 842/1134/1057 131/1135/1058
f 131/1135/1058 842/1134/1057 843/1136/1059
f 131/1135/1058 843/1136/1059 132/1137/1060
f 132/1137/1060 843/1136/1059 477/1138/1061
f 132/1137/1060 477/1138/1061 133/1139/1062
f 133/1139/1062 477/1138/1061 476/1140/1063
f 133/1139/1062 476/1140/1063 9/1141/3
f 9/1141/3 476/1140/1063 1/1142/1
f 733/1143/1043 735/1144/1064 837/1145/1065
f 837/1145/1065 735/1144/1064 746/1146/1066
f 837/1145/1065 746/1146/1066 852/1147/1067
f 852/1147/1067 746/1146/1066 745/1148/1068
f 852/1147/1067 745/1148/1068 849/1149/1069
f 849/1149/1069 745/1148/1068 851/1150/1070
f 849/1149/1069 851/1150/1070 856/1151/1071
f 856/1151/1071 851/1150/1070 855/1152/1072
f 856/1151/1071 855/1152/1072 861/1153/1073
f 861/1153/1073 855/1152/1072 860/1154/1074
f 861/1153/1073 860/1154/1074 848/1155/1075
f 848/1155/1075 860/1154/1074 865/1156/1076
f 848/1155/1075 865/1156/1076 870/1157/1077
f 870/1157/1077 865/1156/1076 869/1158/1078
f 870/1157/1077 869/1158/1078 875/1159/1079
f 875/1159/1079 869/1158/1078 874/1160/1080
f 875/1159/1079 874/1160/1080 880/1161/1081
f 880/1161/1081 874/1160/1080 879/1162/1082
f 880/1161/1081 879/1162/1082 847/1163/1083
f 847/1163/1083 879/1162/1082 883/1164/1084
f 847/1163/1083 883/1164/1084 886/1165/1085
f 886/1165/1085 883/1164/1084 885/1166/1086
f 886/1165/1085 885/1166/1086 888/1167/1087
f 888/1167/1087 885/1166/1086 671/1168/1088
f 888/1167/1087 671/1168/1088 670/1169/1089
f 745/1148/1068 744/1170/1090 851/1150/1070
f 851/1150/1070 744/1170/1090 850/1171/1091
f 851/1150/1070 850/1171/1091 855/1152/1072
f 855/1152/1072 850/1171/1091 854/1172/1092
f 855/1152/1072 854/1172/1092 860/1154/1074
f 860/1154/1074 854/1172/1092 859/1173/1093
f 860/1154/1074 859/1173/1093 865/1156/1076
f 865/1156/1076 859/1173/1093 864/1174/1094
f 865/1156/1076 864/1174/1094 869/1158/1078
f 869/1158/1078 864/1174/1094 868/1175/1095
f 869/1158/1078 868/1175/1095 874/1160/1080
f 874/1160/1080 868/1175/1095 873/1176/1096
f 874/1160/1080 873/1176/1096 879/1162/1082
f 879/1162/1082 873/1176/1096 878/1177/1097
f 879/1162/1082 878/1177/1097 883/1164/1084
f 883/1164/1084 878/1177/1097 882/1178/1098
f 883/1164/1084 882/1178/1098 885/1166/1086
f 885/1166/1086 882/1178/1098 884/1179/1099
f 885/1166/1086 884/1179/1099 671/1168/1088
f 671/1168/1088 884/1179/1099 672/1180/1100
f 672/1180/1100 884/1179/1099 881/1181/1101
f 672/1180/1100 881/1181/1101 876/1182/1102
f 876/1182/1102 881/1181/1101 877/1183/1103
f 876/1182/1102 877/1183/1103 871/1184/1104
f 871/1184/1104 877/1183/1103 872/1185/1105
f 871/1184/1104 872/1185/1105 866/1186/1106
f 866/1186/1106 872/1185/1105 867/1187/1107
f 866/1186/1106 867/1187/1107 862/1188/1108
f 862/1188/1108 867/1187/1107 863/1189/1109
f 862/1188/1108 863/1189/1109 857/1190/1110
f 857/1190/1110 863/1189/1109 858/1191/1111
f 857/1190/1110 858/1191/1111 742/1192/1112
f 742/1192/1112 858/1191/1111 853/1193/1113
f 742/1192/1112 853/1193/1113 743/1194/1114
f 743/1194/1114 853/1193/1113 854/1172/1092
f 743/1194/1114 854/1172/1092 850/1171/1091
f 744/1170/1090 743/1194/1114 850/1171/1091
f 742/1192/1112 741/1195/1115 857/1190/1110
f 857/1190/1110 741/1195/1115 862/1188/1108
f 741/1195/1115 740/1196/1116 862/1188/1108
f 862/1188/1108 740/1196/1116 866/1186/1106
f 740/1196/1116 739/1197/1117 866/1186/1106
f 866/1186/1106 739/1197/1117 844/1198/1118
f 866/1186/1106 844/1198/1118 845/1199/1119
f 845/1199/1119 676/1200/1120 866/1186/1106
f 866/1186/1106 676/1200/1120 871/1184/1104
f 676/1200/1120 675/1201/1121 871/1184/1104
f 871/1184/1104 675/1201/1121 674/1202/1122
f 871/1184/1104 674/1202/1122 876/1182/1102
f 876/1182/1102 674/1202/1122 673/1203/1123
f 876/1182/1102 673/1203/1123 672/1180/1100
f 669/1204/1124 891/1205/1125 670/1169/1089
f 670/1169/1089 891/1205/1125 889/1206/1126
f 670/1169/1089 889/1206/1126 888/1167/1087
f 888/1167/1087 889/1206/1126 886/1165/1085
f 478/1207/1127 846/1208/1128 669/1204/1124
f 669/1204/1124 846/1208/1128 892/1209/1129
f 669/1204/1124 892/1209/1129 891/1205/1125
f 891/1205/1125 892/1209/1129 889/1206/1126
f 478/1207/1127 477/1210/1061 846/1208/1128
f 846/1208/1128 477/1210/1061 843/1211/1130
f 846/1208/1128 843/1211/1130 892/1209/1129
f 892/1209/1129 843/1211/1130 890/1212/1131
f 892/1209/1129 890/1212/1131 889/1206/1126
f 889/1206/1126 890/1212/1131 887/1213/1132
f 889/1206/1126 887/1213/1132 886/1165/1085
f 886/1165/1085 887/1213/1132 847/1163/1083
f 843/1211/1130 842/1214/1133 890/1212/1131
f 890/1212/1131 842/1214/1133 887/1213/1132
f 887/1213/1132 842/1214/1133 847/1163/1083
f 847/1163/1083 842/1214/1133 841/1215/1134
f 847/1163/1083 841/1215/1134 880/1161/1081
f 880/1161/1081 841/1215/1134 875/1159/1079
f 841/1215/1134 840/1216/1135 875/1159/1079
f 875/1159/1079 840/1216/1135 870/1157/1077
f 870/1157/1077 840/1216/1135 848/1155/1075
f 848/1155/1075 840/1216/1135 839/1217/1136
f 848/1155/1075 839/1217/1136 861/1153/1073
f 861/1153/1073 839/1217/1136 838/1218/1137
f 861/1153/1073 838/1218/1137 856/1151/1071
f 856/1151/1071 838/1218/1137 849/1149/1069
f 838/1218/1137 837/1145/1065 849/1149/1069
f 849/1149/1069 837/1145/1065 852/1147/1067
f 859/1173/1093 854/1172/1092 853/1193/1113
f 864/1174/1094 859/1173/1093 858/1191/1111
f 858/1191/1111 859/1173/1093 853/1193/1113
f 864/1174/1094 858/1191/1111 863/1189/1109
f 868/1175/1095 864/1174/1094 863/1189/1109
f 868/1175/1095 863/1189/1109 867/1187/1107
f 873/1176/1096 868/1175/1095 867/1187/1107
f 873/1176/1096 867/1187/1107 872/1185/1105
f 878/1177/1097 873/1176/1096 872/1185/1105
f 878/1177/1097 872/1185/1105 877/1183/1103
f 882/1178/1098 878/1177/1097 877/1183/1103
f 882/1178/1098 877/1183/1103 881/1181/1101
f 884/1179/1099 882/1178/1098 881/1181/1101
f 689/1219/1138 685/1220/843 499/1221/600
f 499/1221/600 685/1220/843 433/1222/1139
f 499/1221/600 433/1222/1139 906/1223/1140
f 906/1223/1140 433/1222/1139 905/1224/1141
f 905/1224/1141 433/1222/1139 442/1225/1142
f 905/1224/1141 442/1225/1142 904/1226/1143
f 904/1226/1143 442/1225/1142 903/1227/1144
f 903/1227/1144 442/1225/1142 676/1228/1145
f 903/1227/1144 676/1228/1145 902/1229/1146
f 902/1229/1146 676/1228/1145 580/1230/703
f 902/1229/1146 580/1230/703 901/1231/1147
f 901/1231/1147 580/1230/703 921/1232/1148
f 901/1231/1147 921/1232/1148 900/1233/1149
f 900/1233/1149 921/1232/1148 922/1234/1150
f 900/1233/1149 922/1234/1150 899/1235/1151
f 899/1235/1151 922/1234/1150 923/1236/1152
f 899/1235/1151 923/1236/1152 898/1237/1153
f 898/1237/1153 923/1236/1152 924/1238/1154
f 898/1237/1153 924/1238/1154 897/1239/1155
f 897/1239/1155 924/1238/1154 925/1240/1156
f 897/1239/1155 925/1240/1156 896/1241/1157
f 896/1241/1157 925/1240/1156 926/1242/1158
f 896/1241/1157 926/1242/1158 895/1243/1159
f 895/1243/1159 926/1242/1158 927/1244/1160
f 895/1243/1159 927/1244/1160 894/1245/1161
f 894/1245/1161 927/1244/1160 928/1246/1162
f 894/1245/1161 928/1246/1162 893/1247/1163
f 893/1247/1163 928/1246/1162 911/1248/1164
f 893/1247/1163 911/1248/1164 500/1249/598
f 500/1249/598 911/1248/1164 912/1250/1165
f 500/1249/598 912/1250/1165 946/1251/1166
f 946/1251/1166 912/1250/1165 945/1252/1167
f 945/1252/1167 912/1250/1165 913/1253/1168
f 945/1252/1167 913/1253/1168 944/1254/1169
f 944/1254/1169 913/1253/1168 914/1255/1170
f 944/1254/1169 914/1255/1170 943/1256/1171
f 943/1256/1171 914/1255/1170 915/1257/1172
f 943/1256/1171 915/1257/1172 942/1258/1173
f 942/1258/1173 915/1257/1172 916/1259/1174
f 942/1258/1173 916/1259/1174 941/1260/1175
f 941/1260/1175 916/1259/1174 917/1261/1176
f 941/1260/1175 917/1261/1176 940/1262/1177
f 940/1262/1177 917/1261/1176 918/1263/1178
f 940/1262/1177 918/1263/1178 939/1264/1179
f 939/1264/1179 918/1263/1178 919/1265/1180
f 939/1264/1179 919/1265/1180 555/1266/664
f 555/1266/664 919/1265/1180 920/1267/1181
f 555/1266/664 920/1267/1181 580/1230/703
f 580/1230/703 920/1267/1181 921/1232/1148
f 689/1219/1138 688/1268/1182 685/1220/843
f 685/1220/843 688/1268/1182 687/1269/1183
f 685/1220/843 687/1269/1183 686/1270/1184
f 676/1228/1145 739/1271/1185 580/1230/703
f 580/1230/703 739/1271/1185 619/1272/740
f 619/1272/740 739/1271/1185 636/1273/766
f 619/1272/740 636/1273/766 632/1274/1186
f 632/1274/1186 636/1273/766 633/1275/1187
f 633/1275/1187 636/1273/766 634/1276/1188
f 634/1276/1188 636/1273/766 635/1277/1189
f 580/1230/703 579/1278/1190 555/1266/664
f 555/1266/664 579/1278/1190 578/1279/1191
f 555/1266/664 578/1279/1191 577/1280/1192
f 516/1281/628 935/1282/1193 555/1266/664
f 555/1266/664 935/1282/1193 936/1283/1194
f 555/1266/664 936/1283/1194 937/1284/1195
f 515/1285/1196 514/1286/1197 516/1281/628
f 516/1281/628 514/1286/1197 513/1287/1198
f 516/1281/628 513/1287/1198 500/1249/598
f 500/1249/598 499/1221/600 893/1247/1163
f 893/1247/1163 499/1221/600 910/1288/1199
f 910/1288/1199 499/1221/600 909/1289/1200
f 909/1289/1200 499/1221/600 908/1290/1201
f 908/1290/1201 499/1221/600 907/1291/1202
f 907/1291/1202 499/1221/600 906/1223/1140
f 946/1251/1166 929/1292/1203 500/1249/598
f 500/1249/598 929/1292/1203 930/1293/1204
f 500/1249/598 930/1293/1204 931/1294/1205
f 931/1294/1205 932/1295/1206 500/1249/598
f 500/1249/598 932/1295/1206 933/1296/1207
f 500/1249/598 933/1296/1207 516/1281/628
f 516/1281/628 933/1296/1207 934/1297/1208
f 516/1281/628 934/1297/1208 935/1282/1193
f 937/1284/1195 938/1298/1209 555/1266/664
f 555/1266/664 938/1298/1209 939/1264/1179
f 947/1299/1210 948/1300/1211 963/1301/1212
f 963/1301/1212 948/1300/1211 962/1302/1213
f 962/1302/1213 948/1300/1211 949/1303/1214
f 962/1302/1213 949/1303/1214 961/1304/1215
f 961/1304/1215 949/1303/1214 950/1305/1216
f 961/1304/1215 950/1305/1216 960/1306/1217
f 960/1306/1217 950/1305/1216 951/1307/1218
f 960/1306/1217 951/1307/1218 959/1308/1219
f 959/1308/1219 951/1307/1218 952/1309/1220
f 959/1308/1219 952/1309/1220 958/1310/1221
f 958/1310/1221 952/1309/1220 953/1311/1222
f 958/1310/1221 953/1311/1222 957/1312/1223
f 957/1312/1223 953/1311/1222 954/1313/1224
f 957/1312/1223 954/1313/1224 956/1314/1225
f 956/1314/1225 954/1313/1224 955/1315/1226
f 963/1316/1227 894/1317/1228 947/1318/1229
f 947/1318/1229 894/1317/1228 893/1319/1230
f 947/1320/1229 893/1321/1230 910/1322/1231
f 894/1317/1228 963/1316/1227 895/1323/1232
f 895/1323/1232 963/1316/1227 962/1324/1233
f 895/1323/1232 962/1324/1233 896/1325/1234
f 896/1325/1234 962/1324/1233 961/1326/1235
f 896/1325/1234 961/1326/1235 897/1327/1236
f 897/1327/1236 961/1326/1235 960/1328/1237
f 897/1327/1236 960/1328/1237 898/1329/1238
f 898/1329/1238 960/1328/1237 959/1330/1239
f 898/1329/1238 959/1330/1239 899/1331/1240
f 899/1331/1240 959/1330/1239 958/1332/1241
f 899/1331/1240 958/1332/1241 900/1333/1242
f 900/1333/1242 958/1332/1241 957/1334/1243
f 900/1333/1242 957/1334/1243 901/1335/1244
f 901/1335/1244 957/1334/1243 956/1336/1245
f 901/1335/1244 956/1336/1245 902/1337/1246
f 902/1337/1246 956/1336/1245 955/1338/1247
f 902/1337/1246 955/1338/1247 903/1339/1248
f 903/1339/1248 955/1338/1247 954/1340/1249
f 903/1339/1248 954/1340/1249 904/1341/1250
f 904/1341/1250 954/1340/1249 953/1342/1251
f 904/1341/1250 953/1342/1251 905/1343/1252
f 905/1343/1252 953/1342/1251 952/1344/1253
f 905/1343/1252 952/1344/1253 906/1345/1254
f 906/1345/1254 952/1344/1253 951/1346/1255
f 906/1345/1254 951/1346/1255 907/1347/1256
f 907/1347/1256 951/1346/1255 950/1348/1257
f 907/1347/1256 950/1348/1257 908/1349/1258
f 908/1349/1258 950/1348/1257 949/1350/1259
f 908/1349/1258 949/1350/1259 909/1351/1260
f 909/1351/1260 949/1350/1259 948/1352/1261
f 909/1351/1260 948/1352/1261 910/1322/1231
f 910/1322/1231 948/1352/1261 947/1320/1229
f 965/1353/1262 912/1354/1263 964/1355/1264
f 964/1355/1264 912/1354/1263 911/1356/1265
f 964/1357/1264 911/1358/1265 928/1359/1266
f 912/1354/1263 965/1353/1262 913/1360/1267
f 913/1360/1267 965/1353/1262 966/1361/1268
f 913/1360/1267 966/1361/1268 914/1362/1269
f 914/1362/1269 966/1361/1268 967/1363/1270
f 914/1362/1269 967/1363/1270 915/1364/1271
f 915/1364/1271 967/1363/1270 968/1365/1272
f 915/1364/1271 968/1365/1272 916/1366/1273
f 916/1366/1273 968/1365/1272 969/1367/1274
f 916/1366/1273 969/1367/1274 917/1368/1275
f 917/1368/1275 969/1367/1274 970/1369/1276
f 917/1368/1275 970/1369/1276 918/1370/1277
f 918/1370/1277 970/1369/1276 971/1371/1278
f 918/1370/1277 971/1371/1278 919/1372/1279
f 919/1372/1279 971/1371/1278 972/1373/1280
f 919/1372/1279 972/1373/1280 920/1374/1281
f 920/1374/1281 972/1373/1280 973/1375/1282
f 920/1374/1281 973/1375/1282 921/1376/1283
f 921/1376/1283 973/1375/1282 974/1377/1284
f 921/1376/1283 974/1377/1284 922/1378/1285
f 922/1378/1285 974/1377/1284 975/1379/1286
f 922/1378/1285 975/1379/1286 923/1380/1287
f 923/1380/1287 975/1379/1286 976/1381/1288
f 923/1380/1287 976/1381/1288 924/1382/1289
f 924/1382/1289 976/1381/1288 977/1383/1290
f 924/1382/1289 977/1383/1290 925/1384/1291
f 925/1384/1291 977/1383/1290 978/1385/1292
f 925/1384/1291 978/1385/1292 926/1386/1293
f 926/1386/1293 978/1385/1292 979/1387/1294
f 926/1386/1293 979/1387/1294 927/1388/1295
f 927/1388/1295 979/1387/1294 980/1389/1296
f 927/1388/1295 980/1389/1296 928/1359/1266
f 928/1359/1266 980/1389/1296 964/1357/1264
f 965/1390/1297 964/1391/1298 981/1392/1299
f 981/1392/1299 964/1391/1298 980/1393/1300
f 981/1392/1299 980/1393/1300 995/1394/1301
f 995/1394/1301 980/1393/1300 979/1395/1302
f 995/1394/1301 979/1395/1302 994/1396/1303
f 994/1396/1303 979/1395/1302 978/1397/1304
f 994/1396/1303 978/1397/1304 993/1398/1305
f 993/1398/1305 978/1397/1304 977/1399/1306
f 993/1398/1305 977/1399/1306 992/1400/1307
f 992/1400/1307 977/1399/1306 976/1401/1308
f 992/1400/1307 976/1401/1308 991/1402/1309
f 991/1402/1309 976/1401/1308 975/1403/1310
f 991/1402/1309 975/1403/1310 990/1404/1311
f 990/1404/1311 975/1403/1310 974/1405/1312
f 990/1404/1311 974/1405/1312 989/1406/1313
f 989/1406/1313 974/1405/1312 973/1407/1314
f 989/1406/1313 973/1407/1314 972/1408/1315
f 989/1406/1313 972/1408/1315 988/1409/1316
f 988/1409/1316 972/1408/1315 971/1410/1317
f 988/1409/1316 971/1410/1317 987/1411/1318
f 987/1411/1318 971/1410/1317 970/1412/1319
f 987/1411/1318 970/1412/1319 986/1413/1320
f 986/1413/1320 970/1412/1319 969/1414/1321
f 986/1413/1320 969/1414/1321 985/1415/1322
f 985/1415/1322 969/1414/1321 968/1416/1323
f 985/1415/1322 968/1416/1323 984/1417/1324
f 984/1417/1324 968/1416/1323 967/1418/1325
f 984/1417/1324 967/1418/1325 983/1419/1326
f 983/1419/1326 967/1418/1325 966/1420/1327
f 983/1419/1326 966/1420/1327 982/1421/1328
f 982/1421/1328 966/1420/1327 965/1390/1297
f 982/1421/1328 965/1390/1297 981/1392/1299
f 996/1422/1329 997/1423/1330 1012/1424/1331
f 1012/1424/1331 997/1423/1330 1011/1425/1332
f 1011/1425/1332 997/1423/1330 998/1426/1333
f 1011/1425/1332 998/1426/1333 1010/1427/1334
f 1010/1427/1334 998/1426/1333 999/1428/1335
f 1010/1427/1334 999/1428/1335 1009/1429/1336
f 1009/1429/1336 999/1428/1335 1000/1430/1337
f 1009/1429/1336 1000/1430/1337 1008/1431/1338
f 1008/1431/1338 1000/1430/1337 1001/1432/1339
f 1008/1431/1338 1001/1432/1339 1007/1433/1340
f 1007/1433/1340 1001/1432/1339 1002/1434/1341
f 1007/1433/1340 1002/1434/1341 1006/1435/1342
f 1006/1435/1342 1002/1434/1341 1003/1436/1343
f 1006/1435/1342 1003/1436/1343 1005/1437/1344
f 1005/1437/1344 1003/1436/1343 1004/1438/1345
f 1012/1439/1346 930/1440/1347 996/1441/1348
f 996/1441/1348 930/1440/1347 929/1442/1349
f 996/1443/1348 929/1444/1349 946/1445/1350
f 930/1440/1347 1012/1439/1346 931/1446/1351
f 931/1446/1351 1012/1439/1346 1011/1447/1352
f 931/1446/1351 1011/1447/1352 932/1448/1353
f 932/1448/1353 1011/1447/1352 1010/1449/1354
f 932/1448/1353 1010/1449/1354 933/1450/1355
f 933/1450/1355 1010/1449/1354 1009/1451/1356
f 933/1450/1355 1009/1451/1356 934/1452/1357
f 934/1452/1357 1009/1451/1356 1008/1453/1358
f 934/1452/1357 1008/1453/1358 935/1454/1359
f 935/1454/1359 1008/1453/1358 1007/1455/1360
f 935/1454/1359 1007/1455/1360 936/1456/1361
f 936/1456/1361 1007/1455/1360 1006/1457/1362
f 936/1456/1361 1006/1457/1362 937/1458/1363
f 937/1458/1363 1006/1457/1362 1005/1459/1364
f 937/1458/1363 1005/1459/1364 938/1460/1365
f 938/1460/1365 1005/1459/1364 1004/1461/1366
f 938/1460/1365 1004/1461/1366 939/1462/1367
f 939/1462/1367 1004/1461/1366 1003/1463/1368
f 939/1462/1367 1003/1463/1368 940/1464/1369
f 940/1464/1369 1003/1463/1368 1002/1465/1370
f 940/1464/1369 1002/1465/1370 941/1466/1371
f 941/1466/1371 1002/1465/1370 1001/1467/1372
f 941/1466/1371 1001/1467/1372 942/1468/1373
f 942/1468/1373 1001/1467/1372 1000/1469/1374
f 942/1468/1373 1000/1469/1374 943/1470/1375
f 943/1470/1375 1000/1469/1374 999/1471/1376
f 943/1470/1375 999/1471/1376 944/1472/1377
f 944/1472/1377 999/1471/1376 998/1473/1378
f 944/1472/1377 998/1473/1378 945/1474/1379
f 945/1474/1379 998/1473/1378 997/1475/1380
f 945/1474/1379 997/1475/1380 946/1445/1350
f 946/1445/1350 997/1475/1380 996/1443/1348
# 1012 vertices
# 1475 texture params
# 1380 normals
# 1983 facets

# 1 groups
